index,label,split,p_yes,p_no,pred_yes,saw_yes,saw_no
0,1.0,train,0.9999611688862257,3.883111377437077e-05,1,1,1
1,0.0,train,0.013428257110884412,0.9865717428891156,0,1,1
2,0.0,train,0.02595736021183377,0.9740426397881662,0,1,1
3,1.0,train,0.950410972099931,0.04958902790006903,1,1,1
4,0.0,dev,0.5813031051514762,0.41869689484852374,1,1,1
5,1.0,train,0.9999702268858377,2.9773114162285817e-05,1,1,1
6,1.0,train,0.9994557866565175,0.0005442133434825265,1,1,1
7,1.0,train,0.9999850289151362,1.4971084863814223e-05,1,1,1
8,0.0,train,0.9961755170082325,0.0038244829917673984,1,1,1
9,1.0,train,0.9956684985578195,0.004331501442180508,1,1,1
10,0.0,dev,0.7279754489059775,0.2720245510940225,1,1,1
11,1.0,dev,0.9284087985746093,0.07159120142539066,1,1,1
12,0.0,train,0.0004878572099753667,0.9995121427900245,0,1,1
13,1.0,train,0.4610167645017354,0.5389832354982645,0,1,1
14,1.0,train,0.9999978431837948,2.156816205265531e-06,1,1,1
15,0.0,train,0.7431680086124811,0.25683199138751883,1,1,1
16,0.0,train,0.4610167793123159,0.5389832206876841,0,1,1
17,1.0,train,0.9334308147331958,0.06656918526680433,1,1,1
18,0.0,dev,0.21206879439743004,0.7879312056025699,0,1,1
19,1.0,train,0.8705972650509008,0.12940273494909915,1,1,1
20,1.0,train,0.9987934104224379,0.001206589577562193,1,1,1
21,0.0,test,1.4971088600458438e-05,0.9999850289113995,0,1,1
22,0.0,train,0.9985674631601572,0.00143253683984271,1,1,1
23,0.0,train,0.002981032198393794,0.9970189678016063,0,1,1
24,1.0,train,0.9999914696761599,8.530323840122163e-06,1,1,1
25,0.0,dev,0.5736784074525096,0.4263215925474903,1,1,1
26,0.0,train,0.0534033328129234,0.9465966671870767,0,1,1
27,0.0,train,0.000234135852681026,0.9997658641473188,0,1,1
28,1.0,train,0.9999879703559412,1.2029644058840846e-05,1,1,1
29,1.0,train,0.8104789086703224,0.18952109132967757,1,1,1
30,0.0,train,0.6187804478040616,0.38121955219593834,1,1,1
31,0.0,train,0.19930799790404563,0.8006920020959544,0,1,1
32,0.0,train,0.3208213138121609,0.6791786861878392,0,1,1
33,1.0,train,0.9999925887181679,7.411281832210865e-06,1,1,1
34,0.0,train,0.00013135175792452944,0.9998686482420754,0,1,1
35,0.0,train,0.934395161627477,0.06560483837252305,1,1,1
36,0.0,train,0.3486451217982255,0.6513548782017746,0,1,1
37,1.0,train,0.9994207083322354,0.0005792916677646421,1,1,1
38,1.0,train,0.7826624738835051,0.21733752611649484,1,1,1
39,0.0,train,0.02800752060598813,0.9719924793940118,0,1,1
40,0.0,train,1.4510484608876135e-05,0.9999854895153911,0,1,1
41,0.0,train,0.10087862813632466,0.8991213718636752,0,1,1
42,0.0,train,0.9994207083796844,0.0005792916203154949,1,1,1
43,1.0,train,0.9999452402444744,5.475975552555573e-05,1,1,1
44,0.0,dev,0.9996898439428286,0.00031015605717151775,1,1,1
45,1.0,train,0.9999942280776261,5.771922373876736e-06,1,1,1
46,0.0,train,0.6076631698328917,0.3923368301671084,1,1,1
47,1.0,train,0.9994725217072792,0.0005274782927207651,1,1,1
48,0.0,train,0.04813676838557257,0.9518632316144274,0,1,1
49,1.0,dev,0.9999830355687497,1.6964431250269597e-05,1,1,1
50,1.0,dev,0.0033244374841350996,0.9966755625158649,0,1,1
51,1.0,dev,0.5851011542032312,0.41489884579676883,1,1,1
52,0.0,train,0.002550912345457534,0.9974490876545425,0,1,1
53,0.0,train,0.009559397371909419,0.9904406026280905,0,1,1
54,0.0,train,0.0003053489957931664,0.9996946510042068,0,1,1
55,0.0,train,0.0008295891883591028,0.9991704108116409,0,1,1
56,1.0,train,0.9925393560395172,0.007460643960482937,1,1,1
57,1.0,train,0.9997040429900937,0.000295957009906308,1,1,1
58,1.0,train,0.9995826841802714,0.0004173158197287206,1,1,1
59,0.0,train,0.07696083569602613,0.9230391643039738,0,1,1
60,0.0,train,0.9987744323783371,0.0012255676216630298,1,1,1
61,1.0,train,0.9999531611016177,4.6838898382428414e-05,1,1,1
62,0.0,train,0.6113819591324418,0.38861804086755836,1,1,1
63,1.0,train,0.999997739675921,2.260324078974611e-06,1,1,1
64,1.0,train,0.9982453855116007,0.0017546144883992375,1,1,1
65,0.0,train,0.0034296046371119103,0.996570395362888,0,1,1
66,0.0,train,0.0076956478611417455,0.9923043521388583,0,1,1
67,1.0,train,0.999464219409786,0.0005357805902139819,1,1,1
68,1.0,test,0.999972891201866,2.7108798134038893e-05,1,1,1
69,1.0,train,0.9073122238669026,0.09268777613309748,1,1,1
70,1.0,train,0.9825575156468642,0.01744248435313573,1,1,1
71,1.0,train,0.9932024669908891,0.006797533009110998,1,1,1
72,1.0,train,0.9910145725079968,0.008985427492003045,1,1,1
73,0.0,train,0.14033624949008322,0.8596637505099167,0,1,1
74,0.0,train,0.986571747626947,0.01342825237305304,1,1,1
75,0.0,train,0.0006986757497161216,0.999301324250284,0,1,1
76,1.0,train,0.5156199157230156,0.48438008427698437,1,1,1
77,0.0,train,0.9999673007117169,3.2699288283206e-05,1,1,1
78,1.0,train,0.9992791620599875,0.000720837940012569,1,1,1
79,1.0,train,0.9999935609612651,6.439038734790811e-06,1,1,1
80,0.0,dev,0.9999745335857124,2.5466414287596697e-05,1,1,1
81,0.0,dev,0.9943580914999767,0.00564190850002335,1,1,1
82,0.0,train,3.071819277832009e-05,0.9999692818072218,0,1,1
83,0.0,train,0.0007321812616608614,0.9992678187383391,0,1,1
84,1.0,train,0.9994207083602735,0.0005792916397265092,1,1,1
85,1.0,train,0.05419872524007487,0.9458012747599251,0,1,1
86,1.0,train,0.9997305208464483,0.00026947915355162035,1,1,1
87,1.0,train,0.9960545939839468,0.003945406016053065,1,1,1
88,0.0,train,0.981453434267304,0.01854656573269608,1,1,1
89,1.0,dev,0.995866031142719,0.004133968857280874,1,1,1
90,0.0,train,0.9787126488274566,0.021287351172543503,1,1,1
91,0.0,train,0.7879312056025699,0.21206879439743004,1,1,1
92,0.0,dev,0.6150878414043816,0.3849121585956185,1,1,1
93,1.0,test,0.9999970519838914,2.948016108662964e-06,1,1,1
94,1.0,train,0.9999847931658606,1.520683413928471e-05,1,1,1
95,0.0,train,0.0018386651236013548,0.9981613348763986,0,1,1
96,0.0,train,0.9981613350131381,0.0018386649868620145,1,1,1
97,1.0,train,0.9997901169321214,0.0002098830678786375,1,1,1
98,0.0,train,0.9840936102708402,0.015906389729159958,1,1,1
99,1.0,train,0.9961755159011926,0.0038244840988075806,1,1,1
100,0.0,train,0.9111797088058518,0.08882029119414814,1,1,1
101,1.0,train,0.9481545392102521,0.0518454607897478,1,1,1
102,0.0,train,0.9982992773355684,0.0017007226644316852,1,1,1
103,0.0,train,0.0003199981201366739,0.9996800018798633,0,1,1
104,0.0,train,0.009125637928147199,0.9908743620718528,0,1,1
105,0.0,train,0.9840936066554105,0.015906393344589397,1,1,1
106,1.0,train,0.9999339478758132,6.605212418668959e-05,1,1,1
107,1.0,train,0.9999124970134756,8.750298652446528e-05,1,1,1
108,1.0,train,0.9780517475646369,0.021948252435363115,1,1,1
109,0.0,train,0.09401016946324747,0.9059898305367525,0,1,1
110,0.0,dev,0.001987774035016325,0.9980122259649836,0,1,1
111,1.0,train,0.6261241632752915,0.3738758367247084,1,1,1
112,1.0,train,0.9950177297894126,0.004982270210587415,1,1,1
113,1.0,train,0.9998088957652654,0.0001911042347345316,1,1,1
114,0.0,train,0.8774767874818407,0.12252321251815919,1,1,1
115,0.0,train,0.2094696714602651,0.7905303285397349,0,1,1
116,1.0,dev,0.9986329744153709,0.0013670255846290889,1,1,1
117,1.0,dev,0.998774432633697,0.0012255673663030717,1,1,1
118,0.0,train,0.003172683219498529,0.9968273167805015,0,1,1
119,0.0,train,0.9993929243517536,0.0006070756482463088,1,1,1
120,1.0,test,0.9648551515780319,0.03514484842196812,1,1,1
121,1.0,train,0.9998579763724662,0.00014202362753388013,1,1,1
122,1.0,train,0.9748211604938802,0.025178839506119776,1,1,1
123,0.0,train,0.0017821966404800037,0.99821780335952,0,1,1
124,0.0,train,0.5813030906443133,0.41869690935568665,1,1,1
125,1.0,train,0.9999359799254031,6.402007459687478e-05,1,1,1
126,0.0,train,0.9835969653201024,0.016403034679897597,1,1,1
127,0.0,train,0.00040448158218937493,0.9995955184178106,0,1,1
128,0.0,train,0.25683200276421697,0.743167997235783,0,1,1
129,1.0,train,0.9975656180457749,0.0024343819542251097,1,1,1
130,1.0,train,0.9999967112510938,3.288748906190941e-06,1,1,1
131,1.0,train,0.9999977040813771,2.2959186228056604e-06,1,1,1
132,1.0,train,0.9207896682831525,0.07921033171684741,1,1,1
133,0.0,train,4.539788223144138e-05,0.9999546021177685,0,1,1
134,1.0,train,0.99915735783552,0.0008426421644800821,1,1,1
135,0.0,train,6.339210781821636e-06,0.9999936607892181,0,1,1
136,0.0,train,0.3960681662740417,0.6039318337259583,0,1,1
137,1.0,train,0.9984512388481055,0.0015487611518944708,1,1,1
138,1.0,train,0.9999251537521368,7.48462478632371e-05,1,1,1
139,1.0,train,0.9999768125177445,2.318748225545932e-05,1,1,1
140,1.0,train,0.7577943712746406,0.24220562872535945,1,1,1
141,0.0,train,0.024423086503666983,0.9755769134963331,0,1,1
142,0.0,train,0.9996430293131179,0.00035697068688209907,1,1,1
143,1.0,dev,0.9752018405251303,0.024798159474869803,1,1,1
144,0.0,train,0.30404167496654744,0.6959583250334526,0,1,1
145,0.0,train,0.1384617870138417,0.8615382129861582,0,1,1
146,0.0,dev,0.31742626558767584,0.682573734412324,0,1,1
147,0.0,train,0.6297746074044134,0.3702253925955866,1,1,1
148,1.0,train,0.9263037302939515,0.07369626970604846,1,1,1
149,0.0,train,0.0005614787461400804,0.99943852125386,0,1,1
150,0.0,test,0.7577943767446201,0.24220562325537975,1,1,1
151,0.0,dev,0.9954615681405626,0.004538431859437341,1,1,1
152,1.0,train,0.665410558746814,0.33458944125318596,1,1,1
153,0.0,train,0.0005703156391301837,0.9994296843608699,0,1,1
154,0.0,train,0.001225567229503116,0.9987744327704969,0,1,1
155,0.0,train,0.012624949281564409,0.9873750507184357,0,1,1
156,1.0,train,0.9999879703663379,1.2029633662141826e-05,1,1,1
157,0.0,train,0.001098731236468455,0.9989012687635315,0,1,1
158,1.0,train,0.9693241974031599,0.030675802596840124,1,1,1
159,1.0,train,0.9996017868930721,0.0003982131069279096,1,1,1
160,1.0,train,0.9999954340300712,4.565969928760885e-06,1,1,1
161,1.0,train,0.9875683475003261,0.012431652499674001,1,1,1
162,1.0,train,0.9990600560213855,0.0009399439786144921,1,1,1
163,0.0,train,0.9935117289144836,0.006488271085516308,1,1,1
164,1.0,train,0.9988486006271189,0.001151399372881078,1,1,1
165,0.0,dev,0.5964331319177487,0.4035668680822513,1,1,1
166,1.0,test,0.9965703965597386,0.0034296034402613185,1,1,1
167,0.0,train,0.0002653023373756442,0.9997346976626243,0,1,1
168,,,1.4285519778771166e-05,0.9999857144802211,0,1,1
169,0.0,train,0.29746995506106744,0.7025300449389326,0,1,1
170,0.0,train,0.37754066879814546,0.6224593312018546,0,1,1
171,1.0,train,0.9997997261497378,0.00020027385026214872,1,1,1
172,1.0,train,0.9999111191872628,8.888081273711249e-05,1,1,1
173,0.0,train,7.368589687366524e-05,0.9999263141031263,0,1,1
174,1.0,train,0.12252322213041655,0.8774767778695834,0,1,1
175,0.0,train,8.220186048903172e-05,0.999917798139511,0,1,1
176,0.0,test,0.009412589448671507,0.9905874105513286,0,1,1
177,0.0,train,0.17781087383497526,0.8221891261650248,0,1,1
178,1.0,dev,0.9994207082394939,0.000579291760506168,1,1,1
179,0.0,train,0.45326184801538616,0.5467381519846138,0,1,1
180,1.0,train,0.5888891451980403,0.41111085480195975,1,1,1
181,1.0,train,0.916109605573049,0.0838903944269509,1,1,1
182,1.0,train,0.999820472002569,0.00017952799743107647,1,1,1
183,0.0,test,0.9999485578098279,5.144219017205382e-05,1,1,1
184,1.0,train,0.02333077016665843,0.9766692298333416,0,1,1
185,1.0,train,0.9773708011204604,0.02262919887953962,1,1,1
186,1.0,train,0.2422056177854002,0.7577943822145998,0,1,1
187,1.0,train,0.9294404086988677,0.07055959130113235,1,1,1
188,1.0,train,0.8311430478583168,0.16885695214168314,1,1,1
189,1.0,train,0.985718063977109,0.01428193602289086,1,1,1
190,0.0,train,0.9961755155605647,0.003824484439435393,1,1,1
191,1.0,dev,0.9999981551771325,1.8448228674933435e-06,1,1,1
192,1.0,train,0.5039061705290805,0.4960938294709195,1,1,1
193,1.0,train,0.9999969105050226,3.0894949774316786e-06,1,1,1
194,1.0,train,0.9697854129326061,0.03021458706739398,1,1,1
195,0.0,train,0.7248702821204019,0.275129717879598,1,1,1
196,0.0,dev,0.0031236478574438306,0.9968763521425561,0,1,1
197,1.0,train,0.9999942280787334,5.771921266525783e-06,1,1,1
198,1.0,train,0.9999928167423029,7.18325769714509e-06,1,1,1
199,1.0,test,0.3486451217982255,0.6513548782017746,0,1,1
200,1.0,dev,0.931462503162843,0.06853749683715711,1,1,1
201,1.0,test,0.9732407175907054,0.026759282409294604,1,1,1
202,1.0,train,0.7490872131147275,0.25091278688527247,1,1,1
203,1.0,train,0.9825575165406932,0.017442483459306667,1,1,1
204,0.0,dev,0.21469141408759984,0.7853085859124002,0,1,1
205,1.0,dev,0.6150878696277513,0.38491213037224875,1,1,1
206,0.0,train,0.00026947913950097505,0.9997305208604991,0,1,1
207,0.0,train,0.9991440991912243,0.0008559008087757073,1,1,1
208,0.0,train,0.0009547317110805592,0.9990452682889194,0,1,1
209,1.0,train,0.9999879703655312,1.2029634468781945e-05,1,1,1
210,1.0,test,0.9999959705418073,4.029458192527699e-06,1,1,1
211,1.0,train,0.995094595385343,0.004905404614657039,1,1,1
212,1.0,train,0.39981162643692786,0.6001883735630721,0,1,1
213,0.0,train,0.9994642193898374,0.0005357806101626708,1,1,1
214,1.0,train,0.9658995772325382,0.03410042276746191,1,1,1
215,0.0,train,0.0007437029080715481,0.9992562970919284,0,1,1
216,1.0,train,0.9999981837777991,1.8162222008343829e-06,1,1,1
217,1.0,test,0.9967775162503657,0.0032224837496342613,1,1,1
218,1.0,train,0.9928785715176696,0.007121428482330484,1,1,1
219,1.0,train,0.9927672376409811,0.007232762359018925,1,1,1
220,1.0,train,0.9999778743298328,2.2125670167197956e-05,1,1,1
221,0.0,train,0.2658804730998169,0.734119526900183,0,1,1
222,0.0,train,0.00011061159714638085,0.9998893884028537,0,1,1
223,0.0,train,0.0001609308441682914,0.9998390691558317,0,1,1
224,0.0,train,0.6757646140788307,0.3242353859211693,1,1,1
225,0.0,train,0.15203223393803664,0.8479677660619633,0,1,1
226,1.0,train,0.9997219689512149,0.0002780310487850913,1,1,1
227,1.0,train,0.9999909195269664,9.08047303353201e-06,1,1,1
228,0.0,train,0.7185944046238981,0.2814055953761018,1,1,1
229,0.0,train,0.679178699175393,0.32082130082460697,1,1,1
230,1.0,train,0.9770226287518852,0.022977371248114782,1,1,1
231,1.0,dev,0.9884918519527643,0.011508148047235576,1,1,1
232,1.0,train,0.9999068540459809,9.314595401925906e-05,1,1,1
233,0.0,train,0.000200273671239314,0.9997997263287608,0,1,1
234,0.0,train,0.9609517041984811,0.039048295801518904,1,1,1
235,0.0,train,0.9995891513874002,0.0004108486125998087,1,1,1
236,1.0,train,0.9987355779612732,0.0012644220387268898,1,1,1
237,0.0,train,0.9985674631175255,0.0014325368824744764,1,1,1
238,1.0,dev,0.9999959070871357,4.092912864405113e-06,1,1,1
239,1.0,train,0.9736446494481298,0.026355350551870174,1,1,1
240,1.0,train,0.9669140230414182,0.033085976958581766,1,1,1
241,0.0,train,0.11124120356108877,0.8887587964389112,0,1,1
242,0.0,train,0.7090191337850932,0.29098086621490676,1,1,1
243,1.0,train,0.9999961550664024,3.844933597754309e-06,1,1,1
244,0.0,train,0.040845711239646296,0.9591542887603537,0,1,1
245,1.0,train,0.9996849613153047,0.00031503868469541263,1,1,1
246,1.0,train,0.5350984286266115,0.46490157137338844,1,1,1
247,1.0,train,0.11596072436426733,0.8840392756357327,0,1,1
248,0.0,train,0.22000710997428738,0.7799928900257126,0,1,1
249,1.0,train,0.9976403392039312,0.002359660796068869,1,1,1
250,1.0,train,0.9997868123529555,0.0002131876470444235,1,1,1
251,1.0,train,0.6406358411176238,0.3593641588823761,1,1,1
252,1.0,train,0.7279754489059775,0.2720245510940225,1,1,1
253,1.0,train,0.9597620562254526,0.04023794377454747,1,1,1
254,0.0,train,0.9984512389402758,0.0015487610597240864,1,1,1
255,0.0,test,0.3998116550426623,0.6001883449573376,0,1,1
256,0.0,train,0.8244619220634456,0.17553807793655435,1,1,1
257,1.0,train,0.9999978431825614,2.156817438599879e-06,1,1,1
258,1.0,train,0.855851154320682,0.14414884567931804,1,1,1
259,1.0,test,0.9936116792085102,0.0063883207914896935,1,1,1
260,0.0,train,0.03358950806865571,0.9664104919313442,0,1,1
261,1.0,train,0.9984988180671317,0.0015011819328682409,1,1,1
262,0.0,train,0.0021157037781099892,0.9978842962218899,0,1,1
263,1.0,train,0.9999877809290093,1.221907099063711e-05,1,1,1
264,1.0,train,0.9999994460829977,5.539170023154668e-07,1,1,1
265,1.0,test,0.9999979419511819,2.058048818274449e-06,1,1,1
266,0.0,train,0.02064592953403186,0.9793540704659681,0,1,1
267,1.0,test,0.9999177981196079,8.22018803920745e-05,1,1,1
268,0.0,train,0.9998822554230664,0.00011774457693353177,1,1,1
269,1.0,train,0.9999203269871713,7.967301282884596e-05,1,1,1
270,1.0,train,0.38861801254413975,0.6113819874558603,0,1,1
271,1.0,train,0.9947798739969221,0.005220126003077935,1,1,1
272,1.0,test,0.9976403391425432,0.0023596608574566235,1,1,1
273,0.0,train,0.44167300566462553,0.5583269943353745,0,1,1
274,0.0,train,0.01406362952265135,0.9859363704773486,0,1,1
275,0.0,test,0.06465349196072041,0.9353465080392794,0,1,1
276,0.0,train,0.682573734412324,0.31742626558767584,1,1,1
277,1.0,train,0.9999538872425814,4.6112757418516525e-05,1,1,1
278,1.0,train,0.9999749284091407,2.5071590859291416e-05,1,1,1
279,1.0,train,0.1561049052975445,0.8438950947024555,0,1,1
280,1.0,train,0.9808759635286316,0.019124036471368337,1,1,1
281,0.0,train,0.00011235326724665837,0.9998876467327533,0,1,1
282,1.0,train,0.9891815505498195,0.010818449450180376,1,1,1
283,1.0,train,0.9926541735341801,0.007345826465819799,1,1,1
284,0.0,train,8.13969602106498e-06,0.999991860303979,0,1,1
285,0.0,train,0.44939263446475963,0.5506073655352404,0,1,1
286,1.0,test,0.9999957771675227,4.22283247719037e-06,1,1,1
287,1.0,train,0.9999941371879755,5.862812024396082e-06,1,1,1
288,0.0,test,0.6548947290421275,0.3451052709578724,1,1,1
289,0.0,train,0.9787126491379103,0.021287350862089736,1,1,1
290,1.0,train,0.9273632946429643,0.07263670535703559,1,1,1
291,0.0,dev,3.5356252849066634e-05,0.9999646437471509,0,1,1
292,0.0,train,0.9999901816744428,9.8183255572032e-06,1,1,1
293,0.0,train,0.00010071403823188895,0.9998992859617681,0,1,1
294,1.0,train,0.9999359799616518,6.40200383482147e-05,1,1,1
295,0.0,train,0.7772998508568416,0.22270014914315833,1,1,1
296,0.0,train,0.23370635691404026,0.7662936430859597,0,1,1
297,1.0,train,0.9998313472158584,0.00016865278414152334,1,1,1
298,1.0,train,0.9999611688778357,3.883112216416181e-05,1,1,1
299,1.0,train,0.9999640869729991,3.5913027000856554e-05,1,1,1
300,0.0,train,0.22270012850745968,0.7772998714925403,0,1,1
301,0.0,train,4.5397847056031605e-05,0.9999546021529441,0,1,1
302,0.0,train,0.05582314270540302,0.9441768572945971,0,1,1
303,1.0,dev,0.9999586646174752,4.133538252491401e-05,1,1,1
304,0.0,dev,0.6926419831347361,0.30735801686526387,1,1,1
305,0.0,train,0.855851154320682,0.14414884567931804,1,1,1
306,0.0,train,0.001867565644570158,0.9981324343554299,0,1,1
307,0.0,test,2.3187484414911914e-05,0.999976812515585,0,1,1
308,1.0,train,0.9999935609602337,6.43903976623766e-06,1,1,1
309,0.0,train,0.14608725076600915,0.8539127492339909,0,1,1
310,0.0,dev,0.35936413143782797,0.640635868562172,0,1,1
311,0.0,train,0.00014425987308210638,0.9998557401269178,0,1,1
312,0.0,train,0.0002780309555938509,0.999721969044406,0,1,1
313,1.0,train,0.9954615679385996,0.004538432061400285,1,1,1
314,1.0,train,0.9992562972082033,0.0007437027917967079,1,1,1
315,1.0,train,0.9999417087256532,5.8291274346708425e-05,1,1,1
316,1.0,dev,0.003765413337491788,0.9962345866625082,0,1,1
317,1.0,train,0.9997901168883455,0.00020988311165447227,1,1,1
318,1.0,train,0.9998058868609382,0.00019411313906178668,1,1,1
319,1.0,dev,0.9999929281060227,7.071893977180134e-06,1,1,1
320,0.0,train,0.9999524235606305,4.757643936945423e-05,1,1,1
321,1.0,train,0.9993537965793704,0.0006462034206296595,1,1,1
322,1.0,train,0.9783846680251809,0.021615331974819175,1,1,1
323,1.0,train,0.9473810503664154,0.052618949633584634,1,1,1
324,0.0,train,0.6442251064863697,0.35577489351363034,1,1,1
325,1.0,train,0.9996749640216129,0.0003250359783870987,1,1,1
326,1.0,train,0.7310585786300049,0.2689414213699951,1,1,1
327,0.0,train,0.9996430292838723,0.0003569707161276843,1,1,1
328,0.0,train,0.9995761152153887,0.00042388478461120974,1,1,1
329,1.0,train,0.9978842970083833,0.0021157029916165746,1,1,1
330,0.0,train,0.001432536893132418,0.9985674631068676,0,1,1
331,1.0,dev,0.9999962146745982,3.785325401726331e-06,1,1,1
332,0.0,train,0.8128673223709252,0.18713267762907493,1,1,1
333,0.0,train,2.3923512294919368e-05,0.999976076487705,0,1,1
334,1.0,train,0.9999990867449768,9.132550230344301e-07,1,1,1
335,0.0,train,4.9859561325273e-05,0.9999501404386746,0,1,1
336,0.0,train,0.9996646499182391,0.0003353500817610336,1,1,1
337,0.0,train,0.024423090764195313,0.9755769092358045,0,1,1
338,0.0,dev,0.00016603844974729583,0.9998339615502528,0,1,1
339,1.0,train,0.3998116407397951,0.600188359260205,0,1,1
340,1.0,train,0.9992791621082886,0.0007208378917114626,1,1,1
341,0.0,dev,0.9748211612253743,0.02517883877462579,1,1,1
342,0.0,train,4.4001184579253026e-05,0.9999559988154207,0,1,1
343,1.0,train,0.7341195385342971,0.2658804614657029,1,1,1
344,1.0,train,0.02931222905542399,0.9706877709445761,0,1,1
345,1.0,train,0.6039318337259583,0.3960681662740417,1,1,1
346,1.0,test,0.9999460891358852,5.3910864114809116e-05,1,1,1
347,0.0,train,2.753568290853522e-05,0.9999724643170914,0,1,1
348,0.0,train,0.0004373344295740452,0.999562665570426,0,1,1
349,1.0,train,0.9947798753123799,0.0052201246876200265,1,1,1
350,1.0,train,0.9937100970714404,0.006289902928559693,1,1,1
351,1.0,train,0.9683812318188365,0.03161876818116342,1,1,1
352,1.0,train,0.9999877809291232,1.2219070876839534e-05,1,1,1
353,1.0,train,0.9959927116488283,0.004007288351171726,1,1,1
354,0.0,train,0.9988839856820172,0.0011160143179828148,1,1,1
355,1.0,train,0.9926541745120954,0.007345825487904522,1,1,1
356,1.0,train,0.7634837635542924,0.23651623644570763,1,1,1
357,1.0,dev,0.5813031051514762,0.41869689484852374,1,1,1
358,1.0,train,0.9999843104499216,1.56895500784093e-05,1,1,1
359,0.0,dev,0.999959936291951,4.006370804895825e-05,1,1,1
360,1.0,train,0.9999807768212419,1.922317875819111e-05,1,1,1
361,1.0,train,0.9979170293873114,0.002082970612688638,1,1,1
362,0.0,test,0.9993013244401534,0.0006986755598466879,1,1,1
363,0.0,train,0.002050743478925794,0.9979492565210742,0,1,1
364,1.0,train,0.9964619138378413,0.0035380861621586534,1,1,1
365,0.0,train,0.9967269352723925,0.0032730647276074734,1,1,1
366,0.0,train,0.19436782035217445,0.8056321796478255,0,1,1
367,0.0,test,0.9999944923923141,5.5076076858713795e-06,1,1,1
368,0.0,train,0.8175744850834649,0.18242551491653522,1,1,1
369,0.0,train,0.000103910725170949,0.9998960892748292,0,1,1
370,0.0,dev,0.6187804337438501,0.38121956625614994,1,1,1
371,1.0,test,0.9999678076632244,3.2192336775554566e-05,1,1,1
372,1.0,train,0.37387582277169656,0.6261241772283034,0,1,1
373,1.0,train,0.9863631661216054,0.013636833878394664,1,1,1
374,0.0,test,0.28776782797747225,0.7122321720225278,0,1,1
375,1.0,train,0.9993929245212657,0.000607075478734325,1,1,1
376,0.0,train,0.9999938558272519,6.144172748230832e-06,1,1,1
377,,,7.527991912554787e-06,0.9999924720080875,0,1,1
378,0.0,train,3.905484670248742e-06,0.9999960945153299,0,1,1
379,0.0,train,0.0002341358875618207,0.9997658641124383,0,1,1
380,0.0,train,0.008985427425657938,0.991014572574342,0,1,1
381,1.0,train,0.9993638088814243,0.0006361911185756864,1,1,1
382,1.0,train,0.9111797063939127,0.0888202936060873,1,1,1
383,0.0,train,0.25091278688527247,0.7490872131147275,0,1,1
384,0.0,train,0.9994642195773551,0.0005357804226450247,1,1,1
385,1.0,train,0.9621075744568837,0.037892425543116344,1,1,1
386,0.0,train,0.22270012850745968,0.7772998714925403,0,1,1
387,1.0,train,0.9999973574147798,2.64258522033595e-06,1,1,1
388,1.0,test,0.9998944531306443,0.00010554686935569597,1,1,1
389,1.0,train,0.754914975839675,0.24508502416032488,1,1,1
390,0.0,train,0.35220178204788966,0.6477982179521103,0,1,1
391,1.0,test,0.29098086621490676,0.7090191337850932,0,1,1
392,1.0,train,0.9998876467302423,0.00011235326975766747,1,1,1
393,0.0,test,0.8104789086703224,0.18952109132967757,1,1,1
394,0.0,train,0.0005112581029664351,0.9994887418970336,0,1,1
395,0.0,train,4.7576434407081257e-05,0.999952423565593,0,1,1
396,1.0,dev,0.9999942280783142,5.771921685813983e-06,1,1,1
397,1.0,train,0.9999697580547596,3.024194524046716e-05,1,1,1
398,1.0,train,0.9161096090086368,0.08389039099136326,1,1,1
399,1.0,train,0.9993013244479562,0.0006986755520438355,1,1,1
400,1.0,train,0.9978510507802807,0.0021489492197193766,1,1,1
401,1.0,train,0.9869795073009856,0.013020492699014523,1,1,1
402,0.0,train,0.01495708747132743,0.9850429125286727,0,1,1
403,1.0,train,0.999911119144554,8.888085544610741e-05,1,1,1
404,0.0,train,0.0001420235725174644,0.9998579764274825,0,1,1
405,0.0,train,0.0013458601209066373,0.9986541398790933,0,1,1
406,1.0,test,0.9999857144803277,1.4285519672337273e-05,1,1,1
407,0.0,dev,0.9449947062846397,0.055005293715360296,1,1,1
408,1.0,test,0.9969721644806334,0.003027835519366538,1,1,1
409,1.0,train,0.9943580905386149,0.005641909461385104,1,1,1
410,1.0,train,0.9999960330125334,3.966987466649165e-06,1,1,1
411,1.0,train,0.9999469249371947,5.307506280532865e-05,1,1,1
412,0.0,train,7.03118594316225e-05,0.9999296881405685,0,1,1
413,0.0,train,0.8991213759183765,0.10087862408162354,1,1,1
414,0.0,train,7.18325783094273e-06,0.999992816742169,0,1,1
415,0.0,train,0.752012562644147,0.24798743735585302,1,1,1
416,1.0,train,0.9980122261423513,0.0019877738576487536,1,1,1
417,0.0,train,0.09009298663270453,0.9099070133672954,0,1,1
418,1.0,train,0.9999935609594901,6.439040509838978e-06,1,1,1
419,1.0,train,0.9999995549151437,4.4508485628889927e-07,1,1,1
420,1.0,train,0.9999984942976968,1.5057023031489052e-06,1,1,1
421,1.0,train,0.049589018770285855,0.9504109812297141,0,1,1
422,1.0,train,0.9980732653366725,0.0019267346633274755,1,1,1
423,1.0,test,0.993611678806523,0.0063883211934771126,1,1,1
424,0.0,train,0.006692849438328558,0.9933071505616714,0,1,1
425,1.0,dev,0.9999980666414046,1.933358595398495e-06,1,1,1
426,1.0,train,0.999074614899814,0.0009253851001861321,1,1,1
427,0.0,test,0.9945307256444594,0.0054692743555405845,1,1,1
428,1.0,train,0.9886682463016957,0.011331753698304303,1,1,1
429,0.0,test,7.254361390656637e-05,0.9999274563860935,0,1,1
430,0.0,train,0.048136773847697205,0.9518632261523027,0,1,1
431,0.0,test,0.06656919267419921,0.9334308073258007,0,1,1
432,0.0,train,0.9993332975368721,0.0006667024631278416,1,1,1
433,1.0,train,0.99999809661578,1.903384219966288e-06,1,1,1
434,0.0,test,0.9999968618535152,3.138146484695164e-06,1,1,1
435,0.0,dev,0.0001609308441682914,0.9998390691558317,0,1,1
436,1.0,train,0.8976952907388472,0.10230470926115266,1,1,1
437,0.0,train,0.0004044814857924689,0.9995955185142077,0,1,1
438,0.0,train,0.9902915239841308,0.009708476015869095,1,1,1
439,0.0,train,0.38491214448393346,0.6150878555160665,0,1,1
440,1.0,train,0.9390248234010296,0.060975176598970504,1,1,1
441,0.0,train,0.05261895334771377,0.9473810466522863,0,1,1
442,1.0,train,0.9937100983753627,0.006289901624637282,1,1,1
443,0.0,train,0.9997507674791308,0.0002492325208691073,1,1,1
444,1.0,dev,0.9546474226714763,0.04535257732852371,1,1,1
445,1.0,train,0.9999928167400551,7.183259944945793e-06,1,1,1
446,0.0,train,0.30404168757891037,0.6959583124210896,0,1,1
447,1.0,train,0.7185943925708561,0.28140560742914383,1,1,1
448,0.0,train,0.2689414213699951,0.7310585786300049,0,1,1
449,1.0,train,0.9996200154979833,0.0003799845020167321,1,1,1
450,0.0,train,0.12765262532179067,0.8723473746782093,0,1,1
451,1.0,train,0.9597620582395826,0.04023794176041745,1,1,1
452,0.0,train,0.7090191337850932,0.29098086621490676,1,1,1
453,1.0,train,0.9273632876167045,0.07263671238329551,1,1,1
454,1.0,train,0.9978510506205154,0.0021489493794845096,1,1,1
455,1.0,train,0.9744347842206691,0.02556521577933101,1,1,1
456,1.0,dev,0.9284087936225135,0.07159120637748637,1,1,1
457,0.0,train,0.5813030906443133,0.41869690935568665,1,1,1
458,1.0,test,0.9962345866066104,0.0037654133933895453,1,1,1
459,1.0,train,0.9343951671081994,0.06560483289180075,1,1,1
460,1.0,train,0.023330773562103623,0.9766692264378964,0,1,1
461,0.0,test,0.5660185351961015,0.43398146480389854,1,1,1
462,1.0,train,0.8354835330070839,0.16451646699291617,1,1,1
463,1.0,train,0.6688802603710086,0.3311197396289915,1,1,1
464,1.0,train,0.6442251201477016,0.3557748798522984,1,1,1
465,0.0,train,0.9999980966155424,1.9033844575029194e-06,1,1,1
466,0.0,train,0.06853749303199023,0.9314625069680097,0,1,1
467,0.0,train,0.9916842225056003,0.008315777494399724,1,1,1
468,1.0,train,0.9970650477538191,0.0029349522461808407,1,1,1
469,1.0,train,0.08269733363200235,0.9173026663679977,0,1,1
470,1.0,train,0.31742625267332647,0.6825737473266735,0,1,1
471,1.0,train,0.16667542124551754,0.8333245787544825,0,1,1
472,1.0,train,0.99996352144561,3.647855439005091e-05,1,1,1
473,0.0,train,0.013020488964877787,0.9869795110351222,0,1,1
474,1.0,train,0.9935117295388443,0.006488270461155788,1,1,1
475,0.0,train,0.015906388912772775,0.9840936110872273,0,1,1
476,0.0,train,0.0006986757913313469,0.9993013242086686,0,1,1
477,1.0,train,0.998325600559292,0.0016743994407080673,1,1,1
478,1.0,train,0.999669847308099,0.0003301526919010682,1,1,1
479,0.0,train,2.5071585629081657e-05,0.999974928414371,0,1,1
480,1.0,train,0.9997621778501561,0.00023782214984385607,1,1,1
481,0.0,train,0.9481545384777481,0.051845461522251765,1,1,1
482,0.0,train,0.26588048473393133,0.7341195152660688,0,1,1
483,1.0,train,0.8807970904940926,0.11920290950590741,1,1,1
484,1.0,train,0.9967269343244423,0.0032730656755577893,1,1,1
485,1.0,test,0.8615381987656671,0.13846180123433283,1,1,1
486,0.0,test,0.2942149597859341,0.7057850402140659,0,1,1
487,1.0,train,0.9923043519681709,0.007695648031829144,1,1,1
488,1.0,train,0.9981030803416585,0.0018969196583415392,1,1,1
489,1.0,dev,0.9999673007143965,3.269928560337823e-05,1,1,1
490,1.0,dev,0.9962927462450125,0.003707253754987529,1,1,1
491,0.0,train,0.949669369539236,0.050330630460763956,1,1,1
492,1.0,dev,0.851952809486198,0.14804719051380197,1,1,1
493,0.0,train,0.30735801686526387,0.6926419831347361,0,1,1
494,1.0,train,0.9999407908246796,5.920917532031857e-05,1,1,1
495,1.0,train,0.682573734412324,0.31742626558767584,1,1,1
496,1.0,train,0.998632974567939,0.0013670254320609328,1,1,1
497,0.0,train,0.47268346176374826,0.5273165382362518,0,1,1
498,0.0,train,0.9942697536123549,0.005730246387645024,1,1,1
499,1.0,train,0.9988486003400668,0.0011513996599331142,1,1,1
500,1.0,train,0.9939024382589583,0.006097561741041685,1,1,1
501,0.0,train,0.07696083357893281,0.9230391664210672,0,1,1
502,1.0,train,0.9998118578810485,0.0001881421189515826,1,1,1
503,1.0,train,0.9999359799125253,6.402008747469317e-05,1,1,1
504,1.0,train,0.9416541569322379,0.05834584306776218,1,1,1
505,1.0,train,0.9996698472244923,0.00033015277550766086,1,1,1
506,1.0,train,0.9957353655451014,0.004264634454898529,1,1,1
507,1.0,train,0.9999863686490744,1.363135092561732e-05,1,1,1
508,1.0,train,0.29421497216298875,0.7057850278370112,0,1,1
509,0.0,train,0.9688561690155956,0.031143830984404503,1,1,1
510,1.0,dev,0.9999942280778625,5.771922137355156e-06,1,1,1
511,1.0,dev,0.9999599362940406,4.0063705959556817e-05,1,1,1
512,1.0,test,0.9674102557037734,0.03258974429622671,1,1,1
513,0.0,train,0.857768108626046,0.14223189137395395,1,1,1
514,0.0,train,0.9879462188867111,0.012053781113288966,1,1,1
515,0.0,dev,0.008577485413711986,0.991422514586288,0,1,1
516,1.0,train,0.9999928167363086,7.1832636912818595e-06,1,1,1
517,1.0,train,0.9999190724448336,8.092755516647012e-05,1,1,1
518,1.0,train,0.999985261024175,1.4738975825004357e-05,1,1,1
519,1.0,train,0.8933094159957173,0.10669058400428263,1,1,1
520,0.0,train,0.005819959239381318,0.9941800407606186,0,1,1
521,1.0,train,0.9999008472758583,9.915272414181651e-05,1,1,1
522,0.0,test,0.31405055783200714,0.6859494421679929,0,1,1
523,0.0,train,0.04672496128098689,0.9532750387190131,0,1,1
524,1.0,train,0.5312093882168609,0.46879061178313897,1,1,1
525,0.0,train,0.0012843081201339697,0.9987156918798661,0,1,1
526,0.0,train,0.9967775157477936,0.0032224842522064075,1,1,1
527,1.0,train,0.8615381952105441,0.1384618047894558,1,1,1
528,0.0,train,0.999864479259302,0.00013552074069813453,1,1,1
529,1.0,train,0.9999985406236648,1.4593763352453257e-06,1,1,1
530,0.0,test,0.640635868562172,0.35936413143782797,1,1,1
531,1.0,test,0.9808759642274332,0.019124035772566935,1,1,1
532,0.0,dev,0.0023967311551567855,0.9976032688448433,0,1,1
533,0.0,dev,0.026355354375619578,0.9736446456243804,0,1,1
534,1.0,train,0.9609517044780531,0.039048295521946844,1,1,1
535,1.0,train,0.9999963880178941,3.6119821059264894e-06,1,1,1
536,1.0,train,0.9999407908577634,5.920914223658183e-05,1,1,1
537,1.0,train,0.9991169539550135,0.0008830460449864057,1,1,1
538,0.0,train,0.9994023305287648,0.0005976694712351279,1,1,1
539,1.0,train,0.9241418272911436,0.07585817270885642,1,1,1
540,1.0,train,0.5195213219520929,0.480478678047907,1,1,1
541,0.0,dev,0.0027576222034815753,0.9972423777965185,0,1,1
542,0.0,train,0.9990600559269321,0.0009399440730678655,1,1,1
543,0.0,train,7.602476729662353e-05,0.9999239752327033,0,1,1
544,1.0,train,0.9983256003849309,0.0016743996150691083,1,1,1
545,1.0,dev,0.9997346975959298,0.0002653024040701088,1,1,1
546,1.0,train,0.9998746624862104,0.0001253375137896009,1,1,1
547,0.0,train,0.000869367211599737,0.9991306327884002,0,1,1
548,0.0,train,0.43398146480389854,0.5660185351961015,0,1,1
549,1.0,train,0.9999177981346117,8.22018653882418e-05,1,1,1
550,1.0,train,0.020332349187242645,0.9796676508127574,0,1,1
551,1.0,train,0.9999921107342397,7.889265760318315e-06,1,1,1
552,0.0,train,0.002115703400593114,0.9978842965994068,0,1,1
553,0.0,train,0.9934102276053083,0.006589772394691845,1,1,1
554,1.0,train,0.8479677737461007,0.15203222625389934,1,1,1
555,0.0,train,0.0065897709802434385,0.9934102290197565,0,1,1
556,1.0,train,0.9999850289209921,1.4971079007881132e-05,1,1,1
557,1.0,train,0.999851161579518,0.00014883842048188297,1,1,1
558,1.0,train,0.9999801666364122,1.9833363587755445e-05,1,1,1
559,0.0,train,0.00020988314448635437,0.9997901168555136,0,1,1
560,0.0,train,0.0005614788297599624,0.99943852117024,0,1,1
561,1.0,train,0.983847162809778,0.016152837190221855,1,1,1
562,0.0,train,0.0003150387128531936,0.9996849612871467,0,1,1
563,0.0,train,0.9957353660987752,0.004264633901224847,1,1,1
564,0.0,train,0.29098086621490676,0.7090191337850932,0,1,1
565,0.0,train,6.048918580418917e-06,0.9999939510814195,0,1,1
566,1.0,train,0.9974490877493288,0.0025509122506710553,1,1,1
567,0.0,train,0.0002653023610892297,0.9997346976389109,0,1,1
568,0.0,train,0.7799928951399098,0.22000710486009023,1,1,1
569,0.0,train,0.9711290926359227,0.02887090736407739,1,1,1
570,1.0,train,0.999994661846144,5.338153855984738e-06,1,1,1
571,0.0,train,0.0007672922757614296,0.9992327077242386,0,1,1
572,0.0,train,1.9525882299115617e-05,0.9999804741177009,0,1,1
573,0.0,dev,0.3208213138121609,0.6791786861878392,0,1,1
574,1.0,train,0.999562665570426,0.0004373344295740452,1,1,1
575,0.0,train,0.16238003666671086,0.8376199633332891,0,1,1
576,1.0,train,0.999862345335547,0.0001376546644529774,1,1,1
577,0.0,train,0.999866580016423,0.00013341998357694945,1,1,1
578,0.0,train,0.00015598034605519473,0.9998440196539449,0,1,1
579,1.0,train,0.9999285809620576,7.141903794234808e-05,1,1,1
580,1.0,test,0.23370636225126956,0.7662936377487304,0,1,1
581,1.0,train,0.9999931456821627,6.854317837219955e-06,1,1,1
582,0.0,train,0.991554373058874,0.008445626941126032,1,1,1
583,1.0,train,0.8933093975331751,0.10669060246682488,1,1,1
584,0.0,dev,0.9579122732859019,0.04208772671409796,1,1,1
585,1.0,dev,0.43398147944527604,0.5660185205547239,0,1,1
586,1.0,train,0.9996430293224233,0.00035697067757668613,1,1,1
587,1.0,train,0.9997901169243043,0.0002098830756957502,1,1,1
588,0.0,train,0.6370308082623217,0.3629691917376782,1,1,1
589,0.0,train,0.00013135177749489714,0.9998686482225051,0,1,1
590,0.0,train,9.028036862773451e-05,0.9999097196313723,0,1,1
591,1.0,train,0.9993332978396767,0.0006667021603233792,1,1,1
592,0.0,train,0.36296921930155557,0.6370307806984444,0,1,1
593,1.0,train,0.9998534687181002,0.00014653128189976442,1,1,1
594,1.0,test,0.990291522873842,0.009708477126157909,1,1,1
595,1.0,dev,0.9999978431826739,2.15681732611333e-06,1,1,1
596,1.0,train,0.9999524235290841,4.7576470915980296e-05,1,1,1
597,0.0,train,0.8221891305219503,0.17781086947804958,1,1,1
598,1.0,test,0.99435809166717,0.005641908332830018,1,1,1
599,0.0,train,0.002148949155813327,0.9978510508441867,0,1,1
600,0.0,train,0.9990746150720208,0.0009253849279792465,1,1,1
601,0.0,train,0.00011412243305360594,0.9998858775669465,0,1,1
602,0.0,train,0.03904829384451455,0.9609517061554854,0,1,1
603,0.0,train,0.0685375006423242,0.9314624993576758,0,1,1
604,1.0,train,0.9993436272653085,0.0006563727346916967,1,1,1
605,0.0,train,3.071819644010176e-05,0.99996928180356,0,1,1
606,0.0,train,0.0017546142013001684,0.9982453857986999,0,1,1
607,0.0,train,0.09401018215490362,0.9059898178450964,0,1,1
608,1.0,train,0.9996946511884277,0.0003053488115722792,1,1,1
609,0.0,train,0.9999580136919196,4.198630808043052e-05,1,1,1
610,1.0,dev,0.9979492569175195,0.0020507430824805418,1,1,1
611,1.0,train,0.9637799472560581,0.03622005274394185,1,1,1
612,1.0,train,0.9981030796363413,0.0018969203636588375,1,1,1
613,1.0,train,0.9999931456844353,6.854315564681096e-06,1,1,1
614,0.0,dev,0.9999963311378115,3.6688621885216374e-06,1,1,1
615,0.0,train,0.9881308797401006,0.011869120259899387,1,1,1
616,1.0,train,0.9994557866200451,0.0005442133799550165,1,1,1
617,1.0,train,0.9999611688915777,3.883110842226363e-05,1,1,1
618,0.0,train,0.16451645880021026,0.8354835411997897,0,1,1
619,0.0,train,3.883110292550571e-05,0.9999611688970744,0,1,1
620,1.0,train,0.9999883404652983,1.1659534701751293e-05,1,1,1
621,1.0,train,0.9996079582881369,0.00039204171186309954,1,1,1
622,0.0,train,0.34864513533394575,0.6513548646660542,0,1,1
623,0.0,train,0.0014550631550386446,0.9985449368449614,0,1,1
624,0.0,train,0.5851011686727232,0.41489883132727684,1,1,1
625,0.0,test,0.009412591532746487,0.9905874084672536,0,1,1
626,1.0,train,0.999995777165871,4.222834128967788e-06,1,1,1
627,1.0,dev,0.9981030801653292,0.0018969198346708393,1,1,1
628,1.0,dev,0.9999940448594423,5.955140557684823e-06,1,1,1
629,1.0,train,0.6224593312018546,0.37754066879814546,1,1,1
630,0.0,train,0.960361157495521,0.03963884250447896,1,1,1
631,0.0,train,0.9999274563739332,7.254362606675612e-05,1,1,1
632,0.0,train,0.0019267349212248879,0.9980732650787751,0,1,1
633,0.0,test,0.0001852257322270414,0.9998147742677729,0,1,1
634,1.0,train,0.9999227780925901,7.722190740991049e-05,1,1,1
635,1.0,train,0.9999810748439989,1.8925156001075992e-05,1,1,1
636,1.0,test,0.9965165760267559,0.003483423973244108,1,1,1
637,1.0,train,0.9999883404655154,1.165953448457807e-05,1,1,1
638,0.0,train,0.9546474149295974,0.04535258507040257,1,1,1
639,0.0,train,0.9959298631750471,0.0040701368249530774,1,1,1
640,0.0,train,0.2068940585963489,0.793105941403651,0,1,1
641,1.0,train,0.9988120947003651,0.0011879052996347744,1,1,1
642,1.0,test,0.9999986290433908,1.370956609314805e-06,1,1,1
643,0.0,train,0.05749327880038583,0.9425067211996143,0,1,1
644,0.0,train,0.005641909001603375,0.9943580909983967,0,1,1
645,1.0,train,0.9999215621102395,7.843788976047845e-05,1,1,1
646,0.0,train,0.14804718675485834,0.8519528132451416,0,1,1
647,1.0,dev,0.9998992859535148,0.00010071404648521663,1,1,1
648,0.0,train,0.3923368443773709,0.6076631556226292,0,1,1
649,1.0,train,0.9979809857092277,0.0020190142907724256,1,1,1
650,0.0,train,0.0002868539883763572,0.9997131460116238,0,1,1
651,1.0,train,0.9998488179611152,0.00015118203888478526,1,1,1
652,1.0,train,0.9449947163538936,0.05500528364610642,1,1,1
653,0.0,train,1.6187576129535378e-05,0.9999838124238704,0,1,1
654,1.0,test,0.9999904837527724,9.516247227411503e-06,1,1,1
655,1.0,train,0.99992745638204,7.254361795996273e-05,1,1,1
656,0.0,train,0.2782567937024021,0.7217432062975979,0,1,1
657,1.0,test,0.9998893883954373,0.00011061160456264624,1,1,1
658,1.0,test,0.9999493552777139,5.06447222859713e-05,1,1,1
659,0.0,train,0.0007554055427461894,0.9992445944572537,0,1,1
660,1.0,train,0.9999706884587105,2.931154128937105e-05,1,1,1
661,1.0,train,0.028007518983365013,0.971992481016635,0,1,1
662,0.0,train,0.7490872131147275,0.25091278688527247,1,1,1
663,1.0,train,0.9999976312003603,2.3687996395131463e-06,1,1,1
664,0.0,test,0.010328151910057419,0.9896718480899426,0,1,1
665,0.0,train,0.9752018380026246,0.024798161997375376,1,1,1
666,1.0,test,0.9999398584716936,6.014152830645976e-05,1,1,1
667,1.0,train,0.9923043513992127,0.007695648600787165,1,1,1
668,1.0,train,0.9999903338947728,9.666105227120967e-06,1,1,1
669,1.0,train,0.9899864287120884,0.01001357128791166,1,1,1
670,1.0,train,0.9511422234552269,0.04885777654477294,1,1,1
671,1.0,train,0.7905303285397349,0.2094696714602651,1,1,1
672,1.0,train,0.9987934101530693,0.0012065898469306,1,1,1
673,1.0,train,0.5078118642792044,0.49218813572079556,1,1,1
674,1.0,test,0.999964643763351,3.535623664902953e-05,1,1,1
675,0.0,train,0.38861804086755836,0.6113819591324418,0,1,1
676,1.0,dev,0.8757869981319862,0.1242130018680137,1,1,1
677,1.0,train,0.999942612418467,5.7387581532894686e-05,1,1,1
678,0.0,train,7.141900548576244e-05,0.9999285809945142,0,1,1
679,0.0,dev,9.610243840987608e-05,0.99990389756159,0,1,1
680,0.0,train,0.9783846669222209,0.021615333077779054,1,1,1
681,1.0,train,0.9997040427927999,0.00029595720720008013,1,1,1
682,1.0,train,0.9997546305596667,0.00024536944033330227,1,1,1
683,0.0,train,0.9059898114992677,0.09401018850073227,1,1,1
684,1.0,test,0.9950177300479636,0.004982269952036402,1,1,1
685,0.0,test,0.034100425221503236,0.9658995747784968,0,1,1
686,0.0,train,0.00017130817301680353,0.9998286918269832,0,1,1
687,1.0,train,0.9940889299616807,0.005911070038319199,1,1,1
688,1.0,train,0.9990889486564025,0.0009110513435975354,1,1,1
689,0.0,train,0.7745833841649233,0.2254166158350767,1,1,1
690,1.0,train,0.9999389114626369,6.108853736296616e-05,1,1,1
691,1.0,train,0.8267118026095992,0.17328819739040088,1,1,1
692,1.0,train,0.9997175920093025,0.0002824079906975084,1,1,1
693,0.0,train,0.23651624720889433,0.7634837527911056,0,1,1
694,0.0,train,0.19436780635202988,0.80563219364797,0,1,1
695,0.0,train,0.12252320610998799,0.8774767938900121,0,1,1
696,0.0,train,0.42250463481418826,0.5774953651858118,0,1,1
697,0.0,train,0.9999469249367994,5.307506320074769e-05,1,1,1
698,0.0,train,6.339209648289702e-06,0.9999936607903517,0,1,1
699,1.0,dev,0.9372107949104868,0.06278920508951338,1,1,1
700,1.0,train,0.9916842222598317,0.008315777740168314,1,1,1
701,1.0,train,0.995600587489943,0.0043994125100569855,1,1,1
702,0.0,train,4.0694559713518806e-05,0.9999593054402864,0,1,1
703,0.0,train,0.9715639669551474,0.02843603304485266,1,1,1
704,0.0,train,0.021615331502122095,0.9783846684978779,0,1,1
705,1.0,train,0.9991306327754569,0.0008693672245430557,1,1,1
706,0.0,dev,0.989013057612286,0.010986942387714022,1,1,1
707,0.0,train,0.01566364917116944,0.9843363508288306,0,1,1
708,0.0,train,0.033085981248949035,0.9669140187510509,0,1,1
709,0.0,train,0.9997175918252454,0.0002824081747546304,1,1,1
710,0.0,train,5.1442209143153465e-05,0.9999485577908569,0,1,1
711,0.0,test,0.31405054499180746,0.6859494550081925,0,1,1
712,0.0,train,0.8807970873650403,0.11920291263495983,1,1,1
713,1.0,train,0.9999720307080185,2.7969291981597896e-05,1,1,1
714,1.0,train,0.9991832617250874,0.0008167382749126527,1,1,1
715,0.0,train,0.0017007227150309691,0.9982992772849691,0,1,1
716,0.0,train,0.002148949091907279,0.9978510509080927,0,1,1
717,1.0,train,0.1008786146206548,0.8991213853793453,0,1,1
718,1.0,test,0.9999910603078913,8.93969210866421e-06,1,1,1
719,0.0,train,0.8633916029436189,0.136608397056381,1,1,1
720,0.0,train,0.017176706999866672,0.9828232930001334,0,1,1
721,1.0,train,0.9999339478731067,6.605212689320757e-05,1,1,1
722,0.0,train,0.7931059609645725,0.2068940390354276,1,1,1
723,0.0,train,0.014063628282948357,0.9859363717170516,0,1,1
724,0.0,train,2.111247918554881e-05,0.9999788875208145,0,1,1
725,0.0,train,0.8596637469145053,0.14033625308549463,1,1,1
726,0.0,train,0.00026947925190615814,0.9997305207480938,0,1,1
727,0.0,train,0.9999865799861453,1.3420013854732842e-05,1,1,1
728,0.0,train,0.0002824079770246984,0.9997175920229752,0,1,1
729,0.0,train,0.9957353658773057,0.004264634122694311,1,1,1
730,0.0,train,0.0014103584546453453,0.9985896415453548,0,1,1
731,1.0,dev,0.9999852610232416,1.4738976758409011e-05,1,1,1
732,0.0,test,8.01350274230386e-06,0.9999919864972576,0,1,1
733,0.0,dev,0.24508501313237172,0.7549149868676283,0,1,1
734,1.0,train,0.9489172652098724,0.051082734790127565,1,1,1
735,0.0,train,0.003945406806602023,0.9960545931933981,0,1,1
736,0.0,test,0.035144844379618526,0.9648551556203816,0,1,1
737,1.0,train,0.9759464446569425,0.024053555343057472,1,1,1
738,1.0,test,0.9591542864252022,0.04084571357479774,1,1,1
739,1.0,train,0.9999389114225867,6.10885774132988e-05,1,1,1
740,1.0,train,0.9989994954352587,0.001000504564741375,1,1,1
741,0.0,train,2.332075081853446e-06,0.9999976679249181,0,1,1
742,1.0,train,0.9996200155050583,0.00037998449494165866,1,1,1
743,1.0,dev,0.9999910603077248,8.939692275177465e-06,1,1,1
744,1.0,train,0.9999971426845898,2.857315410193864e-06,1,1,1
745,1.0,train,0.6959583124210896,0.30404168757891037,1,1,1
746,1.0,train,0.9996800018679463,0.00031999813205371843,1,1,1
747,1.0,test,0.9999977747176682,2.2252823319688194e-06,1,1,1
748,0.0,train,0.9970189678016063,0.002981032198393794,1,1,1
749,1.0,train,0.9997219689905624,0.0002780310094376749,1,1,1
750,1.0,test,0.16238005288069604,0.837619947119304,0,1,1
751,0.0,train,0.00025714197979577713,0.9997428580202044,0,1,1
752,1.0,test,0.6187804478040616,0.38121955219593834,1,1,1
753,0.0,train,0.9124361628580401,0.08756383714196002,1,1,1
754,1.0,train,0.999880401448679,0.00011959855132106638,1,1,1
755,0.0,dev,0.004399412901664677,0.9956005870983353,0,1,1
756,1.0,train,0.999943502045039,5.64979549610762e-05,1,1,1
757,1.0,train,0.9999749284140907,2.507158590927144e-05,1,1,1
758,0.0,train,0.9999177981153212,8.220188467888436e-05,1,1,1
759,0.0,train,2.3187486487986597e-05,0.9999768125135121,0,1,1
760,0.0,test,0.11124121534690626,0.8887587846530938,0,1,1
761,0.0,train,0.8479677506936879,0.15203224930631218,1,1,1
762,1.0,test,0.6548947290421275,0.3451052709578724,1,1,1
763,1.0,train,0.38121956625614994,0.6187804337438501,0,1,1
764,0.0,dev,0.7634837581726991,0.23651624182730094,1,1,1
765,0.0,train,0.986777178830985,0.01322282116901506,1,1,1
766,0.0,train,3.500853788402138e-06,0.9999964991462116,0,1,1
767,0.0,test,0.9869795080669624,0.013020491933037672,1,1,1
768,1.0,train,0.9999983971888988,1.6028111012757542e-06,1,1,1
769,0.0,train,0.9996698472109679,0.0003301527890322588,1,1,1
770,1.0,train,0.8740772286044095,0.12592277139559055,1,1,1
771,1.0,test,0.9981030802076482,0.0018969197923518056,1,1,1
772,1.0,train,0.9674102528849814,0.03258974711501865,1,1,1
773,0.0,train,0.9977829874385321,0.002217012561467856,1,1,1
774,0.0,train,0.256831980010821,0.743168019989179,0,1,1
775,1.0,train,0.9985896413302446,0.0014103586697553324,1,1,1
776,0.0,train,1.9833361149597733e-05,0.9999801666388504,0,1,1
777,1.0,train,0.9981030802499672,0.0018969197500327733,1,1,1
778,0.0,train,0.9867771785393399,0.0132228214606601,1,1,1
779,0.0,train,0.8152324983301567,0.18476750166984326,1,1,1
780,0.0,train,0.5195213219520929,0.480478678047907,1,1,1
781,1.0,train,0.8056321796478255,0.19436782035217445,1,1,1
782,0.0,train,0.0001465313506695191,0.9998534686493306,0,1,1
783,1.0,train,0.341582512843634,0.658417487156366,0,1,1
784,0.0,dev,0.3040416623541848,0.6959583376458152,0,1,1
785,1.0,train,0.996623387442751,0.003376612557248929,1,1,1
786,1.0,train,0.9653811591688145,0.03461884083118546,1,1,1
787,1.0,train,0.9879462187979858,0.01205378120201411,1,1,1
788,0.0,train,0.8376199673867852,0.16238003261321476,1,1,1
789,0.0,train,0.0001420236486940457,0.999857976351306,0,1,1
790,0.0,dev,0.3665897363221599,0.6334102636778401,0,1,1
791,0.0,train,0.00026947922781932925,0.9997305207721806,0,1,1
792,0.0,train,0.7341195327172402,0.2658804672827598,1,1,1
793,0.0,train,0.0006878510116570323,0.999312148988343,0,1,1
794,0.0,train,0.46879062662624377,0.5312093733737563,0,1,1
795,0.0,train,0.9372107940336021,0.06278920596639785,1,1,1
796,1.0,train,0.9591542846738385,0.04084571532616141,1,1,1
797,1.0,test,0.9998147741980937,0.00018522580190612773,1,1,1
798,1.0,train,0.9865717457515556,0.013428254248444427,1,1,1
799,1.0,dev,0.9149009538328171,0.08509904616718289,1,1,1
800,0.0,train,0.015663651009174048,0.9843363489908259,0,1,1
801,0.0,train,0.9755769074605843,0.024423092539415665,1,1,1
802,1.0,train,0.9987355783376236,0.0012644216623762818,1,1,1
803,0.0,train,0.9997388097373241,0.0002611902626758995,1,1,1
804,0.0,train,0.9845754472392633,0.015424552760736654,1,1,1
805,1.0,train,0.9948603886738534,0.0051396113261465,1,1,1
806,1.0,train,0.9780517466050083,0.021948253394991655,1,1,1
807,0.0,test,0.5736784074525096,0.4263215925474903,1,1,1
808,0.0,test,0.003483424917248258,0.9965165750827518,0,1,1
809,0.0,train,0.0031726826539785367,0.9968273173460214,0,1,1
810,1.0,train,0.9999886991917929,1.1300808207139148e-05,1,1,1
811,1.0,train,0.9994023306689501,0.0005976693310499651,1,1,1
812,0.0,test,0.9693242013909067,0.030675798609093245,1,1,1
813,0.0,train,1.9833367060283615e-05,0.9999801666329398,0,1,1
814,0.0,train,0.9969246304697512,0.0030753695302487122,1,1,1
815,1.0,train,0.9999741325797111,2.5867420288902552e-05,1,1,1
816,0.0,train,0.9416541651191745,0.05834583488082549,1,1,1
817,1.0,train,0.6825737214979745,0.3174262785020255,1,1,1
818,0.0,train,0.3923368301671084,0.6076631698328917,0,1,1
819,1.0,train,0.9995955184780587,0.000404481521941306,1,1,1
820,1.0,train,0.523420348936324,0.47657965106367595,1,1,1
821,1.0,train,0.9999760764810212,2.3923518978912513e-05,1,1,1
822,0.0,train,1.3420011905014699e-05,0.999986579988095,0,1,1
823,1.0,train,0.996675562787418,0.0033244372125819997,1,1,1
824,1.0,train,0.9546474207360066,0.0453525792639933,1,1,1
825,0.0,test,0.9988839855034451,0.001116014496554842,1,1,1
826,1.0,train,0.9715639690135509,0.02843603098644916,1,1,1
827,0.0,train,0.006192990708122642,0.9938070092918774,0,1,1
828,0.0,test,0.15817434878009673,0.8418256512199033,0,1,1
829,1.0,train,0.9999798543143253,2.0145685674691665e-05,1,1,1
830,1.0,train,0.9966755624664916,0.003324437533508393,1,1,1
831,1.0,train,0.6187804196836383,0.3812195803163618,1,1,1
832,1.0,dev,0.9948603892452975,0.00513961075470238,1,1,1
833,1.0,test,0.7690802370707283,0.23091976292927183,1,1,1
834,0.0,test,0.8774767922879693,0.12252320771203078,1,1,1
835,0.0,train,0.8856314783461302,0.11436852165386971,1,1,1
836,1.0,train,0.988130877730309,0.011869122269690823,1,1,1
837,1.0,train,0.988312740713418,0.011687259286582024,1,1,1
838,1.0,train,0.9996800017976357,0.00031999820236429,1,1,1
839,1.0,train,0.39233681595684605,0.6076631840431539,0,1,1
840,1.0,train,0.9896718483945663,0.010328151605433544,1,1,1
841,0.0,train,0.10818895456207035,0.8918110454379297,0,1,1
842,0.0,dev,0.9353465125449002,0.06465348745509983,1,1,1
843,1.0,train,0.9715639665434667,0.028436033456533377,1,1,1
844,1.0,train,0.9998176454525022,0.00018235454749783661,1,1,1
845,0.0,train,0.9943580907476066,0.005641909252393404,1,1,1
846,0.0,train,0.0003150388067124818,0.9996849611932874,0,1,1
847,0.0,train,0.030675798166010286,0.9693242018339896,0,1,1
848,0.0,dev,0.006903837049572252,0.9930961629504278,0,1,1
849,0.0,train,2.769405480944882e-06,0.9999972305945191,0,1,1
850,0.0,train,0.1127953943533099,0.88720460564669,0,1,1
851,1.0,train,0.9984512389172334,0.0015487610827666825,1,1,1
852,0.0,train,7.889262586245034e-06,0.9999921107374138,0,1,1
853,1.0,train,0.996406397685362,0.0035936023146380092,1,1,1
854,1.0,train,0.9859363710972001,0.01406362890279984,1,1,1
855,1.0,train,0.9977127721135939,0.0022872278864061357,1,1,1
856,1.0,train,0.6187804478040616,0.38121955219593834,1,1,1
857,0.0,train,0.7217432062975979,0.2782567937024021,1,1,1
858,1.0,train,0.9966233871920233,0.003376612807976699,1,1,1
859,1.0,train,0.9999485577969889,5.144220301108008e-05,1,1,1
860,1.0,train,0.9998579763089857,0.00014202369101438633,1,1,1
861,1.0,train,0.9978842969769237,0.002115703023076306,1,1,1
862,1.0,test,0.9999798543020926,2.0145697907358902e-05,1,1,1
863,0.0,train,0.0029349522679837604,0.9970650477320163,0,1,1
864,1.0,train,0.9999274563812294,7.254361877064204e-05,1,1,1
865,1.0,train,0.9918120883436533,0.008187911656346693,1,1,1
866,1.0,train,0.9960545924614082,0.003945407538591939,1,1,1
867,0.0,dev,4.832561946535254e-05,0.9999516743805347,0,1,1
868,1.0,train,0.993611678806523,0.0063883211934771126,1,1,1
869,1.0,train,0.9999369724131401,6.302758686008888e-05,1,1,1
870,0.0,train,0.9005297767743992,0.09947022322560094,1,1,1
871,1.0,train,0.9999937590710276,6.240928972317928e-06,1,1,1
872,0.0,train,0.00844562494453796,0.9915543750554621,0,1,1
873,1.0,train,0.5195213219520929,0.480478678047907,1,1,1
874,1.0,train,0.9850429164804706,0.014957083519529351,1,1,1
875,0.0,train,0.0017274589864831572,0.9982725410135168,0,1,1
876,1.0,train,0.9992083703573557,0.0007916296426443305,1,1,1
877,0.0,test,0.4493926197162523,0.5506073802837478,0,1,1
878,1.0,train,0.4455295350395727,0.5544704649604273,0,1,1
879,1.0,train,0.9998259946163216,0.00017400538367845966,1,1,1
880,1.0,train,0.0037072524340856458,0.9962927475659143,0,1,1
881,1.0,train,0.9997965730583129,0.00020342694168703124,1,1,1
882,0.0,train,0.00012148173832559028,0.9998785182616745,0,1,1
883,0.0,train,0.817574471748733,0.18242552825126704,1,1,1
884,1.0,train,0.7826624738835051,0.21733752611649484,1,1,1
885,1.0,dev,0.9997131458684705,0.000286854131529644,1,1,1
886,0.0,train,1.2029644103654222e-05,0.9999879703558964,0,1,1
887,0.0,train,0.008847354298913625,0.9911526457010863,0,1,1
888,1.0,train,0.9999963311377842,3.668862215856691e-06,1,1,1
889,0.0,train,0.0030753702155334405,0.9969246297844666,0,1,1
890,1.0,train,0.9854964174333114,0.014503582566688706,1,1,1
891,1.0,train,0.9995761152453788,0.0004238847546211449,1,1,1
892,1.0,test,0.9871787829043832,0.012821217095616674,1,1,1
893,0.0,dev,0.0009110511401472368,0.9990889488598527,0,1,1
894,0.0,train,0.939913350667554,0.06008664933244599,1,1,1
895,1.0,test,0.9999979095405127,2.090459487278583e-06,1,1,1
896,1.0,train,0.9947798753123799,0.0052201246876200265,1,1,1
897,1.0,train,0.9923043537888362,0.007695646211163751,1,1,1
898,1.0,train,0.999846437636097,0.00015356236390298182,1,1,1
899,0.0,train,2.144495545096627e-05,0.9999785550445491,0,1,1
900,1.0,test,0.9991169540930548,0.0008830459069451008,1,1,1
901,0.0,train,0.034100429638778046,0.965899570361222,0,1,1
902,0.0,train,0.9965703964324141,0.00342960356758583,1,1,1
903,0.0,train,0.0009850082087652155,0.9990149917912349,0,1,1
904,0.0,train,0.00014425992896468463,0.9998557400710353,0,1,1
905,1.0,train,0.999654008476707,0.0003459915232928858,1,1,1
906,0.0,test,0.8499711642563823,0.15002883574361767,1,1,1
907,1.0,test,0.999970688458383,2.9311541616943455e-05,1,1,1
908,0.0,train,3.6478528978957465e-05,0.9999635214710211,0,1,1
909,0.0,dev,0.0003982132092458623,0.9996017867907541,0,1,1
910,0.0,dev,0.9999867880421649,1.3211957835135833e-05,1,1,1
911,0.0,train,0.9996259043367598,0.00037409566324016875,1,1,1
912,0.0,train,0.9920620063679781,0.007937993632021809,1,1,1
913,1.0,train,0.9991306326233729,0.0008693673766270656,1,1,1
914,1.0,train,0.6992544210587585,0.3007455789412415,1,1,1
915,1.0,train,0.3451052709578724,0.6548947290421275,0,1,1
916,1.0,train,0.9999976312013575,2.368798642351025e-06,1,1,1
917,0.0,test,0.9343951680216529,0.06560483197834706,1,1,1
918,1.0,dev,0.9999976679248399,2.3320751600421752e-06,1,1,1
919,1.0,train,0.001000504162609839,0.9989994958373902,0,1,1
920,1.0,train,0.9992791618184819,0.0007208381815181501,1,1,1
921,0.0,train,1.260694924564399e-05,0.9999873930507545,0,1,1
922,1.0,train,0.995600585923512,0.0043994140764879565,1,1,1
923,0.0,train,0.9473810503664154,0.052618949633584634,1,1,1
924,0.0,dev,0.0048297210295956475,0.9951702789704042,0,1,1
925,0.0,dev,0.1480472055495773,0.8519527944504226,0,1,1
926,1.0,train,0.9999349718532166,6.502814678337243e-05,1,1,1
927,0.0,train,0.3208212878370535,0.6791787121629466,0,1,1
928,1.0,train,0.9999958426356192,4.1573643808175225e-06,1,1,1
929,0.0,train,0.0020507436619005516,0.9979492563380994,0,1,1
930,0.0,train,0.21206880435710532,0.7879311956428947,0,1,1
931,0.0,train,0.9999782173456738,2.178265432608192e-05,1,1,1
932,1.0,train,0.9994385212747648,0.0005614787252351118,1,1,1
933,0.0,dev,0.0047551989225383595,0.9952448010774616,0,1,1
934,1.0,train,0.9999907765337037,9.223466296181729e-06,1,1,1
935,1.0,train,0.9999953621285687,4.63787143140092e-06,1,1,1
936,1.0,dev,0.9993833703295181,0.0006166296704818836,1,1,1
937,1.0,train,0.9964619131811532,0.003538086818846948,1,1,1
938,1.0,train,0.8757869884059266,0.12421301159407334,1,1,1
939,1.0,train,0.9241418210233833,0.07585817897661679,1,1,1
940,0.0,train,0.24798741512455283,0.7520125848754471,0,1,1
941,0.0,train,0.7981867825403176,0.2018132174596823,1,1,1
942,1.0,train,0.865224073888819,0.1347759261111811,1,1,1
943,1.0,train,0.8933094032139576,0.10669059678604234,1,1,1
944,0.0,train,0.9793540701646714,0.020645929835328498,1,1,1
945,0.0,train,0.025178842432095925,0.9748211575679041,0,1,1
946,1.0,train,0.999030248053872,0.0009697519461279606,1,1,1
947,1.0,train,0.9999985406234907,1.459376509216298e-06,1,1,1
948,1.0,train,0.999965191889968,3.4808110031858946e-05,1,1,1
949,1.0,test,0.9997305207731843,0.00026947922681571144,1,1,1
950,1.0,dev,0.949669369539236,0.050330630460763956,1,1,1
951,1.0,train,0.9999667857940403,3.321420595975532e-05,1,1,1
952,1.0,train,0.9425067195846917,0.05749328041530817,1,1,1
953,1.0,train,0.9808759666033576,0.019124033396642343,1,1,1
954,0.0,train,0.03789242771609848,0.9621075722839016,0,1,1
955,0.0,train,0.25683199138751883,0.7431680086124811,0,1,1
956,1.0,train,0.9998977001856664,0.00010229981433370979,1,1,1
957,0.0,test,1.0188096100381593e-06,0.9999989811903899,0,1,1
958,0.0,train,2.7108810252290204e-05,0.9999728911897476,0,1,1
959,0.0,train,0.6548947290421275,0.3451052709578724,1,1,1
960,0.0,train,0.0007793661394384792,0.9992206338605614,0,1,1
961,1.0,train,0.9999651918876341,3.480811236584344e-05,1,1,1
962,0.0,test,0.9999970519840506,2.9480159494213084e-06,1,1,1
963,0.0,train,0.998611476744972,0.0013885232550281304,1,1,1
964,1.0,train,0.009412589865486466,0.9905874101345136,0,1,1
965,1.0,train,0.999993560959898,6.4390401020576e-06,1,1,1
966,1.0,train,0.999576115179085,0.0004238848209149753,1,1,1
967,0.0,train,0.6224593171945417,0.3775406828054583,1,1,1
968,0.0,test,0.00793799245855815,0.9920620075414418,0,1,1
969,0.0,train,3.1381473147186414e-06,0.9999968618526852,0,1,1
970,1.0,test,0.9993013242190724,0.0006986757809275401,1,1,1
971,1.0,test,0.5888891451980403,0.41111085480195975,1,1,1
972,1.0,train,0.9941800396828758,0.0058199603171241645,1,1,1
973,1.0,test,0.99924459442351,0.00075540557648994,1,1,1
974,1.0,train,0.3593641588823761,0.6406358411176238,0,1,1
975,1.0,test,0.999045268214301,0.000954731785698962,1,1,1
976,0.0,train,0.9748211610425007,0.025178838957499283,1,1,1
977,1.0,train,0.9976032693080135,0.0023967306919865866,1,1,1
978,1.0,train,0.9994023307357048,0.0005976692642951371,1,1,1
979,0.0,test,0.8558511579973932,0.14414884200260686,1,1,1
980,1.0,train,0.9861513890721764,0.013848610927823584,1,1,1
981,0.0,dev,0.989181552144454,0.01081844785554605,1,1,1
982,1.0,train,0.5117166047041654,0.4882833952958347,1,1,1
983,0.0,train,1.7502919529354843e-05,0.9999824970804707,0,1,1
984,0.0,train,0.09807933137938006,0.90192066862062,0,1,1
985,0.0,train,0.03067580348300616,0.9693241965169939,0,1,1
986,0.0,train,0.01428193602289086,0.985718063977109,0,1,1
987,1.0,train,0.999923975188242,7.602481175790562e-05,1,1,1
988,1.0,test,0.9999813682580962,1.863174190382607e-05,1,1,1
989,1.0,train,0.9923043510009422,0.007695648999057806,1,1,1
990,0.0,test,0.9086178895092414,0.09138211049075856,1,1,1
991,1.0,train,0.9997901169821508,0.00020988301784912318,1,1,1
992,1.0,dev,0.9914225154099561,0.008577484590043946,1,1,1
993,0.0,train,0.2598256379609837,0.7401743620390163,0,1,1
994,1.0,train,0.9993121488039738,0.0006878511960261695,1,1,1
995,0.0,train,0.9196425311777929,0.08035746882220708,1,1,1
996,1.0,train,0.9998232549257526,0.00017674507424744453,1,1,1
997,0.0,train,1.2606942482836477e-05,0.999987393057517,0,1,1
998,1.0,train,0.28776780354463427,0.7122321964553657,0,1,1
999,0.0,train,0.01428193182733175,0.9857180681726683,0,1,1
1000,0.0,dev,6.54043430315013e-06,0.9999934595656967,0,1,1
1001,0.0,train,0.09807932874307333,0.9019206712569268,0,1,1
1002,1.0,train,0.9999369724204181,6.302757958187027e-05,1,1,1
1003,1.0,train,0.999952423537591,4.757646240904986e-05,1,1,1
1004,0.0,train,0.014281936862002827,0.9857180631379971,0,1,1
1005,0.0,train,5.3910837606207094e-05,0.9999460891623938,0,1,1
1006,0.0,train,0.4882833952958347,0.5117166047041654,0,1,1
1007,1.0,train,0.9999586645826756,4.1335417324393836e-05,1,1,1
1008,1.0,train,0.9997965730643742,0.00020342693562566932,1,1,1
1009,0.0,train,0.2658804730998169,0.734119526900183,0,1,1
1010,1.0,train,0.9991832620108568,0.0008167379891430982,1,1,1
1011,0.0,train,0.0007437029080715481,0.9992562970919284,0,1,1
1012,1.0,train,0.007577241267860811,0.9924227587321393,0,1,1
1013,1.0,train,0.9975656180819618,0.0024343819180382992,1,1,1
1014,0.0,train,0.9790357597935575,0.02096424020644255,1,1,1
1015,0.0,train,0.019719129835608737,0.9802808701643912,0,1,1
1016,1.0,train,0.9979170292169542,0.0020829707830458,1,1,1
1017,1.0,train,0.9999903338935486,9.666106451416845e-06,1,1,1
1018,0.0,train,0.0003625900338769022,0.9996374099661232,0,1,1
1019,0.0,train,0.7690802423634961,0.23091975763650377,1,1,1
1020,1.0,dev,0.9518632268350685,0.04813677316493159,1,1,1
1021,1.0,train,0.9999329077477563,6.709225224372745e-05,1,1,1
1022,1.0,train,0.9999968618529892,3.1381470107663566e-06,1,1,1
1023,0.0,train,0.006488269980878505,0.9935117300191215,0,1,1
1024,0.0,train,0.00024923250973032246,0.9997507674902697,0,1,1
1025,1.0,train,0.9969721643344431,0.0030278356655569186,1,1,1
1026,0.0,train,0.9995271454809667,0.0004728545190332988,1,1,1
1027,1.0,train,0.9893474897884493,0.010652510211550755,1,1,1
1028,1.0,train,0.9893474894743615,0.010652510525638453,1,1,1
1029,0.0,train,0.4455295350395727,0.5544704649604273,0,1,1
1030,0.0,train,0.9433475762847495,0.056652423715250484,1,1,1
1031,1.0,train,0.9995761152532708,0.0004238847467290229,1,1,1
1032,1.0,test,0.9999867880368986,1.3211963101433787e-05,1,1,1
1033,1.0,dev,0.9626731145299533,0.0373268854700467,1,1,1
1034,1.0,train,0.900529778109184,0.09947022189081606,1,1,1
1035,0.0,train,0.8438950947024555,0.1561049052975445,1,1,1
1036,1.0,train,0.9916842216454103,0.00831577835458982,1,1,1
1037,1.0,train,0.9988304894912509,0.001169510508749058,1,1,1
1038,1.0,train,0.9999916019244299,8.398075570156547e-06,1,1,1
1039,0.0,dev,0.004538430782301787,0.9954615692176982,0,1,1
1040,1.0,train,0.9999318512568137,6.814874318625033e-05,1,1,1
1041,0.0,train,0.01941934591243718,0.9805806540875628,0,1,1
1042,0.0,dev,0.9941800397259857,0.005819960274014447,1,1,1
1043,0.0,train,0.38861802670584894,0.6113819732941511,0,1,1
1044,1.0,train,0.9989515305455545,0.0010484694544453724,1,1,1
1045,0.0,train,0.007460643684625836,0.992539356315374,0,1,1
1046,1.0,train,0.9999919865001535,8.01349984662306e-06,1,1,1
1047,1.0,train,0.9935117300671492,0.006488269932850779,1,1,1
1048,1.0,train,0.9999906312816841,9.368718315803093e-06,1,1,1
1049,1.0,train,0.752012562644147,0.24798743735585302,1,1,1
1050,1.0,train,0.9997765835948835,0.00022341640511643838,1,1,1
1051,0.0,train,0.968856165868213,0.031143834131786927,1,1,1
1052,1.0,dev,0.9999359799456737,6.402005432623996e-05,1,1,1
1053,1.0,train,0.9999921107359736,7.889264026333677e-06,1,1,1
1054,0.0,train,0.2877678157610531,0.712232184238947,0,1,1
1055,1.0,train,0.9996430293357168,0.00035697066428323933,1,1,1
1056,0.0,train,0.000203427075037039,0.9997965729249629,0,1,1
1057,1.0,train,0.999994317564639,5.682435361050709e-06,1,1,1
1058,1.0,test,0.9970189678126784,0.0029810321873216883,1,1,1
1059,1.0,train,0.9324533069832973,0.06754669301670263,1,1,1
1060,1.0,train,0.9999068541119038,9.314588809623683e-05,1,1,1
1061,0.0,train,0.06371499602983463,0.9362850039701653,0,1,1
1062,0.0,train,0.1329642264548166,0.8670357735451834,0,1,1
1063,0.0,train,0.6619228758499942,0.33807712415000585,1,1,1
1064,1.0,dev,0.9621075739136382,0.03789242608636187,1,1,1
1065,1.0,train,0.9999678076580677,3.219234193219836e-05,1,1,1
1066,1.0,train,0.9196425289753969,0.08035747102460308,1,1,1
1067,1.0,train,0.9999407908244592,5.920917554087688e-05,1,1,1
1068,1.0,train,0.999988340469164,1.1659530836068524e-05,1,1,1
1069,1.0,dev,0.934395161627477,0.06560483837252305,1,1,1
1070,1.0,train,0.9999950630127427,4.936987257428859e-06,1,1,1
1071,0.0,train,0.9924227602448701,0.0075772397551299425,1,1,1
1072,0.0,train,1.5936618347399998e-05,0.9999840633816527,0,1,1
1073,0.0,train,0.0076956464956426905,0.9923043535043573,0,1,1
1074,1.0,train,0.9979170288762399,0.002082971123760166,1,1,1
1075,1.0,train,0.9926541746207527,0.007345825379247276,1,1,1
1076,0.0,train,0.001000504341334946,0.998999495658665,0,1,1
1077,1.0,train,0.7853085758631159,0.21469142413688413,1,1,1
1078,0.0,dev,0.032100708568939526,0.9678992914310605,0,1,1
1079,0.0,train,0.0006361912109467575,0.9993638087890532,0,1,1
1080,1.0,train,0.9941800403295217,0.005819959670478434,1,1,1
1081,0.0,train,0.7090191337850932,0.29098086621490676,1,1,1
1082,0.0,train,0.15610488959337065,0.8438951104066295,0,1,1
1083,0.0,test,0.34864513533394575,0.6513548646660542,0,1,1
1084,0.0,train,0.3242353859211693,0.6757646140788307,0,1,1
1085,1.0,train,0.99975076742715,0.00024923257285010963,1,1,1
1086,0.0,train,0.0002959572369594874,0.9997040427630406,0,1,1
1087,1.0,train,0.9184802384467118,0.08151976155328808,1,1,1
1088,1.0,test,0.99915735787943,0.0008426421205699013,1,1,1
1089,0.0,train,0.010818447696082631,0.9891815523039175,0,1,1
1090,0.0,test,5.0644695402393335e-05,0.9999493553045977,0,1,1
1091,1.0,train,0.6150878555160665,0.38491214448393346,1,1,1
1092,1.0,train,0.986571745060622,0.013428254939378163,1,1,1
1093,0.0,train,0.046033901744859135,0.9539660982551409,0,1,1
1094,0.0,train,0.025565213923269593,0.9744347860767304,0,1,1
1095,1.0,train,0.9999768125269005,2.3187473099382556e-05,1,1,1
1096,1.0,train,0.9780517442059369,0.021948255794063197,1,1,1
1097,0.0,train,0.9399133481428692,0.0600866518571309,1,1,1
1098,0.0,train,0.9621075744568837,0.037892425543116344,1,1,1
1099,1.0,train,0.9984752134272827,0.001524786572717304,1,1,1
1100,0.0,test,0.007695646040476393,0.9923043539595235,0,1,1
1101,0.0,test,0.45713671682749485,0.5428632831725052,0,1,1
1102,1.0,dev,0.9999916019257125,8.398074287471367e-06,1,1,1
1103,1.0,train,0.9814534354878828,0.0185465645121173,1,1,1
1104,0.0,train,0.9664104977358681,0.03358950226413183,1,1,1
1105,1.0,test,0.9911526449170697,0.008847355082930386,1,1,1
1106,0.0,test,0.0013458605214644475,0.9986541394785354,0,1,1
1107,1.0,train,0.9996079581406873,0.00039204185931268593,1,1,1
1108,1.0,test,0.044680866456359554,0.9553191335436404,0,1,1
1109,1.0,train,0.9946150614795538,0.005384938520446108,1,1,1
1110,0.0,train,0.0715911935020382,0.9284088064979618,0,1,1
1111,1.0,test,0.9895109108279744,0.010489089172025543,1,1,1
1112,0.0,train,0.06278921385835867,0.9372107861416413,0,1,1
1113,1.0,train,0.8887587993853655,0.11124120061463459,1,1,1
1114,0.0,dev,0.000646203290719727,0.9993537967092804,0,1,1
1115,0.0,train,0.027169231535681047,0.9728307684643189,0,1,1
1116,1.0,train,0.9994115911573453,0.0005884088426546819,1,1,1
1117,1.0,train,0.9773707993078212,0.022629200692178785,1,1,1
1118,1.0,dev,0.99971759195987,0.0002824080401299808,1,1,1
1119,1.0,test,0.994530724996037,0.00546927500396303,1,1,1
1120,0.0,train,0.004538430647659861,0.9954615693523402,0,1,1
1121,1.0,train,0.2598256379609837,0.7401743620390163,0,1,1
1122,1.0,test,0.9999867880470866,1.321195291336394e-05,1,1,1
1123,1.0,train,0.9504109805274232,0.049589019472576816,1,1,1
1124,0.0,train,0.08151975597471893,0.9184802440252811,0,1,1
1125,1.0,test,0.999996910504217,3.0894957830778913e-06,1,1,1
1126,0.0,test,8.349629559983987e-05,0.9999165037044001,0,1,1
1127,0.0,dev,0.9999349718440118,6.502815598822601e-05,1,1,1
1128,1.0,train,0.6859494550081925,0.31405054499180746,1,1,1
1129,0.0,train,0.0005884089061851003,0.9994115910938148,0,1,1
1130,1.0,train,0.9999720307066639,2.7969293336078554e-05,1,1,1
1131,1.0,train,0.8104789086703224,0.18952109132967757,1,1,1
1132,1.0,train,0.9990746151615684,0.0009253848384316788,1,1,1
1133,1.0,train,0.9937100981890882,0.006289901810911896,1,1,1
1134,1.0,test,0.998755156980441,0.0012448430195589864,1,1,1
1135,0.0,train,2.39235179985934e-05,0.9999760764820014,0,1,1
1136,0.0,train,0.03963884136997595,0.9603611586300241,0,1,1
1137,1.0,train,0.9953181772326333,0.004681822767366626,1,1,1
1138,0.0,train,0.9702399026119352,0.029760097388064784,1,1,1
1139,0.0,train,5.920918634823492e-05,0.9999407908136517,0,1,1
1140,1.0,train,0.9982725415724195,0.0017274584275805,1,1,1
1141,0.0,train,0.00015118201129230775,0.9998488179887076,0,1,1
1142,0.0,train,0.9473810451666345,0.05261895483336549,1,1,1
1143,0.0,dev,0.00022341634686909464,0.9997765836531308,0,1,1
1144,0.0,train,0.03622005482463042,0.9637799451753697,0,1,1
1145,0.0,test,0.00020988308194944054,0.9997901169180505,0,1,1
1146,1.0,train,0.9991573576034232,0.0008426423965767889,1,1,1
1147,1.0,dev,0.9974885369528117,0.002511463047188217,1,1,1
1148,1.0,train,0.9539660930200907,0.046033906979909334,1,1,1
1149,1.0,train,0.9840936088713189,0.015906391128680933,1,1,1
1150,0.0,train,0.11757213045354989,0.8824278695464501,0,1,1
1151,0.0,test,1.3846002913203979e-05,0.9999861539970867,0,1,1
1152,0.0,train,0.40733341443526055,0.5926665855647394,0,1,1
1153,0.0,train,0.992184111788489,0.007815888211510972,1,1,1
1154,0.0,train,0.0013458600808508628,0.9986541399191492,0,1,1
1155,0.0,train,0.9991832620807791,0.0008167379192207754,1,1,1
1156,1.0,dev,0.9939024383041117,0.006097561695888326,1,1,1
1157,1.0,train,0.9999673007175636,3.269928243630933e-05,1,1,1
1158,0.0,train,4.42549240260816e-06,0.9999955745075974,0,1,1
1159,1.0,train,0.999754630460971,0.000245369539028918,1,1,1
1160,0.0,train,0.8418256551882382,0.15817434481176187,1,1,1
1161,1.0,test,0.7745833737577158,0.2254166262422842,1,1,1
1162,1.0,train,0.9973269941459713,0.0026730058540287436,1,1,1
1163,0.0,train,0.38121956625614994,0.6187804337438501,0,1,1
1164,0.0,train,0.0001253375291959852,0.9998746624708039,0,1,1
1165,0.0,train,2.0145693254441657e-05,0.9999798543067455,0,1,1
1166,0.0,train,0.35577489351363034,0.6442251064863697,0,1,1
1167,0.0,train,0.9998686481750468,0.0001313518249530509,1,1,1
1168,0.0,train,2.392349874869899e-05,0.9999760765012513,0,1,1
1169,0.0,train,5.173918461837749e-06,0.9999948260815382,0,1,1
1170,0.0,train,0.00020988311321789514,0.9997901168867821,0,1,1
1171,1.0,train,0.9965165750051623,0.0034834249948376516,1,1,1
1172,1.0,train,0.9996946509268795,0.0003053490731204854,1,1,1
1173,0.0,train,0.07696084416440005,0.9230391558355999,0,1,1
1174,1.0,train,0.9996593706646555,0.0003406293353444755,1,1,1
1175,1.0,train,0.9996317021123863,0.00036829788761374294,1,1,1
1176,0.0,train,0.09138211296528774,0.9086178870347122,0,1,1
1177,0.0,train,0.9993436271773396,0.0006563728226603676,1,1,1
1178,0.0,dev,0.018546567224514688,0.9814534327754852,0,1,1
1179,1.0,train,0.9998960893518535,0.00010391064814655638,1,1,1
1180,0.0,test,0.00048029736065021545,0.9995197026393499,0,1,1
1181,1.0,train,0.9985674630962097,0.0014325369037903597,1,1,1
1182,1.0,train,0.9999939510809914,6.04891900856192e-06,1,1,1
1183,1.0,train,0.999938911456493,6.10885435070496e-05,1,1,1
1184,1.0,train,0.9999933565681666,6.6434318335040544e-06,1,1,1
1185,0.0,train,0.0004238847798759362,0.999576115220124,0,1,1
1186,0.0,test,0.003824482963381757,0.9961755170366181,0,1,1
1187,1.0,train,0.8652240791017536,0.13477592089824647,1,1,1
1188,0.0,train,0.5428632979641571,0.45713670203584295,1,1,1
1189,1.0,train,0.7490872131147275,0.25091278688527247,1,1,1
1190,1.0,test,0.9929882034253631,0.0070117965746368536,1,1,1
1191,1.0,test,0.9559813463747181,0.04401865362528185,1,1,1
1192,1.0,train,0.9999970519847479,2.94801525205278e-06,1,1,1
1193,0.0,train,0.999978217352977,2.1782647023038255e-05,1,1,1
1194,0.0,test,0.47268349147711747,0.5273165085228825,0,1,1
1195,0.0,train,2.4061033436199448e-06,0.9999975938966563,0,1,1
1196,0.0,train,0.9683812318188365,0.03161876818116342,1,1,1
1197,0.0,train,0.9196425333801889,0.08035746661981112,1,1,1
1198,0.0,train,0.00012731110232105667,0.999872688897679,0,1,1
1199,0.0,train,0.9996849612941862,0.0003150387058137481,1,1,1
1200,1.0,train,0.9945307259281442,0.0054692740718557875,1,1,1
1201,1.0,train,0.7185943985973772,0.2814056014026228,1,1,1
1202,1.0,dev,0.9793540662478148,0.020645933752185222,1,1,1
1203,0.0,train,0.5389832206876841,0.4610167793123159,1,1,1
1204,1.0,train,0.44939263446475963,0.5506073655352404,0,1,1
1205,1.0,train,0.9993638088103697,0.0006361911896303554,1,1,1
1206,0.0,train,0.5851011686727232,0.41489883132727684,1,1,1
1207,1.0,train,0.9833429565737233,0.0166570434262767,1,1,1
1208,0.0,test,0.0001313517696667497,0.9998686482303333,0,1,1
1209,0.0,train,0.0015011825247663551,0.9984988174752337,0,1,1
1210,1.0,train,0.9994887421216596,0.0005112578783403726,1,1,1
1211,1.0,test,0.9992206340288253,0.000779365971174562,1,1,1
1212,1.0,train,0.9399133439350607,0.06008665606493926,1,1,1
1213,1.0,test,0.9999986290422441,1.370957755882662e-06,1,1,1
1214,1.0,train,0.6513548646660542,0.34864513533394575,1,1,1
1215,1.0,train,0.7279754371026367,0.27202456289736326,1,1,1
1216,1.0,train,0.9999667857998555,3.32142001445187e-05,1,1,1
1217,1.0,train,0.9999966594604599,3.3405395401282623e-06,1,1,1
1218,0.0,dev,0.6224593452091672,0.3775406547908327,1,1,1
1219,0.0,train,0.9999190723984096,8.092760159043612e-05,1,1,1
1220,0.0,train,0.743168019989179,0.256831980010821,1,1,1
1221,1.0,train,0.5736784074525096,0.4263215925474903,1,1,1
1222,1.0,train,0.7905303285397349,0.2094696714602651,1,1,1
1223,1.0,dev,0.9525741268224334,0.04742587317756679,1,1,1
1224,1.0,train,0.8152324983301567,0.18476750166984326,1,1,1
1225,1.0,train,0.9999963880180287,3.611981971370159e-06,1,1,1
1226,1.0,dev,0.9984988175254891,0.0015011824745108455,1,1,1
1227,0.0,dev,8.349630555254346e-05,0.9999165036944475,0,1,1
1228,1.0,train,0.9999053873402588,9.461265974108644e-05,1,1,1
1229,0.0,train,0.9879462199514129,0.012053780048587263,1,1,1
1230,0.0,train,2.857316533167625e-06,0.9999971426834667,0,1,1
1231,0.0,train,0.9854964174333114,0.014503582566688706,1,1,1
1232,1.0,train,0.9999559988083726,4.400119162738245e-05,1,1,1
1233,0.0,train,0.35936413143782797,0.640635868562172,0,1,1
1234,1.0,train,0.9609517061554854,0.03904829384451455,1,1,1
1235,0.0,train,0.983085085866014,0.01691491413398598,1,1,1
1236,1.0,train,0.9999745336033576,2.5466396642271968e-05,1,1,1
1237,1.0,train,0.9999082980736462,9.170192635381933e-05,1,1,1
1238,1.0,train,0.14033624589467186,0.8596637541053281,0,1,1
1239,1.0,train,0.9999711428741939,2.8857125806074883e-05,1,1,1
1240,1.0,train,0.5467381519846138,0.45326184801538616,1,1,1
1241,1.0,train,6.605216847517963e-05,0.9999339478315248,0,1,1
1242,0.0,train,0.008061991528271641,0.9919380084717284,0,1,1
1243,1.0,train,0.9995487892787742,0.000451210721225866,1,1,1
1244,1.0,train,0.9996374098540511,0.0003625901459487788,1,1,1
1245,1.0,train,0.9688561703644735,0.031143829635526404,1,1,1
1246,1.0,train,0.8824278664544911,0.11757213354550883,1,1,1
1247,1.0,train,0.9988664311889446,0.0011335688110555402,1,1,1
1248,1.0,train,0.9996259044468142,0.0003740955531857906,1,1,1
1249,0.0,train,0.002631673818437396,0.9973683261815626,0,1,1
1250,1.0,train,0.9802808731888498,0.019719126811150074,1,1,1
1251,1.0,train,0.9759464476302805,0.0240535523697195,1,1,1
1252,1.0,dev,0.9999893838662767,1.0616133723327756e-05,1,1,1
1253,1.0,train,0.8056321889812553,0.19436781101874467,1,1,1
1254,0.0,test,6.605212517087793e-05,0.9999339478748291,0,1,1
1255,0.0,train,0.01262494668104622,0.9873750533189537,0,1,1
1256,1.0,test,0.9986329741509196,0.0013670258490805997,1,1,1
1257,0.0,train,0.9664104982195784,0.03358950178042155,1,1,1
1258,0.0,train,0.031618770006199386,0.9683812299938005,0,1,1
1259,1.0,train,0.9899864315926217,0.010013568407378378,1,1,1
1260,1.0,train,0.9979492560026458,0.0020507439973543166,1,1,1
1261,0.0,test,0.9994115910478101,0.0005884089521898903,1,1,1
1262,0.0,train,0.03676946871440615,0.9632305312855939,0,1,1
1263,1.0,train,0.9958660312347386,0.004133968765261455,1,1,1
1264,0.0,train,0.08509903804604459,0.9149009619539553,0,1,1
1265,0.0,train,0.4035668680822513,0.5964331319177487,0,1,1
1266,0.0,train,0.9988120944219029,0.0011879055780970285,1,1,1
1267,0.0,dev,0.02843602975140713,0.9715639702485929,0,1,1
1268,1.0,dev,0.9999753170885123,2.468291148765933e-05,1,1,1
1269,0.0,train,0.9724147201714924,0.027585279828507708,1,1,1
1270,0.0,dev,0.0023967310126428686,0.9976032689873571,0,1,1
1271,0.0,train,0.027169230747973953,0.9728307692520259,0,1,1
1272,0.0,train,0.0038244827362966336,0.9961755172637035,0,1,1
1273,1.0,train,0.9748211557391688,0.025178844260831185,1,1,1
1274,0.0,train,0.0005527786698535617,0.9994472213301464,0,1,1
1275,0.0,train,0.14033624589467186,0.8596637541053281,0,1,1
1276,1.0,train,0.9967269355154565,0.003273064484543334,1,1,1
1277,0.0,train,4.222834451457741e-06,0.9999957771655485,0,1,1
1278,1.0,train,0.8976952811593496,0.1023047188406505,1,1,1
1279,1.0,train,0.9982453856943001,0.0017546143056998242,1,1,1
1280,1.0,train,0.8856314647623015,0.11436853523769844,1,1,1
1281,0.0,train,0.9425067163548471,0.05749328364515303,1,1,1
1282,0.0,train,0.9959927111432996,0.0040072888567004306,1,1,1
1283,1.0,train,0.9407897558991953,0.05921024410080469,1,1,1
1284,1.0,train,0.9986541395386191,0.0013458604613807686,1,1,1
1285,1.0,dev,0.9999285809993029,7.141900069708711e-05,1,1,1
1286,0.0,train,0.00017400544589681705,0.9998259945541033,0,1,1
1287,1.0,train,0.9956005872941392,0.004399412705860827,1,1,1
1288,1.0,train,0.9999788875252974,2.111247470258744e-05,1,1,1
1289,0.0,train,0.734119526900183,0.2658804730998169,1,1,1
1290,0.0,train,0.00042388459046503805,0.999576115409535,0,1,1
1291,0.0,train,0.00031015609759872507,0.9996898439024013,0,1,1
1292,1.0,train,0.9833429609670701,0.016657039032929855,1,1,1
1293,1.0,train,0.997712772037084,0.002287227962916031,1,1,1
1294,0.0,train,0.10669059678604234,0.8933094032139576,0,1,1
1295,1.0,test,0.983342959990771,0.01665704000922906,1,1,1
1296,1.0,train,0.9999683067325839,3.1693267416107016e-05,1,1,1
1297,1.0,train,0.9973269945233533,0.002673005476646753,1,1,1
1298,1.0,train,0.009708474762317362,0.9902915252376826,0,1,1
1299,1.0,test,0.9957353645168501,0.004264635483149844,1,1,1
1300,1.0,train,0.9979492568717757,0.0020507431282242206,1,1,1
1301,1.0,train,0.9715639681901894,0.02843603180981054,1,1,1
1302,0.0,train,0.9982725416045403,0.0017274583954596631,1,1,1
1303,0.0,train,0.9999611688843452,3.883111565484102e-05,1,1,1
1304,1.0,train,0.9999697580508166,3.0241949183449047e-05,1,1,1
1305,1.0,train,0.9998822553875415,0.0001177446124586049,1,1,1
1306,0.0,train,0.028870906110708944,0.9711290938892909,0,1,1
1307,1.0,train,0.9989677689632452,0.0010322310367548194,1,1,1
1308,1.0,train,0.9924227598526806,0.007577240147319397,1,1,1
1309,1.0,dev,0.8615381987656671,0.13846180123433283,1,1,1
1310,0.0,train,0.00021995337243206476,0.9997800466275678,0,1,1
1311,1.0,train,0.9999662627739785,3.373722602150379e-05,1,1,1
1312,0.0,train,1.6701420852629518e-05,0.9999832985791474,0,1,1
1313,1.0,train,0.9999792148231382,2.078517686168702e-05,1,1,1
1314,1.0,train,0.9967269344945872,0.00327306550541284,1,1,1
1315,0.0,dev,0.766293653760418,0.23370634623958197,1,1,1
1316,0.0,train,0.9999485577960309,5.144220396921651e-05,1,1,1
1317,0.0,test,0.11757212117767353,0.8824278788223265,0,1,1
1318,1.0,train,0.9999586646114698,4.1335388530131885e-05,1,1,1
1319,1.0,train,0.9995761151727715,0.00042388482722867404,1,1,1
1320,0.0,train,0.5078118642792044,0.49218813572079556,1,1,1
1321,1.0,train,0.04023794377454747,0.9597620562254526,0,1,1
1322,1.0,test,0.9891815534998929,0.010818446500107054,1,1,1
1323,1.0,train,0.9989994956065368,0.0010005043934631082,1,1,1
1324,1.0,train,0.9996374099161635,0.00036259008383665017,1,1,1
1325,0.0,train,0.47268347662043286,0.5273165233795671,0,1,1
1326,1.0,train,0.9702399034724605,0.029760096527539612,1,1,1
1327,0.0,train,0.0002611903735700399,0.9997388096264299,0,1,1
1328,1.0,train,0.9850429116504951,0.014957088349504917,1,1,1
1329,1.0,train,0.9999946618433202,5.338156679806944e-06,1,1,1
1330,0.0,train,0.9968763513073454,0.0031236486926545077,1,1,1
1331,1.0,test,0.9993013241956639,0.0006986758043361053,1,1,1
1332,1.0,train,0.9998511615839532,0.00014883841604681266,1,1,1
1333,1.0,train,0.8887587964389112,0.11124120356108877,1,1,1
1334,1.0,train,0.9999970519846382,2.948015361874585e-06,1,1,1
1335,0.0,train,0.9905874088840685,0.009412591115931453,1,1,1
1336,0.0,train,0.005730247873360823,0.9942697521266392,0,1,1
1337,1.0,train,0.99861147672431,0.0013885232756900101,1,1,1
1338,1.0,dev,0.9999516743844951,4.832561550495096e-05,1,1,1
1339,0.0,train,0.0016743994531624267,0.9983256005468376,0,1,1
1340,0.0,dev,0.00031015601443419013,0.9996898439855658,0,1,1
1341,0.0,train,0.9976032687468649,0.0023967312531351084,1,1,1
1342,1.0,train,0.999981941490148,1.805850985216091e-05,1,1,1
1343,0.0,train,0.00018522569911223736,0.9998147743008878,0,1,1
1344,0.0,dev,0.01665704000922906,0.983342959990771,0,1,1
1345,1.0,dev,4.069456213900494e-05,0.999959305437861,0,1,1
1346,1.0,train,0.9961155242872805,0.003884475712719599,1,1,1
1347,0.0,train,0.9993332977751445,0.0006667022248554661,1,1,1
1348,0.0,train,0.9942697540792942,0.005730245920705853,1,1,1
1349,1.0,train,1.2606948494220754e-05,0.9999873930515059,0,1,1
1350,0.0,test,0.9999985176420148,1.4823579853242073e-06,1,1,1
1351,,,0.8397339676722393,0.16026603232776068,1,1,1
1352,0.0,train,0.07263671439079847,0.9273632856092016,0,1,1
1353,1.0,test,0.9999945777785858,5.422221414123582e-06,1,1,1
1354,1.0,train,0.9820137859583881,0.017986214041611912,1,1,1
1355,1.0,train,0.9999151889251049,8.481107489507754e-05,1,1,1
1356,0.0,train,0.04336579381848507,0.9566342061815148,0,1,1
1357,1.0,train,0.9997086300196196,0.0002913699803804284,1,1,1
1358,0.0,train,0.20181323186177208,0.798186768138228,0,1,1
1359,1.0,train,0.9019206738932334,0.09807932610676663,1,1,1
1360,1.0,train,0.9907319884662122,0.00926801153378767,1,1,1
1361,1.0,test,0.999971142875054,2.885712494609035e-05,1,1,1
1362,0.0,train,0.9817357256559652,0.018264274344034912,1,1,1
1363,0.0,train,0.9999285809556728,7.141904432725191e-05,1,1,1
1364,1.0,train,0.9985449367258831,0.001455063274116849,1,1,1
1365,0.0,train,0.6959583124210896,0.30404168757891037,1,1,1
1366,0.0,train,0.14223190591772394,0.857768094082276,0,1,1
1367,1.0,train,0.3557748798522984,0.6442251201477016,0,1,1
1368,0.0,dev,0.00020027369510901605,0.999799726304891,0,1,1
1369,1.0,train,0.7690802370707283,0.23091976292927183,1,1,1
1370,0.0,train,0.034618837345168685,0.9653811626548313,0,1,1
1371,0.0,dev,0.008061993196575145,0.9919380068034248,0,1,1
1372,0.0,train,0.00806198985996848,0.9919380101400316,0,1,1
1373,1.0,train,0.5156199157230156,0.48438008427698437,1,1,1
1374,0.0,dev,0.9999898700112455,1.012998875440445e-05,1,1,1
1375,1.0,train,0.9999975175192694,2.482480730760943e-06,1,1,1
1376,1.0,dev,0.8918110396870288,0.10818896031297129,1,1,1
1377,1.0,test,0.9999987320720849,1.2679279150264807e-06,1,1,1
1378,1.0,train,0.9919380090079687,0.008061990992031302,1,1,1
1379,1.0,train,0.9579122714836206,0.04208772851637929,1,1,1
1380,0.0,train,2.0785163001863355e-05,0.9999792148369981,0,1,1
1381,1.0,train,0.9990889487920359,0.000911051207963998,1,1,1
1382,1.0,dev,0.9999810748447039,1.8925155296072347e-05,1,1,1
1383,0.0,train,0.9943580914999767,0.00564190850002335,1,1,1
1384,1.0,train,0.7718434925908525,0.2281565074091475,1,1,1
1385,0.0,test,0.944176863577751,0.055823136422248926,1,1,1
1386,0.0,train,0.00044421822659287556,0.9995557817734072,0,1,1
1387,0.0,test,0.002511463812447746,0.9974885361875523,0,1,1
1388,0.0,train,0.9697854103128328,0.030214589687167157,1,1,1
1389,1.0,train,0.9937100991670297,0.006289900832970235,1,1,1
1390,1.0,train,0.9525741221101401,0.04742587788985982,1,1,1
1391,1.0,train,0.976669228814708,0.023330771185291935,1,1,1
1392,0.0,train,0.004007288351171726,0.9959927116488283,0,1,1
1393,1.0,train,0.9995487893627807,0.0004512106372192494,1,1,1
1394,1.0,train,0.9999932519497423,6.748050257719818e-06,1,1,1
1395,1.0,train,0.9736446494481298,0.026355350551870174,1,1,1
1396,0.0,train,0.10818895456207035,0.8918110454379297,0,1,1
1397,0.0,train,0.1847675196261571,0.8152324803738429,0,1,1
1398,0.0,test,0.9748211604938802,0.025178839506119776,1,1,1
1399,1.0,test,0.999996499144738,3.500855262109011e-06,1,1,1
1400,1.0,train,0.9999443779179943,5.562208200577659e-05,1,1,1
1401,0.0,train,0.017986210488481234,0.9820137895115189,0,1,1
1402,1.0,train,0.9943580920433549,0.005641907956645039,1,1,1
1403,0.0,train,0.7826624688140728,0.21733753118592736,1,1,1
1404,0.0,train,2.668853116334648e-05,0.9999733114688367,0,1,1
1405,1.0,train,0.9999984220383071,1.5779616930159357e-06,1,1,1
1406,1.0,train,0.9907319886714487,0.0092680113285514,1,1,1
1407,0.0,train,0.01566364917116944,0.9843363508288306,0,1,1
1408,0.0,train,0.001597845636647604,0.9984021543633524,0,1,1
1409,1.0,test,0.9984512391649412,0.0015487608350587979,1,1,1
1410,1.0,dev,0.9790357593347938,0.020964240665206264,1,1,1
1411,1.0,train,0.9999982396569966,1.7603430034936037e-06,1,1,1
1412,1.0,train,0.9998977001551816,0.00010229984481831591,1,1,1
1413,1.0,train,0.9999975560070179,2.4439929821577078e-06,1,1,1
1414,1.0,train,0.999975317094765,2.4682905235145735e-05,1,1,1
1415,0.0,test,0.9334308054739519,0.06656919452604805,1,1,1
1416,1.0,train,0.9086178981700931,0.09138210182990686,1,1,1
1417,1.0,train,0.523420348936324,0.47657965106367595,1,1,1
1418,1.0,train,0.6187804337438501,0.38121956625614994,1,1,1
1419,1.0,train,0.6224593312018546,0.37754066879814546,1,1,1
1420,0.0,train,0.0008295892871718044,0.9991704107128282,0,1,1
1421,1.0,train,0.4378235137849365,0.5621764862150634,0,1,1
1422,0.0,train,0.46490155654565424,0.5350984434543458,0,1,1
1423,0.0,train,0.017442487800762525,0.9825575121992374,0,1,1
1424,1.0,dev,0.994698104266157,0.0053018957338429075,1,1,1
1425,1.0,train,0.03210070764297385,0.9678992923570262,0,1,1
1426,1.0,train,0.9207896748041439,0.07921032519585619,1,1,1
1427,0.0,train,0.9996540082679745,0.00034599173202556015,1,1,1
1428,1.0,train,0.9822877023336243,0.017712297666375703,1,1,1
1429,1.0,train,0.9968273174284932,0.00317268257150688,1,1,1
1430,0.0,train,0.9854964178592827,0.014503582140717302,1,1,1
1431,0.0,train,2.8130178194102023e-06,0.9999971869821805,0,1,1
1432,1.0,train,0.9902915250944195,0.00970847490558041,1,1,1
1433,1.0,train,0.9988486005885597,0.0011513994114403026,1,1,1
1434,0.0,train,0.9867771809697151,0.013222819030284943,1,1,1
1435,0.0,train,0.000237821951436869,0.9997621780485632,0,1,1
1436,1.0,train,0.9997800466210142,0.00021995337898574437,1,1,1
1437,0.0,train,0.013222822918885406,0.9867771770811146,0,1,1
1438,1.0,train,0.9999795370612242,2.046293877577947e-05,1,1,1
1439,0.0,train,0.0036499877898772777,0.9963500122101228,0,1,1
1440,0.0,train,0.0010162442226019576,0.998983755777398,0,1,1
1441,0.0,train,5.920914047211638e-05,0.9999407908595278,0,1,1
1442,1.0,train,0.998866430733391,0.0011335692666089169,1,1,1
1443,1.0,train,0.9992678187138088,0.0007321812861911777,1,1,1
1444,1.0,train,0.9975273768157998,0.002472623184200164,1,1,1
1445,0.0,test,0.0003859661135772666,0.9996140338864227,0,1,1
1446,1.0,test,0.9997997262220929,0.00020027377790706708,1,1,1
1447,0.0,train,2.521573160489306e-06,0.9999974784268396,0,1,1
1448,0.0,train,0.46490157137338844,0.5350984286266115,0,1,1
1449,0.0,train,0.9773707999669629,0.022629200033037256,1,1,1
1450,0.0,test,0.9518632241040059,0.04813677589599409,1,1,1
1451,0.0,train,0.550607350786733,0.4493926492132671,1,1,1
1452,1.0,train,0.9304582497090322,0.06954175029096783,1,1,1
1453,0.0,train,0.12765261536566067,0.8723473846343393,0,1,1
1454,0.0,train,0.28140560742914383,0.7185943925708561,0,1,1
1455,1.0,train,0.9252299601846025,0.07477003981539752,1,1,1
1456,0.0,train,0.22000709974589314,0.7799929002541067,0,1,1
1457,1.0,train,0.9971550906309234,0.0028449093690765324,1,1,1
1458,0.0,train,0.3106943704494217,0.6893056295505783,0,1,1
1459,1.0,train,0.9997219690868601,0.0002780309131400741,1,1,1
1460,0.0,dev,0.0033244371878953555,0.9966755628121048,0,1,1
1461,0.0,train,0.9915543746811017,0.008445625318898187,1,1,1
1462,0.0,train,0.9996485616686641,0.00035143833133576956,1,1,1
1463,1.0,train,0.9994023305309901,0.0005976694690099663,1,1,1
1464,0.0,train,0.22270014914315833,0.7772998508568416,0,1,1
1465,1.0,train,0.9828232899814557,0.017176710018544362,1,1,1
1466,0.0,train,0.03161876726864548,0.9683812327313545,0,1,1
1467,1.0,train,0.9999986712223565,1.3287776434587609e-06,1,1,1
1468,0.0,train,0.008061992243258816,0.9919380077567412,0,1,1
1469,1.0,train,0.4610167793123159,0.5389832206876841,0,1,1
1470,0.0,train,0.9637799425745086,0.03622005742549128,1,1,1
1471,1.0,train,0.9999692818044754,3.07181955246563e-05,1,1,1
1472,1.0,train,0.9996430292838723,0.0003569707161276843,1,1,1
1473,0.0,train,0.9901401441145626,0.00985985588543741,1,1,1
1474,1.0,train,0.4882833952958347,0.5117166047041654,0,1,1
1475,1.0,train,0.6584175139669997,0.3415824860330004,1,1,1
1476,1.0,dev,0.44167300566462553,0.5583269943353745,0,1,1
1477,1.0,test,0.9999980361951893,1.963804810623045e-06,1,1,1
1478,1.0,train,0.9997131460329899,0.0002868539670102012,1,1,1
1479,1.0,train,0.8757869851639067,0.12421301483609337,1,1,1
1480,1.0,train,0.9927672355010402,0.0072327644989599515,1,1,1
1481,0.0,test,0.00012533749931693857,0.999874662500683,0,1,1
1482,1.0,train,0.9955316165952345,0.0044683834047655226,1,1,1
1483,0.0,train,0.6187804196836383,0.3812195803163618,1,1,1
1484,1.0,train,0.9998804014388782,0.00011959856112175959,1,1,1
1485,1.0,train,0.9999531610998728,4.683890012723165e-05,1,1,1
1486,1.0,train,0.9942697538670491,0.005730246132950927,1,1,1
1487,0.0,train,0.2689414096510108,0.7310585903489892,0,1,1
1488,1.0,train,0.9910145691907409,0.008985430809259025,1,1,1
1489,0.0,test,0.009559397795162695,0.9904406022048373,0,1,1
1490,1.0,train,0.044680869000553285,0.9553191309994468,0,1,1
1491,0.0,train,0.010652510525638453,0.9893474894743615,0,1,1
1492,1.0,dev,0.9793540682062433,0.020645931793756768,1,1,1
1493,0.0,train,0.011508151098439324,0.9884918489015608,0,1,1
1494,1.0,test,0.9999964991450248,3.5008549751925798e-06,1,1,1
1495,1.0,train,0.9907319862086131,0.009268013791386967,1,1,1
1496,0.0,train,0.9504109763136773,0.04958902368632276,1,1,1
1497,1.0,dev,0.857768108626046,0.14223189137395395,1,1,1
1498,0.0,train,0.9999720306918688,2.7969308131179324e-05,1,1,1
1499,1.0,train,0.9999845536883663,1.5446311633866062e-05,1,1,1
1500,0.0,test,0.0007096704836398597,0.9992903295163602,0,1,1
1501,1.0,train,0.9999958426346434,4.157365356519099e-06,1,1,1
1502,0.0,train,8.013500354113434e-06,0.9999919864996459,0,1,1
1503,1.0,train,0.9986329742729739,0.0013670257270260496,1,1,1
1504,1.0,test,0.9559813513911652,0.044018648608834615,1,1,1
1505,0.0,train,0.003429603414796417,0.9965703965852036,0,1,1
1506,1.0,train,0.9996485618597417,0.0003514381402583654,1,1,1
1507,0.0,train,0.0002492326062664741,0.9997507673937336,0,1,1
1508,0.0,train,0.04958902298403175,0.9504109770159683,0,1,1
1509,1.0,train,0.9999913353431723,8.664656827611527e-06,1,1,1
1510,,,6.709225499286233e-05,0.9999329077450071,0,1,1
1511,0.0,train,0.9956005877510148,0.004399412248985212,1,1,1
1512,1.0,dev,0.9936116779552553,0.006388322044744669,1,1,1
1513,1.0,dev,0.9990600563012473,0.0009399436987527008,1,1,1
1514,1.0,train,0.998866430927423,0.0011335690725769007,1,1,1
1515,0.0,test,0.0028449092422609843,0.997155090757739,0,1,1
1516,1.0,train,0.9603611637352871,0.03963883626471278,1,1,1
1517,1.0,train,0.810478913248044,0.18952108675195606,1,1,1
1518,0.0,train,0.9787126457229186,0.02128735427708143,1,1,1
1519,1.0,train,0.9975273767147268,0.002472623285273262,1,1,1
1520,1.0,train,0.9999398584763982,6.014152360180521e-05,1,1,1
1521,1.0,train,0.9995197028360724,0.0004802971639276056,1,1,1
1522,1.0,train,0.9997346976626243,0.0002653023373756442,1,1,1
1523,0.0,train,0.004070136749449438,0.9959298632505507,0,1,1
1524,0.0,train,0.12421300511003351,0.8757869948899666,0,1,1
1525,1.0,train,0.9759464460561605,0.02405355394383956,1,1,1
1526,1.0,train,0.13117323055476698,0.868826769445233,0,1,1
1527,1.0,train,0.998695493319411,0.0013045066805891024,1,1,1
1528,0.0,train,0.9999764473766313,2.3552623368643567e-05,1,1,1
1529,0.0,train,0.3486451488696663,0.6513548511303336,0,1,1
1530,0.0,test,0.06097518769055627,0.9390248123094437,0,1,1
1531,0.0,train,1.7603437379647998e-06,0.9999982396562621,0,1,1
1532,0.0,train,0.9997175918063137,0.0002824081936862269,1,1,1
1533,1.0,dev,0.6688802603710086,0.3311197396289915,1,1,1
1534,1.0,train,0.9999989969859007,1.0030140994162798e-06,1,1,1
1535,0.0,train,0.01115803354985791,0.9888419664501422,0,1,1
1536,0.0,train,0.013848611029574872,0.9861513889704251,0,1,1
1537,1.0,train,0.971563964485063,0.02843603551493705,1,1,1
1538,1.0,train,0.999936972426053,6.302757394712094e-05,1,1,1
1539,1.0,test,0.9982725415531469,0.0017274584468530022,1,1,1
1540,0.0,train,0.00024156625510174273,0.9997584337448984,0,1,1
1541,1.0,dev,0.9752018398044143,0.02479816019558566,1,1,1
1542,1.0,train,0.9999711428923611,2.8857107638907006e-05,1,1,1
1543,1.0,train,0.9998534687153712,0.0001465312846287223,1,1,1
1544,1.0,dev,0.9946150610406003,0.005384938959399693,1,1,1
1545,0.0,train,0.9706877684006775,0.02931223159932252,1,1,1
1546,1.0,dev,0.9987744327704969,0.001225567229503116,1,1,1
1547,0.0,train,0.03567855497919691,0.9643214450208032,0,1,1
1548,1.0,train,0.9997262782952144,0.000273721704785631,1,1,1
1549,0.0,test,2.7969299691719476e-05,0.9999720307003082,0,1,1
1550,1.0,train,0.9999586645934541,4.1335406545790755e-05,1,1,1
1551,1.0,dev,0.9993228058778871,0.0006771941221129608,1,1,1
1552,1.0,train,0.9988120942848818,0.0011879057151181615,1,1,1
1553,0.0,train,0.5736784074525096,0.4263215925474903,1,1,1
1554,1.0,train,0.891811041124754,0.10818895887524603,1,1,1
1555,0.0,train,1.1478767442900329e-05,0.9999885212325571,0,1,1
1556,1.0,train,0.2720245510940225,0.7279754489059775,0,1,1
1557,0.0,train,0.9999970055603461,2.9944396539115136e-06,1,1,1
1558,1.0,train,0.968381229765671,0.03161877023432889,1,1,1
1559,1.0,train,0.9999646437470192,3.535625298077429e-05,1,1,1
1560,1.0,train,0.9996017868574832,0.00039821314251675975,1,1,1
1561,0.0,train,0.9343951588871158,0.06560484111288435,1,1,1
1562,1.0,dev,0.9973269944439045,0.002673005556095589,1,1,1
1563,1.0,test,0.9979809860319954,0.0020190139680046257,1,1,1
1564,1.0,train,0.9954615678712788,0.004538432128721269,1,1,1
1565,1.0,train,0.9898303437461133,0.010169656253886699,1,1,1
1566,1.0,train,0.9999867880475789,1.3211952421186854e-05,1,1,1
1567,1.0,train,0.9674102545292768,0.03258974547072332,1,1,1
1568,1.0,train,0.9998804014736261,0.00011959852637385091,1,1,1
1569,1.0,dev,0.9343951643678382,0.06560483563216184,1,1,1
1570,1.0,dev,0.03210070949490525,0.9678992905050948,0,1,1
1571,0.0,train,0.5467381519846138,0.45326184801538616,1,1,1
1572,0.0,train,0.0022872271298084203,0.9977127728701917,0,1,1
1573,0.0,train,0.9933071488775878,0.006692851122412387,1,1,1
1574,0.0,train,0.9967775155324055,0.0032224844675944934,1,1,1
1575,1.0,train,0.9999944056645582,5.594335441830181e-06,1,1,1
1576,0.0,train,0.30404167496654744,0.6959583250334526,0,1,1
1577,1.0,train,0.3702253786982541,0.6297746213017459,0,1,1
1578,0.0,train,0.9999339478630188,6.605213698113921e-05,1,1,1
1579,1.0,train,0.9992678188092046,0.0007321811907955076,1,1,1
1580,0.0,train,0.0013885231103949818,0.9986114768896049,0,1,1
1581,0.0,train,0.0008295892130622771,0.9991704107869378,0,1,1
1582,0.0,test,0.004007288232223805,0.9959927117677763,0,1,1
1583,1.0,train,0.9997658641787117,0.00023413582128831525,1,1,1
1584,1.0,train,0.9766692318706084,0.023330768129391548,1,1,1
1585,1.0,train,0.9999877809228415,1.2219077158467288e-05,1,1,1
1586,0.0,train,0.8902942173896132,0.10970578261038685,1,1,1
1587,0.0,train,0.9525741227833249,0.04742587721667508,1,1,1
1588,0.0,train,0.9989515306938215,0.001048469306178582,1,1,1
1589,1.0,train,0.9999349718219686,6.502817803143325e-05,1,1,1
1590,0.0,train,0.9957353645168501,0.004264635483149844,1,1,1
1591,1.0,train,0.9999952890913978,4.710908602294606e-06,1,1,1
1592,1.0,test,0.9099069987088003,0.09009300129119967,1,1,1
1593,1.0,train,0.9999452402501859,5.47597498139812e-05,1,1,1
1594,1.0,train,0.8519527944504226,0.1480472055495773,1,1,1
1595,0.0,train,0.72487026428967,0.2751297357103299,1,1,1
1596,1.0,dev,0.9948603885214685,0.005139611478531611,1,1,1
1597,0.0,train,0.03461883983518064,0.9653811601648195,0,1,1
1598,0.0,train,0.0030753701241621346,0.9969246298758377,0,1,1
1599,0.0,train,0.8887587993853655,0.11124120061463459,1,1,1
1600,0.0,train,0.32082130082460697,0.679178699175393,0,1,1
1601,1.0,train,0.9854964175398041,0.014503582460195853,1,1,1
1602,0.0,train,1.1478771547981075e-05,0.999988521228452,0,1,1
1603,,,0.989671849232282,0.010328150767717939,1,1,1
1604,1.0,dev,0.8596637397236823,0.14033626027631768,1,1,1
1605,1.0,test,0.9982178037704167,0.0017821962295832665,1,1,1
1606,0.0,train,0.7154239957834733,0.28457600421652673,1,1,1
1607,1.0,train,0.9990746151787889,0.0009253848212109934,1,1,1
1608,0.0,train,0.9407897484286538,0.05921025157134613,1,1,1
1609,1.0,train,0.9926541717413352,0.0073458282586648105,1,1,1
1610,1.0,train,0.8705972616934408,0.1294027383065593,1,1,1
1611,1.0,train,0.99341022750776,0.006589772492240021,1,1,1
1612,1.0,train,0.9977829866391836,0.0022170133608163897,1,1,1
1613,0.0,train,6.502819304988642e-05,0.99993497180695,0,1,1
1614,1.0,train,0.9980429834090625,0.001957016590937608,1,1,1
1615,1.0,train,0.03622005898600789,0.9637799410139922,0,1,1
1616,0.0,train,0.03461883784317106,0.9653811621568289,0,1,1
1617,1.0,train,0.9999683067305769,3.169326942317604e-05,1,1,1
1618,0.0,dev,0.9496693688269985,0.050330631173001586,1,1,1
1619,1.0,train,0.9963500128062186,0.003649987193781419,1,1,1
1620,1.0,dev,0.9994207083085108,0.0005792916914892171,1,1,1
1621,1.0,train,0.9996140339295411,0.0003859660704588431,1,1,1
1622,1.0,train,0.9991832617190072,0.0008167382809928569,1,1,1
1623,0.0,train,0.6297746213017459,0.3702253786982541,1,1,1
1624,0.0,test,0.0007554057902003951,0.9992445942097996,0,1,1
1625,0.0,train,7.254364417193132e-05,0.999927456355828,0,1,1
1626,0.0,train,0.10374862132405094,0.8962513786759492,0,1,1
1627,0.0,train,0.004681822107705956,0.9953181778922942,0,1,1
1628,1.0,train,0.754914975839675,0.24508502416032488,1,1,1
1629,1.0,train,0.9991169543428438,0.0008830456571561275,1,1,1
1630,0.0,train,0.03846619312060921,0.9615338068793907,0,1,1
1631,1.0,train,0.9992327077242386,0.0007672922757614296,1,1,1
1632,0.0,train,0.9994385211806925,0.0005614788193074765,1,1,1
1633,1.0,train,0.9399133456181842,0.06008665438181589,1,1,1
1634,1.0,train,0.9979809857692773,0.002019014230722598,1,1,1
1635,1.0,train,0.9999715902653088,2.8409734691251404e-05,1,1,1
1636,1.0,train,0.9918120886461793,0.008187911353820725,1,1,1
1637,0.0,train,0.9998440197527116,0.0001559802472883822,1,1,1
1638,1.0,dev,0.9999646437542632,3.535624573685431e-05,1,1,1
1639,1.0,train,0.9881308789536605,0.011869121046339474,1,1,1
1640,1.0,train,0.9966233882200072,0.003376611779992959,1,1,1
1641,0.0,dev,0.04272219998414247,0.9572778000158576,0,1,1
1642,1.0,dev,0.9999976312003956,2.368799604215365e-06,1,1,1
1643,0.0,dev,0.11920291576401235,0.8807970842359877,0,1,1
1644,1.0,train,0.9999795370653405,2.04629346594232e-05,1,1,1
1645,1.0,train,0.9999804741120274,1.952588797269289e-05,1,1,1
1646,1.0,train,0.98359696399782,0.01640303600217995,1,1,1
1647,0.0,train,0.9793540713698581,0.020645928630141964,1,1,1
1648,0.0,train,0.0005884087659800481,0.9994115912340199,0,1,1
1649,0.0,train,0.0012644218317340414,0.9987355781682659,0,1,1
1650,1.0,train,0.9999875885096525,1.241149034736546e-05,1,1,1
1651,1.0,train,0.9999318512854996,6.814871450046614e-05,1,1,1
1652,0.0,train,5.771922782414034e-06,0.9999942280772175,0,1,1
1653,1.0,train,0.9999807768279015,1.9223172098411604e-05,1,1,1
1654,1.0,train,0.9603611614662814,0.03963883853371856,1,1,1
1655,0.0,dev,0.9930961631802989,0.006903836819701106,1,1,1
1656,0.0,train,0.0037072527643110718,0.9962927472356888,0,1,1
1657,1.0,train,0.9910145724416519,0.008985427558348155,1,1,1
1658,0.0,train,0.9999715902634038,2.8409736596218508e-05,1,1,1
1659,1.0,train,0.9999379495192323,6.205048076765265e-05,1,1,1
1660,0.0,train,0.004982270469138441,0.9950177295308616,0,1,1
1661,0.0,dev,0.9970650476230016,0.00293495237699836,1,1,1
1662,0.0,train,0.37754066879814546,0.6224593312018546,0,1,1
1663,1.0,train,0.9999950630121172,4.9369878827439755e-06,1,1,1
1664,1.0,train,0.9999982396566589,1.7603433412191603e-06,1,1,1
1665,0.0,train,0.9999151889781794,8.48110218206889e-05,1,1,1
1666,0.0,train,5.82912500271163e-05,0.999941708749973,0,1,1
1667,1.0,train,0.9969246298073093,0.0030753701926906135,1,1,1
1668,0.0,train,0.10374862409521528,0.8962513759047847,0,1,1
1669,0.0,train,1.520683719833157e-05,0.9999847931628016,0,1,1
1670,1.0,train,0.9999930377429459,6.962257054162013e-06,1,1,1
1671,1.0,train,0.9999635214650421,3.647853495803668e-05,1,1,1
1672,1.0,train,0.10374861855288664,0.8962513814471134,0,1,1
1673,0.0,train,0.45326184801538616,0.5467381519846138,0,1,1
1674,0.0,train,0.002115703463512588,0.9978842965364874,0,1,1
1675,1.0,dev,0.5195213219520929,0.480478678047907,1,1,1
1676,1.0,train,0.9998822554419253,0.00011774455807454669,1,1,1
1677,0.0,train,0.00034062930743723643,0.9996593706925628,0,1,1
1678,1.0,train,0.9994887421673463,0.000511257832653728,1,1,1
1679,0.0,train,0.001116014459179299,0.9988839855408207,0,1,1
1680,1.0,train,0.9940889316253425,0.005911068374657587,1,1,1
1681,1.0,train,0.8856314707995588,0.11436852920044105,1,1,1
1682,1.0,train,0.9992206338982759,0.0007793661017241499,1,1,1
1683,1.0,train,0.84997116805678,0.15002883194322003,1,1,1
1684,1.0,test,0.9999835574987638,1.6442501236330236e-05,1,1,1
1685,0.0,train,0.9999349718096147,6.50281903853219e-05,1,1,1
1686,0.0,train,0.19682620835441803,0.8031737916455819,0,1,1
1687,1.0,train,0.999866579925976,0.00013342007402403807,1,1,1
1688,0.0,train,1.9333584585546463e-06,0.9999980666415416,0,1,1
1689,1.0,train,0.9987156921426712,0.0012843078573288214,1,1,1
1690,1.0,train,0.9993833703111525,0.0006166296888475483,1,1,1
1691,1.0,train,0.9999687981005779,3.1201899422016054e-05,1,1,1
1692,1.0,train,0.9998766053991941,0.00012339460080592455,1,1,1
1693,1.0,train,0.9711290913825542,0.02887090861744589,1,1,1
1694,0.0,train,0.9852713837716272,0.014728616228372867,1,1,1
1695,1.0,train,0.997285014752901,0.0027149852470988987,1,1,1
1696,1.0,train,0.9995694429731862,0.0004305570268137945,1,1,1
1697,0.0,train,0.31742625267332647,0.6825737473266735,0,1,1
1698,1.0,train,0.003172683408005215,0.9968273165919947,0,1,1
1699,0.0,dev,0.4378234991142019,0.5621765008857981,0,1,1
1700,0.0,test,0.0029810325527011854,0.9970189674472988,0,1,1
1701,1.0,train,0.8670357494949105,0.13296425050508953,1,1,1
1702,0.0,train,0.9969721647730142,0.0030278352269857978,1,1,1
1703,1.0,dev,0.9999329077290122,6.709227098783113e-05,1,1,1
1704,1.0,train,0.9992327077071015,0.0007672922928985893,1,1,1
1705,0.0,train,0.7634837689358857,0.23651623106411435,1,1,1
1706,1.0,train,0.9833429563296485,0.01665704367035156,1,1,1
1707,0.0,train,0.33807712415000585,0.6619228758499942,0,1,1
1708,1.0,train,0.9991030605427934,0.0008969394572064428,1,1,1
1709,0.0,train,2.627478410721211e-05,0.9999737252158929,0,1,1
1710,1.0,dev,0.9901401453510971,0.00985985464890288,1,1,1
1711,0.0,test,0.7057850278370112,0.29421497216298875,1,1,1
1712,1.0,train,0.9999982669490092,1.7330509908487152e-06,1,1,1
1713,1.0,train,0.998883985810755,0.0011160141892448594,1,1,1
1714,0.0,train,0.007121428113564034,0.9928785718864359,0,1,1
1715,0.0,train,0.025565212438420557,0.9744347875615795,0,1,1
1716,1.0,train,0.9879462183543603,0.012053781645639852,1,1,1
1717,0.0,train,0.8807970904940926,0.11920290950590741,1,1,1
1718,1.0,train,0.9999938558248713,6.144175128654689e-06,1,1,1
1719,1.0,train,0.037326888415033926,0.9626731115849659,0,1,1
1720,0.0,train,0.999823254818448,0.00017674518155206195,1,1,1
1721,0.0,test,0.9998944531282854,0.00010554687171460337,1,1,1
1722,0.0,train,0.9999991553774357,8.446225643927761e-07,1,1,1
1723,0.0,train,0.0003459917474872448,0.9996540082525128,0,1,1
1724,1.0,train,0.00723276251951448,0.9927672374804856,0,1,1
1725,0.0,train,0.5964331462646254,0.40356685373537454,1,1,1
1726,1.0,dev,0.992539355101603,0.007460644898397149,1,1,1
1727,1.0,train,0.9993436271333552,0.0006563728666447076,1,1,1
1728,0.0,train,0.020332357498075698,0.9796676425019243,0,1,1
1729,1.0,train,0.046033902399240385,0.9539660976007597,0,1,1
1730,1.0,dev,0.9997175918284007,0.0002824081715993645,1,1,1
1731,1.0,train,0.9999952149046674,4.78509533270189e-06,1,1,1
1732,1.0,test,0.9999929281066551,7.071893344908042e-06,1,1,1
1733,0.0,train,0.341582499438317,0.658417500561683,0,1,1
1734,1.0,test,0.9997965730424019,0.0002034269575981071,1,1,1
1735,1.0,train,0.9609517095103498,0.03904829048965016,1,1,1
1736,0.0,dev,0.999290329590332,0.0007096704096679966,1,1,1
1737,1.0,train,0.9830850840076008,0.016914915992399283,1,1,1
1738,1.0,train,0.9999662627694542,3.373723054586604e-05,1,1,1
1739,0.0,train,0.9968763515161483,0.0031236484838518186,1,1,1
1740,1.0,train,0.9999617709003489,3.822909965108249e-05,1,1,1
1741,1.0,train,0.999961168896062,3.8831103938066326e-05,1,1,1
1742,1.0,train,0.9822877010373297,0.017712298962670393,1,1,1
1743,1.0,train,0.9999963880157816,3.6119842184615347e-06,1,1,1
1744,0.0,test,0.8539127529517043,0.14608724704829565,1,1,1
1745,0.0,dev,0.9997834559501049,0.00021654404989510323,1,1,1
1746,0.0,train,0.2942149845400438,0.7057850154599563,0,1,1
1747,0.0,dev,0.9959298627673272,0.004070137232672753,1,1,1
1748,1.0,dev,0.9999553059395463,4.469406045375568e-05,1,1,1
1749,1.0,test,0.9999559988073892,4.4001192610842465e-05,1,1,1
1750,0.0,dev,0.9643214475842196,0.035678552415780364,1,1,1
1751,1.0,train,0.9976032688448433,0.0023967311551567855,1,1,1
1752,0.0,train,0.9736446444772555,0.026355355522744508,1,1,1
1753,0.0,test,0.001304506607789205,0.9986954933922108,0,1,1
1754,1.0,dev,0.7905303285397349,0.2094696714602651,1,1,1
1755,0.0,train,0.9518632302488963,0.04813676975110367,1,1,1
1756,1.0,train,0.9989994954724931,0.0010005045275069666,1,1,1
1757,0.0,train,0.8031737916455819,0.19682620835441803,1,1,1
1758,0.0,train,0.9999485578065702,5.14421934297169e-05,1,1,1
1759,1.0,train,0.9997346977140038,0.00026530228599621627,1,1,1
1760,1.0,train,0.9999516743589325,4.8325641067548745e-05,1,1,1
1761,1.0,train,0.9965703962541598,0.0034296037458401533,1,1,1
1762,1.0,train,0.9997175919788015,0.0002824080211983946,1,1,1
1763,0.0,train,0.9263037384317888,0.07369626156821128,1,1,1
1764,0.0,train,9.028035248580549e-05,0.9999097196475143,0,1,1
1765,1.0,train,0.9990302481621451,0.0009697518378548412,1,1,1
1766,1.0,train,0.9207896791514709,0.07921032084852897,1,1,1
1767,1.0,test,0.9999771719948986,2.2828005101514028e-05,1,1,1
1768,1.0,train,0.9252299550303292,0.07477004496967066,1,1,1
1769,0.0,train,0.9978510502770205,0.002148949722979586,1,1,1
1770,0.0,train,0.11596071825396677,0.8840392817460332,0,1,1
1771,0.0,dev,0.24220562872535945,0.7577943712746406,0,1,1
1772,0.0,test,0.9099070035949656,0.09009299640503438,1,1,1
1773,1.0,train,0.9999369723960008,6.302760399912311e-05,1,1,1
1774,0.0,train,0.001116014060506919,0.9988839859394931,0,1,1
1775,0.0,dev,0.05108273406781927,0.9489172659321806,0,1,1
1776,0.0,train,0.9441768541530197,0.0558231458469803,1,1,1
1777,1.0,train,0.885631476836816,0.11436852316318395,1,1,1
1778,0.0,train,0.00275762203956775,0.9972423779604322,0,1,1
1779,1.0,train,0.9994642194656423,0.000535780534357657,1,1,1
1780,0.0,train,0.8128673133042217,0.18713268669577832,1,1,1
1781,0.0,train,0.0012644220199093568,0.9987355779800906,0,1,1
1782,1.0,train,0.9999038975952398,9.610240476022484e-05,1,1,1
1783,1.0,dev,0.9999724643089879,2.753569101200785e-05,1,1,1
1784,0.0,dev,0.00015843617189234115,0.9998415638281076,0,1,1
1785,1.0,train,0.999992110736973,7.889263027088469e-06,1,1,1
1786,0.0,dev,6.709222100356629e-05,0.9999329077789965,0,1,1
1787,1.0,train,0.9918120908848712,0.008187909115128908,1,1,1
1788,0.0,test,0.9962345866625082,0.003765413337491788,1,1,1
1789,0.0,test,0.058345835699519115,0.941654164300481,0,1,1
1790,0.0,test,0.16238005288069604,0.837619947119304,0,1,1
1791,1.0,train,0.9999976679254958,2.3320745041256962e-06,1,1,1
1792,0.0,train,0.9324533079218341,0.06754669207816587,1,1,1
1793,1.0,train,0.9996317020808414,0.0003682979191585027,1,1,1
1794,0.0,train,0.005384937642539045,0.994615062357461,0,1,1
1795,1.0,train,0.9999593054029946,4.069459700538418e-05,1,1,1
1796,1.0,test,0.999929688123806,7.031187619409945e-05,1,1,1
1797,1.0,train,0.9997901168320624,0.00020988316793770192,1,1,1
1798,0.0,dev,0.9986541393383402,0.0013458606616597096,1,1,1
1799,1.0,train,0.998161335026812,0.001838664973188081,1,1,1
1800,0.0,train,0.6893056295505783,0.3106943704494217,1,1,1
1801,1.0,train,0.035678550877730524,0.9643214491222695,0,1,1
1802,0.0,train,0.3486451488696663,0.6513548511303336,0,1,1
1803,0.0,test,0.12940272823417906,0.8705972717658208,0,1,1
1804,1.0,dev,0.7577943822145998,0.2422056177854002,1,1,1
1805,0.0,train,0.9979809861220702,0.0020190138779299,1,1,1
1806,1.0,train,0.9999177981330807,8.220186691924502e-05,1,1,1
1807,1.0,dev,0.999519702732346,0.0004802972676540626,1,1,1
1808,0.0,train,0.04084572058025284,0.9591542794197472,0,1,1
1809,1.0,train,0.7310585786300049,0.2689414213699951,1,1,1
1810,0.0,train,0.024053550795599545,0.9759464492044004,0,1,1
1811,1.0,train,0.9968763518989532,0.0031236481010469227,1,1,1
1812,0.0,dev,0.6370307944803831,0.3629692055196168,1,1,1
1813,0.0,train,0.9999875885053989,1.2411494601062618e-05,1,1,1
1814,0.0,dev,0.8740772400852113,0.12592275991478885,1,1,1
1815,0.0,train,0.020023441289455244,0.9799765587105447,0,1,1
1816,1.0,train,0.9974490870668663,0.0025509129331337758,1,1,1
1817,1.0,train,0.9999165037239944,8.349627600545815e-05,1,1,1
1818,1.0,train,0.9980732657378462,0.0019267342621537913,1,1,1
1819,0.0,train,0.999953887240692,4.611275930804692e-05,1,1,1
1820,0.0,dev,0.00025315648529201923,0.999746843514708,0,1,1
1821,1.0,train,0.99818978913535,0.0018102108646501525,1,1,1
1822,1.0,train,0.9958660318175282,0.004133968182471849,1,1,1
1823,1.0,dev,0.9999994103580703,5.896419298234383e-07,1,1,1
1824,1.0,train,0.9980122260980092,0.001987773901990645,1,1,1
1825,0.0,dev,0.006903836640912443,0.9930961633590877,0,1,1
1826,0.0,train,0.9802808746290682,0.019719125370931824,1,1,1
1827,0.0,train,8.750297674610072e-05,0.9999124970232539,0,1,1
1828,0.0,train,0.9678992965238714,0.032100703476128575,1,1,1
1829,1.0,test,0.9390248191350352,0.06097518086496481,1,1,1
1830,0.0,train,0.9597620614046439,0.04023793859535619,1,1,1
1831,1.0,train,0.999746843741933,0.00025315625806704217,1,1,1
1832,0.0,train,0.9702399036875916,0.029760096312408318,1,1,1
1833,1.0,train,0.9950177298632844,0.0049822701367156965,1,1,1
1834,1.0,train,0.999995970543984,4.029456015956339e-06,1,1,1
1835,1.0,train,0.9995271456235825,0.0004728543764176402,1,1,1
1836,0.0,train,0.9989994958113261,0.001000504188673915,1,1,1
1837,0.0,train,0.12765261868437058,0.8723473813156294,0,1,1
1838,1.0,test,0.9971990733346252,0.0028009266653748165,1,1,1
1839,1.0,train,0.9752018416062039,0.02479815839379606,1,1,1
1840,1.0,dev,0.9999993318483923,6.681516077295702e-07,1,1,1
1841,0.0,train,0.01495708659314999,0.98504291340685,0,1,1
1842,1.0,test,0.9999586645891428,4.1335410857231656e-05,1,1,1
1843,1.0,train,0.6619228625116081,0.33807713748839185,1,1,1
1844,1.0,dev,0.9999008472444645,9.91527555353863e-05,1,1,1
1845,1.0,train,0.9875683499700582,0.01243165002994181,1,1,1
1846,0.0,train,1.952588637245298e-05,0.9999804741136276,0,1,1
1847,0.0,train,0.5926666143433998,0.4073333856566001,1,1,1
1848,1.0,train,0.99399640527051,0.006003594729490019,1,1,1
1849,1.0,test,0.9999935609597301,6.439040269967576e-06,1,1,1
1850,0.0,train,0.0024726234506656126,0.9975273765493344,0,1,1
1851,1.0,dev,0.9999982396568359,1.7603431641591515e-06,1,1,1
1852,1.0,train,0.7122321964553657,0.28776780354463427,1,1,1
1853,0.0,train,0.0003250359323896293,0.9996749640676105,0,1,1
1854,1.0,train,0.9999939510822533,6.048917746666843e-06,1,1,1
1855,0.0,train,0.5926665999540697,0.4073334000459302,1,1,1
1856,1.0,train,0.7981867777396212,0.20181322226037882,1,1,1
1857,1.0,dev,0.9553191322715435,0.0446808677284564,1,1,1
1858,0.0,test,1.1300806986288067e-05,0.9999886991930137,0,1,1
1859,0.0,train,0.004198795894514109,0.9958012041054858,0,1,1
1860,1.0,train,0.9998665799692117,0.0001334200307883342,1,1,1
1861,0.0,test,0.9999111191505132,8.888084948671153e-05,1,1,1
1862,0.0,train,0.9773707981543235,0.02262920184567651,1,1,1
1863,0.0,train,0.008577485540430151,0.9914225144595697,0,1,1
1864,0.0,test,0.795658095217705,0.20434190478229486,1,1,1
1865,1.0,train,0.9019206738932334,0.09807932610676663,1,1,1
1866,1.0,train,0.9334308063998763,0.06656919360012363,1,1,1
1867,1.0,train,0.743168019989179,0.256831980010821,1,1,1
1868,1.0,train,0.9999749284081134,2.5071591886654175e-05,1,1,1
1869,1.0,train,0.9999967112524047,3.2887475952802632e-06,1,1,1
1870,0.0,test,0.006903839501531609,0.9930961604984685,0,1,1
1871,0.0,train,0.012241274751278288,0.9877587252487218,0,1,1
1872,0.0,train,0.9982992774241172,0.0017007225758829418,1,1,1
1873,1.0,train,0.9980429832926434,0.0019570167073566093,1,1,1
1874,1.0,train,0.46879062662624377,0.5312093733737563,0,1,1
1875,1.0,test,0.9964063973652235,0.0035936026347765083,1,1,1
1876,0.0,train,5.738761231623397e-05,0.9999426123876838,0,1,1
1877,0.0,train,0.9999873930531964,1.2606946803518636e-05,1,1,1
1878,1.0,test,0.08389038412018836,0.9161096158798117,0,1,1
1879,0.0,train,5.649792991641406e-05,0.9999435020700836,0,1,1
1880,1.0,train,0.998012225506784,0.0019877744932159562,1,1,1
1881,1.0,train,0.8080672135527632,0.19193278644723683,1,1,1
1882,0.0,train,0.9999962146739849,3.7853260151365252e-06,1,1,1
1883,1.0,dev,0.9985896416397931,0.0014103583602068244,1,1,1
1884,0.0,train,0.17106120858237414,0.8289387914176259,0,1,1
1885,1.0,dev,0.21733752104706247,0.7826624789529376,0,1,1
1886,0.0,train,0.04742587115801275,0.9525741288419872,0,1,1
1887,0.0,train,0.8539127603871312,0.14608723961286893,1,1,1
1888,1.0,train,0.9921841105751559,0.007815889424844092,1,1,1
1889,1.0,train,0.6297746074044134,0.3702253925955866,1,1,1
1890,0.0,test,0.49218813572079556,0.5078118642792044,0,1,1
1891,0.0,train,8.614651650664293e-05,0.9999138534834934,0,1,1
1892,1.0,train,0.09807932874307333,0.9019206712569268,0,1,1
1893,0.0,train,0.9999605574060485,3.944259395144465e-05,1,1,1
1894,0.0,train,1.6701417866232893e-05,0.9999832985821338,0,1,1
1895,1.0,train,0.9871787827157817,0.012821217284218192,1,1,1
1896,1.0,train,0.9999956431187506,4.356881249452177e-06,1,1,1
1897,1.0,train,0.9999845536837629,1.5446316237155234e-05,1,1,1
1898,0.0,train,0.9857180632428862,0.01428193675711383,1,1,1
1899,0.0,train,0.7401743735019595,0.2598256264980406,1,1,1
1900,0.0,train,0.8080672135527632,0.19193278644723683,1,1,1
1901,0.0,train,0.9999227780649755,7.722193502448897e-05,1,1,1
1902,1.0,train,0.999984793159431,1.5206840568948732e-05,1,1,1
1903,1.0,train,0.9793540674530015,0.020645932546998456,1,1,1
1904,0.0,train,0.11596070603336647,0.8840392939666335,0,1,1
1905,1.0,train,0.9992083705459454,0.0007916294540545498,1,1,1
1906,1.0,train,0.9963500124268848,0.0036499875731151356,1,1,1
1907,0.0,train,0.8740772253241802,0.12592277467581975,1,1,1
1908,1.0,train,0.9999640869983508,3.591300164924351e-05,1,1,1
1909,1.0,train,0.9993121488039738,0.0006878511960261695,1,1,1
1910,1.0,dev,0.999582684310805,0.00041731568919494116,1,1,1
1911,1.0,train,0.9994966645070088,0.000503335492991215,1,1,1
1912,0.0,train,0.8479677545357569,0.15203224546424318,1,1,1
1913,1.0,train,0.995929861710276,0.004070138289723957,1,1,1
1914,1.0,dev,0.992767235608037,0.007232764391962884,1,1,1
1915,1.0,dev,0.9966233881698614,0.0033766118301385,1,1,1
1916,1.0,test,0.9999971869816723,2.8130183276552563e-06,1,1,1
1917,0.0,train,0.9828232909876817,0.017176709012318405,1,1,1
1918,1.0,dev,0.0007208381332170275,0.999279161866783,0,1,1
1919,0.0,test,0.0017821959512339172,0.998217804048766,0,1,1
1920,0.0,test,0.09268778365193334,0.9073122163480667,0,1,1
1921,1.0,test,0.9994806950658971,0.0005193049341029747,1,1,1
1922,1.0,train,0.9976032692723849,0.0023967307276150603,1,1,1
1923,1.0,train,0.9998286918608005,0.00017130813919944923,1,1,1
1924,1.0,train,0.9999900270622699,9.972937730047899e-06,1,1,1
1925,0.0,train,0.9957353645168501,0.004264635483149844,1,1,1
1926,0.0,train,0.8519528019683106,0.1480471980316895,1,1,1
1927,1.0,train,0.8056321843145405,0.19436781568545955,1,1,1
1928,0.0,train,0.640635854839898,0.35936414516010196,1,1,1
1929,0.0,train,0.5698526514141571,0.4301473485858429,1,1,1
1930,0.0,train,0.006003595263030731,0.9939964047369694,0,1,1
1931,0.0,train,0.9999978092191846,2.1907808154156486e-06,1,1,1
1932,1.0,train,0.9987934105032484,0.0012065894967516824,1,1,1
1933,1.0,train,0.9828232936290243,0.017176706370975552,1,1,1
1934,0.0,train,0.912436150952546,0.08756384904745382,1,1,1
1935,0.0,train,0.23091977351480808,0.7690802264851918,0,1,1
1936,1.0,train,0.07921033063001552,0.9207896693699845,0,1,1
1937,1.0,train,0.9989837560005336,0.0010162439994664933,1,1,1
1938,0.0,test,0.6513548511303336,0.3486451488696663,1,1,1
1939,0.0,train,0.9532750393827367,0.04672496061726326,1,1,1
1940,0.0,train,0.48438008427698437,0.5156199157230156,0,1,1
1941,1.0,train,0.9991832618102102,0.0008167381897897962,1,1,1
1942,0.0,train,0.0049054054147713464,0.9950945945852285,0,1,1
1943,0.0,train,0.7248702761768248,0.2751297238231752,1,1,1
1944,1.0,train,0.9996698473720333,0.0003301526279666292,1,1,1
1945,1.0,train,0.9966233869914412,0.0033766130085589297,1,1,1
1946,0.0,test,0.0004802971889650242,0.999519702811035,0,1,1
1947,1.0,train,0.99998355750054,1.644249946001992e-05,1,1,1
1948,1.0,test,0.9999389114605891,6.108853941099391e-05,1,1,1
1949,1.0,train,0.9990302480249992,0.0009697519750007947,1,1,1
1950,1.0,train,0.9989350374943929,0.0010649625056070142,1,1,1
1951,0.0,train,0.9994115912384014,0.0005884087615986408,1,1,1
1952,0.0,train,0.8840392817460332,0.11596071825396677,1,1,1
1953,0.0,train,0.37387582277169656,0.6261241772283034,0,1,1
1954,0.0,train,0.9825575114330982,0.017442488566901906,1,1,1
1955,0.0,test,0.00985985501258949,0.9901401449874104,0,1,1
1956,0.0,train,5.255395080585979e-06,0.9999947446049194,0,1,1
1957,1.0,test,0.9648551563783221,0.035144843621678024,1,1,1
1958,1.0,train,0.9999369724124355,6.302758756443266e-05,1,1,1
1959,1.0,train,0.9975656183443161,0.002434381655683942,1,1,1
1960,1.0,train,0.9648551535992067,0.03514484640079327,1,1,1
1961,1.0,train,0.9999955048190159,4.4951809840384996e-06,1,1,1
1962,0.0,train,9.818330494931206e-06,0.999990181669505,0,1,1
1963,0.0,train,0.29421497216298875,0.7057850278370112,0,1,1
1964,0.0,train,0.0011160139940615361,0.9988839860059384,0,1,1
1965,0.0,test,0.2720245392906821,0.727975460709318,0,1,1
1966,0.0,train,0.9532750433650784,0.046724956634921655,1,1,1
1967,0.0,train,0.9674102561735718,0.03258974382642806,1,1,1
1968,1.0,train,0.8976953003183444,0.10230469968165563,1,1,1
1969,1.0,test,0.9991169541193485,0.0008830458806515215,1,1,1
1970,1.0,train,0.9991169542573898,0.0008830457426102421,1,1,1
1971,1.0,train,0.974821157202157,0.025178842797842965,1,1,1
1972,1.0,dev,0.84594244507642,0.15405755492358,1,1,1
1973,1.0,train,0.9994642194975603,0.0005357805024397597,1,1,1
1974,1.0,train,0.9982178035318316,0.0017821964681684573,1,1,1
1975,0.0,train,1.6442492599788772e-05,0.9999835575074001,0,1,1
1976,1.0,train,0.9999938558242534,6.144175746649495e-06,1,1,1
1977,1.0,train,0.9473810421953308,0.052618957804669055,1,1,1
1978,0.0,train,0.9999981261244697,1.8738755302462538e-06,1,1,1
1979,0.0,train,0.9998858775754482,0.00011412242455179276,1,1,1
1980,1.0,train,0.9999593054392254,4.069456077466898e-05,1,1,1
1981,1.0,test,0.9999807768319833,1.92231680166124e-05,1,1,1
1982,1.0,train,0.6926419704455589,0.3073580295544412,1,1,1
1983,0.0,train,0.9978510502610439,0.0021489497389561023,1,1,1
1984,1.0,train,0.9999662627687002,3.373723129992647e-05,1,1,1
1985,0.0,train,0.9976403394582519,0.0023596605417481905,1,1,1
1986,0.0,test,0.10521054231434403,0.894789457685656,0,1,1
1987,1.0,dev,0.994180039812205,0.005819960187795013,1,1,1
1988,1.0,train,0.999130632736627,0.0008693672633730132,1,1,1
1989,1.0,train,0.9124361521430956,0.08756384785690437,1,1,1
1990,0.0,train,0.7662936324115011,0.23370636758849891,1,1,1
1991,1.0,train,0.9811668674937376,0.018833132506262337,1,1,1
1992,0.0,train,0.21206880435710532,0.7879311956428947,0,1,1
1993,1.0,train,0.9999538872547776,4.611274522245861e-05,1,1,1
1994,0.0,train,0.5774953651858118,0.42250463481418826,1,1,1
1995,0.0,train,0.8840392695254318,0.11596073047456816,1,1,1
1996,1.0,train,0.9950945949852859,0.004905405014714178,1,1,1
1997,1.0,train,0.9184802395624257,0.08151976043757422,1,1,1
1998,1.0,train,0.9950177309344241,0.0049822690655758894,1,1,1
1999,1.0,train,0.9999957771666654,4.2228333345414265e-06,1,1,1
2000,0.0,train,0.024053554293644024,0.9759464457063559,0,1,1
2001,1.0,train,0.9996485616136969,0.00035143838630326133,1,1,1
2002,0.0,train,0.7718434978390747,0.22815650216092537,1,1,1
2003,1.0,train,0.8807970748488297,0.11920292515117029,1,1,1
2004,0.0,train,0.16026603232776068,0.8397339676722393,0,1,1
