index,label,split,p_yes,p_no,pred_yes,saw_yes,saw_no
0,1.0,train,0.9999611688817415,3.8831118258569205e-05,1,1,1
1,0.0,train,0.013428255531607104,0.9865717444683929,0,1,1
2,0.0,train,0.025957354937269386,0.9740426450627306,0,1,1
3,1.0,train,0.9504109742068042,0.04958902579319586,1,1,1
4,0.0,dev,0.5813030761371503,0.4186969238628498,1,1,1
5,1.0,train,0.9999706884727962,2.931152720376127e-05,1,1,1
6,1.0,train,0.9994557867861975,0.000544213213802582,1,1,1
7,1.0,train,0.9999857144825628,1.4285517437225648e-05,1,1,1
8,0.0,train,0.9961755156457216,0.003824484354278437,1,1,1
9,1.0,train,0.9957353658773057,0.004264634122694311,1,1,1
10,0.0,dev,0.7279754489059775,0.2720245510940225,1,1,1
11,1.0,dev,0.9273632976542184,0.07263670234578153,1,1,1
12,0.0,train,0.0004802973320360126,0.9995197026679639,0,1,1
13,1.0,train,0.4610167793123159,0.5389832206876841,0,1,1
14,1.0,train,0.9999979095417977,2.0904582023328703e-06,1,1,1
15,0.0,train,0.7431680086124811,0.25683199138751883,1,1,1
16,0.0,train,0.4610167793123159,0.5389832206876841,0,1,1
17,1.0,train,0.9334308147331958,0.06656918526680433,1,1,1
18,0.0,dev,0.20946968133032526,0.7905303186696747,0,1,1
19,1.0,train,0.8705972616934408,0.1294027383065593,1,1,1
20,1.0,train,0.9988120947622458,0.0011879052377542826,1,1,1
21,0.0,test,1.5206846262177731e-05,0.9999847931537378,0,1,1
22,0.0,train,0.9985674631601572,0.00143253683984271,1,1,1
23,0.0,train,0.002981032198393794,0.9970189678016063,0,1,1
24,1.0,train,0.9999916019254622,8.398074537751388e-06,1,1,1
25,0.0,dev,0.5698526514141571,0.4301473485858429,1,1,1
26,0.0,train,0.05340333130637379,0.9465966686936261,0,1,1
27,0.0,train,0.000237821993952638,0.9997621780060474,0,1,1
28,1.0,train,0.9999881568631799,1.1843136820049437e-05,1,1,1
29,1.0,train,0.8128673133042217,0.18713268669577832,1,1,1
30,0.0,train,0.6187804478040616,0.38121955219593834,1,1,1
31,0.0,train,0.20181322226037882,0.7981867777396212,0,1,1
32,0.0,train,0.32423539898095244,0.6757646010190476,0,1,1
33,1.0,train,0.9999928167418748,7.183258125297551e-06,1,1,1
34,0.0,train,0.00013342000693415877,0.9998665799930657,0,1,1
35,0.0,train,0.9343951671081994,0.06560483289180075,1,1,1
36,0.0,train,0.34864513533394575,0.6513548646660542,0,1,1
37,1.0,train,0.9994296844054608,0.0005703155945392133,1,1,1
38,1.0,train,0.7799928951399098,0.22000710486009023,1,1,1
39,0.0,train,0.028007523039922988,0.9719924769600771,0,1,1
40,0.0,train,1.451047682496065e-05,0.9999854895231751,0,1,1
41,0.0,train,0.10087863354259306,0.8991213664574069,0,1,1
42,0.0,train,0.9994115913019317,0.000588408698068238,1,1,1
43,1.0,train,0.9999452402444744,5.475975552555573e-05,1,1,1
44,0.0,dev,0.9996993837486521,0.00030061625134784415,1,1,1
45,1.0,train,0.9999942280814534,5.771918546528713e-06,1,1,1
46,0.0,train,0.6076631556226292,0.3923368443773709,1,1,1
47,1.0,train,0.9994725216483601,0.0005274783516399666,1,1,1
48,0.0,train,0.048136775213228455,0.9518632247867717,0,1,1
49,1.0,dev,0.999983035573047,1.6964426952917725e-05,1,1,1
50,1.0,dev,0.003273065748477055,0.9967269342515229,0,1,1
51,1.0,dev,0.5851011686727232,0.41489883132727684,1,1,1
52,0.0,train,0.0025509128762618754,0.9974490871237381,0,1,1
53,0.0,train,0.009559399629260435,0.9904406003707394,0,1,1
54,0.0,train,0.0003053487865546364,0.9996946512134453,0,1,1
55,0.0,train,0.0008167380803461365,0.9991832619196538,0,1,1
56,1.0,train,0.9924227577236518,0.0075772422763482235,1,1,1
57,1.0,train,0.9996993835370579,0.0003006164629421409,1,1,1
58,1.0,train,0.9995826842735097,0.00041731572649030257,1,1,1
59,0.0,train,0.0769608420473065,0.9230391579526935,0,1,1
60,0.0,train,0.9988304897262411,0.0011695102737588547,1,1,1
61,1.0,train,0.9999531610969066,4.6838903093397307e-05,1,1,1
62,0.0,train,0.6113819732941511,0.38861802670584894,1,1,1
63,1.0,train,0.9999977396752053,2.260324794703993e-06,1,1,1
64,1.0,train,0.9982453853158513,0.00175461468414863,1,1,1
65,0.0,train,0.0034296033129368117,0.996570396687063,0,1,1
66,0.0,train,0.007695647178392188,0.9923043528216078,0,1,1
67,1.0,train,0.9994557866727275,0.0005442133272725319,1,1,1
68,1.0,test,0.9999737252216675,2.627477833237377e-05,1,1,1
69,1.0,train,0.9073122251200418,0.09268777487995823,1,1,1
70,1.0,train,0.9828232916165729,0.017176708383427216,1,1,1
71,1.0,train,0.9933071498682252,0.006692850131774789,1,1,1
72,1.0,train,0.9911526460930948,0.008847353906905274,1,1,1
73,0.0,train,0.14033626027631768,0.8596637397236823,0,1,1
74,0.0,train,0.9865717483178805,0.013428251682119434,1,1,1
75,0.0,train,0.0006878512165116324,0.9993121487834885,0,1,1
76,1.0,train,0.5156199157230156,0.48438008427698437,1,1,1
77,0.0,train,0.9999678076730582,3.219232694195706e-05,1,1,1
78,1.0,train,0.9992791620599875,0.000720837940012569,1,1,1
79,1.0,train,0.9999936607879429,6.339212057045303e-06,1,1,1
80,0.0,dev,0.9999745335857124,2.5466414287596697e-05,1,1,1
81,0.0,dev,0.9944450755844114,0.0055549244155885386,1,1,1
82,0.0,train,3.071817172308397e-05,0.9999692818282769,0,1,1
83,0.0,train,0.0007321810872230796,0.9992678189127768,0,1,1
84,1.0,train,0.9994296844033373,0.0005703155966625927,1,1,1
85,1.0,train,0.05419872829548197,0.945801271704518,0,1,1
86,1.0,train,0.9997346976369346,0.00026530236306536193,1,1,1
87,1.0,train,0.9960545936618715,0.003945406338128548,1,1,1
88,0.0,train,0.9814534352166431,0.018546564783357023,1,1,1
89,1.0,dev,0.9958012039497254,0.004198796050274682,1,1,1
90,0.0,train,0.9780517450056274,0.021948254994372658,1,1,1
91,0.0,train,0.787931190663057,0.2120688093369431,1,1,1
92,0.0,dev,0.6113819732941511,0.38861802670584894,1,1,1
93,1.0,test,0.9999970055595319,2.994440468235646e-06,1,1,1
94,1.0,train,0.9999847931615553,1.5206838444610097e-05,1,1,1
95,0.0,train,0.001867565755677859,0.9981324342443222,0,1,1
96,0.0,train,0.9981613349037464,0.0018386650962534858,1,1,1
97,1.0,train,0.9997901168711478,0.00020988312885212416,1,1,1
98,0.0,train,0.9840936079383049,0.015906392061694984,1,1,1
99,1.0,train,0.9961755158160354,0.00382448418396453,1,1,1
100,0.0,train,0.9111797088058518,0.08882029119414814,1,1,1
101,1.0,train,0.9481545348152283,0.05184546518477177,1,1,1
102,0.0,train,0.9982992773861677,0.0017007226138324027,1,1,1
103,0.0,train,0.0003250357580834886,0.9996749642419165,0,1,1
104,0.0,train,0.009268015570101942,0.990731984429898,0,1,1
105,0.0,train,0.9840936100375866,0.015906389962413444,1,1,1
106,1.0,train,0.9999339478758132,6.605212418668959e-05,1,1,1
107,1.0,train,0.9999138534677695,8.614653223040803e-05,1,1,1
108,1.0,train,0.9780517453255037,0.021948254674496445,1,1,1
109,0.0,train,0.09401017707824097,0.905989822921759,0,1,1
110,0.0,dev,0.0019570171148231693,0.9980429828851768,0,1,1
111,1.0,train,0.6261241772283034,0.37387582277169656,1,1,1
112,1.0,train,0.9950945941124338,0.004905405887566224,1,1,1
113,1.0,train,0.9998088957225584,0.0001911042774414984,1,1,1
114,0.0,train,0.8757869948899666,0.12421300511003351,1,1,1
115,0.0,train,0.21206880435710532,0.7879311956428947,0,1,1
116,1.0,dev,0.9986749774841959,0.0013250225158042191,1,1,1
117,1.0,dev,0.9987551568924402,0.0012448431075599367,1,1,1
118,0.0,train,0.0031726822769652645,0.9968273177230348,0,1,1
119,0.0,train,0.9993833702790126,0.0006166297209874629,1,1,1
120,1.0,test,0.9648551551150879,0.0351448448849122,1,1,1
121,1.0,train,0.999860177960809,0.00013982203919098442,1,1,1
122,1.0,train,0.974821156470663,0.02517884352933707,1,1,1
123,0.0,train,0.0017546141491003426,0.9982453858508996,0,1,1
124,0.0,train,0.5813030906443133,0.41869690935568665,1,1,1
125,1.0,train,0.9999359799254031,6.402007459687478e-05,1,1,1
126,0.0,train,0.983596971210268,0.016403028789732012,1,1,1
127,0.0,train,0.00039821326856062964,0.9996017867314394,0,1,1
128,0.0,train,0.25683200276421697,0.743167997235783,0,1,1
129,1.0,train,0.9975273764574498,0.002472623542550256,1,1,1
130,1.0,train,0.999996711252325,3.288747674915009e-06,1,1,1
131,1.0,train,0.9999977396747296,2.2603252704536477e-06,1,1,1
132,1.0,train,0.9207896845856298,0.07921031541437025,1,1,1
133,0.0,train,4.4694071442156975e-05,0.9999553059285579,0,1,1
134,1.0,train,0.999170410657246,0.0008295893427539542,1,1,1
135,0.0,train,6.339212671041975e-06,0.999993660787329,0,1,1
136,0.0,train,0.3960681662740417,0.6039318337259583,0,1,1
137,1.0,train,0.9984512386752861,0.001548761324713956,1,1,1
138,1.0,train,0.9999251537521368,7.48462478632371e-05,1,1,1
139,1.0,train,0.9999760764820014,2.39235179985934e-05,1,1,1
140,1.0,train,0.7606506526772884,0.23934934732271168,1,1,1
141,0.0,train,0.02442308792384301,0.9755769120761569,0,1,1
142,0.0,train,0.9996374098959094,0.000362590104090604,1,1,1
143,1.0,dev,0.9755769085257165,0.02442309147428344,1,1,1
144,0.0,train,0.30404167496654744,0.6959583250334526,0,1,1
145,0.0,train,0.1384617834587191,0.8615382165412808,0,1,1
146,0.0,dev,0.31742626558767584,0.682573734412324,0,1,1
147,0.0,train,0.626124191181315,0.37387580881868504,1,1,1
148,1.0,train,0.9252299622463117,0.07477003775368836,1,1,1
149,0.0,train,0.0005703157750264963,0.9994296842249736,0,1,1
150,0.0,test,0.7606506418255927,0.2393493581744072,1,1,1
151,0.0,dev,0.9955316165620912,0.004468383437908812,1,1,1
152,1.0,train,0.6654105454764747,0.3345894545235253,1,1,1
153,0.0,train,0.0005527785052037703,0.9994472214947964,0,1,1
154,0.0,train,0.0012448430056641,0.9987551569943358,0,1,1
155,0.0,train,0.01243164938964095,0.987568350610359,0,1,1
156,1.0,train,0.9999879703663379,1.2029633662141826e-05,1,1,1
157,0.0,train,0.0010987312691772204,0.9989012687308229,0,1,1
158,1.0,train,0.9697854129326061,0.03021458706739398,1,1,1
159,1.0,train,0.9995955185744555,0.0004044814255444142,1,1,1
160,1.0,train,0.9999954340313131,4.56596868706859e-06,1,1,1
161,1.0,train,0.9875683494212288,0.012431650578771143,1,1,1
162,1.0,train,0.9990600561508216,0.0009399438491784034,1,1,1
163,0.0,train,0.9933071502644802,0.006692849735519792,1,1,1
164,1.0,train,0.9988486005457162,0.001151399454283887,1,1,1
165,0.0,dev,0.5964331462646254,0.40356685373537454,1,1,1
166,1.0,test,0.9965703953374232,0.0034296046625768217,1,1,1
167,0.0,train,0.00026947915555885544,0.9997305208444413,0,1,1
168,,,1.4064047695231771e-05,0.9999859359523047,0,1,1
169,0.0,train,0.30404167496654744,0.6959583250334526,0,1,1
170,0.0,train,0.3775406828054583,0.6224593171945417,0,1,1
171,1.0,train,0.9998028306389903,0.00019716936100965218,1,1,1
172,1.0,train,0.9999097196189296,9.028038107047346e-05,1,1,1
173,0.0,train,7.48462252801868e-05,0.9999251537747198,0,1,1
174,1.0,train,0.12252320610998799,0.8774767938900121,0,1,1
175,0.0,train,8.220187518666284e-05,0.9999177981248133,0,1,1
176,0.0,test,0.00941258861504164,0.9905874113849583,0,1,1
177,0.0,train,0.17781086947804958,0.8221891305219503,0,1,1
178,1.0,dev,0.9994207084508582,0.0005792915491417816,1,1,1
179,0.0,train,0.45326184801538616,0.5467381519846138,0,1,1
180,1.0,train,0.588889130767832,0.411110869232168,1,1,1
181,1.0,train,0.9161096204605947,0.08389037953940537,1,1,1
182,1.0,train,0.9998204721122314,0.0001795278877686002,1,1,1
183,0.0,test,0.9999485577807007,5.14422192994016e-05,1,1,1
184,1.0,train,0.022977365895758564,0.9770226341042414,0,1,1
185,1.0,train,0.9773707974951819,0.022629202504818088,1,1,1
186,1.0,train,0.24220563966531902,0.757794360334681,0,1,1
187,1.0,train,0.931462506016718,0.06853749398328193,1,1,1
188,1.0,train,0.8289388083214156,0.17106119167858438,1,1,1
189,1.0,train,0.9854964214800391,0.014503578519960881,1,1,1
190,0.0,train,0.995992711946198,0.0040072880538019285,1,1,1
191,1.0,dev,0.9999981551759917,1.8448240083267128e-06,1,1,1
192,1.0,train,0.5078118642792044,0.49218813572079556,1,1,1
193,1.0,train,0.9999968124344153,3.1875655847401046e-06,1,1,1
194,1.0,train,0.9697854114044051,0.030214588595594973,1,1,1
195,0.0,train,0.7185943985973772,0.2814056014026228,1,1,1
196,0.0,dev,0.003123649156660536,0.9968763508433396,0,1,1
197,1.0,train,0.9999942280821094,5.771917890719335e-06,1,1,1
198,1.0,train,0.9999927036225184,7.296377481763652e-06,1,1,1
199,1.0,test,0.3486451488696663,0.6513548511303336,0,1,1
200,1.0,dev,0.9314625136270513,0.06853748637294865,1,1,1
201,1.0,test,0.9732407187549281,0.026759281245071823,1,1,1
202,1.0,train,0.7490872187162397,0.2509127812837603,1,1,1
203,1.0,train,0.983085084131495,0.01691491586850505,1,1,1
204,0.0,dev,0.2146914191122419,0.785308580887758,0,1,1
205,1.0,dev,0.6187804196836383,0.3812195803163618,1,1,1
206,0.0,train,0.0002653024401345299,0.9997346975598654,0,1,1
207,0.0,train,0.9991440992103389,0.0008559007896612078,1,1,1
208,0.0,train,0.0009547319384890428,0.999045268061511,0,1,1
209,1.0,train,0.9999879703554483,1.2029644551788005e-05,1,1,1
210,1.0,test,0.9999959705418073,4.029458192527699e-06,1,1,1
211,1.0,train,0.9951702776812286,0.004829722318771372,1,1,1
212,1.0,train,0.40356685373537454,0.5964331462646254,0,1,1
213,0.0,train,0.99945578685509,0.0005442131449101239,1,1,1
214,1.0,train,0.9658995782141546,0.03410042178584543,1,1,1
215,0.0,train,0.000755405565242023,0.999244594434758,0,1,1
216,1.0,train,0.9999982396562161,1.7603437838692595e-06,1,1,1
217,1.0,test,0.9967775152452214,0.0032224847547786314,1,1,1
218,1.0,train,0.9928785715176696,0.007121428482330484,1,1,1
219,1.0,train,0.99276723731999,0.007232762680010038,1,1,1
220,1.0,train,0.9999775259015224,2.2474098477518022e-05,1,1,1
221,0.0,train,0.2658804730998169,0.734119526900183,0,1,1
222,0.0,train,0.00010889696194700532,0.9998911030380528,0,1,1
223,0.0,train,0.00016093090171239433,0.9998390690982876,0,1,1
224,0.0,train,0.6791787121629466,0.3208212878370535,1,1,1
225,0.0,train,0.15203224162217424,0.8479677583778257,0,1,1
226,1.0,train,0.999726278457301,0.0002737215426989008,1,1,1
227,1.0,train,0.9999909195279814,9.080472018719339e-06,1,1,1
228,0.0,train,0.7185943925708561,0.28140560742914383,1,1,1
229,0.0,train,0.6757645879592642,0.32423541204073586,1,1,1
230,1.0,train,0.9770226310935413,0.022977368906458788,1,1,1
231,1.0,dev,0.9884918528003209,0.011508147199679122,1,1,1
232,1.0,train,0.9999053874012287,9.461259877136029e-05,1,1,1
233,0.0,train,0.00020342700230066032,0.9997965729976994,0,1,1
234,0.0,train,0.9615338068793907,0.03846619312060921,1,1,1
235,0.0,train,0.999582684197365,0.000417315802635009,1,1,1
236,1.0,train,0.9987355782905799,0.0012644217094201016,1,1,1
237,0.0,train,0.998567463586475,0.0014325364135251179,1,1,1
238,1.0,dev,0.9999959705451249,4.029454875133199e-06,1,1,1
239,1.0,train,0.9736446460067554,0.026355353993244613,1,1,1
240,1.0,train,0.9669140180359896,0.0330859819640103,1,1,1
241,0.0,train,0.11124120650754304,0.888758793492457,0,1,1
242,0.0,train,0.7090191337850932,0.29098086621490676,1,1,1
243,1.0,train,0.9999962146733856,3.785326614445431e-06,1,1,1
244,0.0,train,0.040845711239646296,0.9591542887603537,0,1,1
245,1.0,train,0.9996898441172429,0.0003101558827570553,1,1,1
246,1.0,train,0.5312093733737563,0.46879062662624377,1,1,1
247,1.0,train,0.11596071214366648,0.8840392878563335,0,1,1
248,0.0,train,0.22000709974589314,0.7799929002541067,0,1,1
249,1.0,train,0.9976768374428313,0.0023231625571686794,1,1,1
250,1.0,train,0.9997868124053606,0.00021318759463933678,1,1,1
251,1.0,train,0.640635868562172,0.35936413143782797,1,1,1
252,1.0,train,0.7279754371026367,0.27202456289736326,1,1,1
253,1.0,train,0.9597620585273153,0.04023794147268459,1,1,1
254,0.0,train,0.9984752134839988,0.0015247865160011908,1,1,1
255,0.0,test,0.3960681520167196,0.6039318479832805,0,1,1
256,0.0,train,0.8244619220634456,0.17553807793655435,1,1,1
257,1.0,train,0.999997843183176,2.1568168239413047e-06,1,1,1
258,1.0,train,0.8558511469672594,0.14414885303274058,1,1,1
259,1.0,test,0.9937100981425194,0.006289901857480551,1,1,1
260,0.0,train,0.03358950806865571,0.9664104919313442,0,1,1
261,1.0,train,0.9984752135066852,0.001524786493314746,1,1,1
262,0.0,train,0.0021157029601568443,0.9978842970398432,0,1,1
263,1.0,train,0.9999879703644557,1.2029635544302188e-05,1,1,1
264,1.0,train,0.9999994460828823,5.539171178715063e-07,1,1,1
265,1.0,test,0.9999979419506299,2.0580493702850967e-06,1,1,1
266,0.0,train,0.02064593314959183,0.9793540668504082,0,1,1
267,1.0,test,0.9999177981291001,8.220187089985349e-05,1,1,1
268,0.0,train,0.9998840806619951,0.00011591933800493335,1,1,1
269,1.0,train,0.9999203269871713,7.967301282884596e-05,1,1,1
270,1.0,train,0.38861802670584894,0.6113819732941511,0,1,1
271,1.0,train,0.9947798741516819,0.005220125848318164,1,1,1
272,1.0,test,0.9976403397564207,0.002359660243579153,1,1,1
273,0.0,train,0.44167299096624174,0.5583270090337583,0,1,1
274,0.0,train,0.014281936862002827,0.9857180631379971,0,1,1
275,0.0,test,0.06465349196072041,0.9353465080392794,0,1,1
276,0.0,train,0.679178699175393,0.32082130082460697,1,1,1
277,1.0,train,0.9999538872425814,4.6112757418516525e-05,1,1,1
278,1.0,train,0.9999749283967189,2.5071603281043957e-05,1,1,1
279,1.0,train,0.15817434481176187,0.8418256551882382,0,1,1
280,1.0,train,0.9808759657647961,0.01912403423520393,1,1,1
281,0.0,train,0.00011061160373861672,0.9998893883962613,0,1,1
282,1.0,train,0.9891815511079417,0.010818448892058337,1,1,1
283,1.0,train,0.992654174294781,0.007345825705219017,1,1,1
284,0.0,train,8.139695535905253e-06,0.9999918603044642,0,1,1
285,0.0,train,0.45326184801538616,0.5467381519846138,0,1,1
286,1.0,test,0.9999957771684982,4.222831501855437e-06,1,1,1
287,1.0,train,0.9999943175659726,5.682434027429e-06,1,1,1
288,0.0,test,0.6548947290421275,0.3451052709578724,1,1,1
289,0.0,train,0.9787126522424477,0.0212873477575523,1,1,1
290,1.0,train,0.927363286612953,0.07263671338704698,1,1,1
291,0.0,dev,3.59130192415219e-05,0.9999640869807586,0,1,1
292,0.0,train,0.9999906312828709,9.368717129173641e-06,1,1,1
293,0.0,train,0.00010071403823188895,0.9998992859617681,0,1,1
294,1.0,train,0.9999359799616518,6.40200383482147e-05,1,1,1
295,0.0,train,0.7799929002541067,0.22000709974589314,1,1,1
296,0.0,train,0.23651623644570763,0.7634837635542924,0,1,1
297,1.0,train,0.9998313472887267,0.00016865271127328326,1,1,1
298,1.0,train,0.9999617708945102,3.8229105489853976e-05,1,1,1
299,1.0,train,0.9999640869960095,3.591300399042074e-05,1,1,1
300,0.0,train,0.22270012850745968,0.7772998714925403,0,1,1
301,0.0,train,4.539784976183139e-05,0.9999546021502382,0,1,1
302,0.0,train,0.055005286744338196,0.9449947132556618,0,1,1
303,1.0,dev,0.9999593054216407,4.069457835944723e-05,1,1,1
304,0.0,dev,0.6959583124210896,0.30404168757891037,1,1,1
305,0.0,train,0.8539127492339909,0.14608725076600915,1,1,1
306,0.0,train,0.001867565644570158,0.9981324343554299,0,1,1
307,0.0,test,2.318748234183742e-05,0.9999768125176581,0,1,1
308,1.0,train,0.9999932519452929,6.7480547071962295e-06,1,1,1
309,0.0,train,0.14608723961286893,0.8539127603871312,0,1,1
310,0.0,dev,0.35936414516010196,0.640635854839898,0,1,1
311,0.0,train,0.00014653123277853084,0.9998534687672215,0,1,1
312,0.0,train,0.0002780309224591953,0.9997219690775409,0,1,1
313,1.0,train,0.9953904286752676,0.004609571324732338,1,1,1
314,1.0,train,0.9992678187001808,0.0007321812998191316,1,1,1
315,1.0,train,0.9999426124133366,5.738758666345009e-05,1,1,1
316,1.0,dev,0.0037654132256962746,0.9962345867743037,0,1,1
317,1.0,train,0.9997901168906906,0.00020988310930933804,1,1,1
318,1.0,train,0.99981185793851,0.00018814206148991548,1,1,1
319,1.0,dev,0.9999931456800946,6.854319905486314e-06,1,1,1
320,0.0,train,0.9999516743830549,4.832561694509694e-05,1,1,1
321,1.0,train,0.9993638087748422,0.0006361912251576927,1,1,1
322,1.0,train,0.9783846680251809,0.021615331974819175,1,1,1
323,1.0,train,0.9481545282226918,0.05184547177730839,1,1,1
324,0.0,train,0.6442251064863697,0.35577489351363034,1,1,1
325,1.0,train,0.9996800019060809,0.0003199980939191776,1,1,1
326,1.0,train,0.734119526900183,0.2658804730998169,1,1,1
327,0.0,train,0.9996430294061721,0.0003569705938279801,1,1,1
328,0.0,train,0.9995761153511333,0.00042388464886672264,1,1,1
329,1.0,train,0.997917028922701,0.0020829710772991127,1,1,1
330,0.0,train,0.0014325363815513037,0.9985674636184488,0,1,1
331,1.0,dev,0.9999962733608408,3.726639159241711e-06,1,1,1
332,0.0,train,0.8104789040926008,0.1895210959073992,1,1,1
333,0.0,train,2.3923513007878546e-05,0.999976076486992,0,1,1
334,1.0,train,0.9999990867448714,9.132551285006823e-07,1,1,1
335,0.0,train,4.9859567268699894e-05,0.9999501404327313,0,1,1
336,0.0,train,0.9996646497946021,0.00033535020539794506,1,1,1
337,0.0,train,0.024053554993252985,0.975946445006747,0,1,1
338,0.0,dev,0.00016603850911742392,0.9998339614908824,0,1,1
339,1.0,train,0.39981162643692786,0.6001883735630721,0,1,1
340,1.0,train,0.9992678187110832,0.0007321812889167685,1,1,1
341,0.0,dev,0.9752018401647722,0.024798159835227727,1,1,1
342,0.0,train,4.400117671157501e-05,0.9999559988232884,0,1,1
343,1.0,train,0.7341195152660688,0.26588048473393133,1,1,1
344,1.0,train,0.02931222820745785,0.9706877717925421,0,1,1
345,1.0,train,0.6076631840431539,0.39233681595684605,1,1,1
346,1.0,test,0.9999477477432748,5.225225672518933e-05,1,1,1
347,0.0,train,2.753568619095423e-05,0.9999724643138092,0,1,1
348,0.0,train,0.0004373342471837405,0.9995626657528163,0,1,1
349,1.0,train,0.9948603895119715,0.005139610488028478,1,1,1
350,1.0,train,0.9937100984685,0.006289901531499977,1,1,1
351,1.0,train,0.9674102554688739,0.03258974453112603,1,1,1
352,1.0,train,0.9999877809291232,1.2219070876839534e-05,1,1,1
353,1.0,train,0.995992710191716,0.004007289808284045,1,1,1
354,0.0,train,0.9988839856820172,0.0011160143179828148,1,1,1
355,1.0,train,0.9926541736428376,0.0073458263571625415,1,1,1
356,1.0,train,0.7634837527911056,0.23651624720889433,1,1,1
357,1.0,dev,0.5813030906443133,0.41869690935568665,1,1,1
358,1.0,train,0.9999843104471453,1.56895528546521e-05,1,1,1
359,0.0,dev,0.9999599363076215,4.0063692378450145e-05,1,1,1
360,1.0,train,0.9999807768212419,1.922317875819111e-05,1,1,1
361,1.0,train,0.99794925597215,0.002050744027850116,1,1,1
362,0.0,test,0.9992903294397465,0.0007096705602535831,1,1,1
363,0.0,train,0.00201901372029914,0.9979809862797009,0,1,1
364,1.0,train,0.9964619142318543,0.0035380857681457352,1,1,1
365,0.0,train,0.9967269344216679,0.003273065578332103,1,1,1
366,0.0,train,0.1968262036430985,0.8031737963569016,0,1,1
367,0.0,test,0.9999944923923141,5.5076076858713795e-06,1,1,1
368,0.0,train,0.8175744850834649,0.18242551491653522,1,1,1
369,0.0,train,0.00010391064156658576,0.9998960893584333,0,1,1
370,0.0,dev,0.6187804196836383,0.3812195803163618,1,1,1
371,1.0,test,0.9999678076548298,3.21923451700914e-05,1,1,1
372,1.0,train,0.37387580881868504,0.626124191181315,0,1,1
373,1.0,train,0.9863631616118487,0.013636838388151211,1,1,1
374,0.0,test,0.29098086621490676,0.7090191337850932,0,1,1
375,1.0,train,0.9993929245212657,0.000607075478734325,1,1,1
376,0.0,train,0.9999940448601632,5.955139836688772e-06,1,1,1
377,,,7.5279869768574395e-06,0.9999924720130232,0,1,1
378,0.0,train,3.905484670248742e-06,0.9999960945153299,0,1,1
379,0.0,train,0.00023413578291945229,0.9997658642170806,0,1,1
380,0.0,train,0.008985427160277512,0.9910145728397224,0,1,1
381,1.0,train,0.9993638086682602,0.000636191331739717,1,1,1
382,1.0,train,0.9111797160416689,0.08882028395833107,1,1,1
383,0.0,train,0.25683199138751883,0.7431680086124811,0,1,1
384,0.0,train,0.9994725215423055,0.0005274784576945454,1,1,1
385,1.0,train,0.9621075733703927,0.037892426629607394,1,1,1
386,0.0,train,0.2254166158350767,0.7745833841649233,0,1,1
387,1.0,train,0.9999973983829772,2.6016170228844107e-06,1,1,1
388,1.0,test,0.9998960892930209,0.00010391070697925312,1,1,1
389,1.0,train,0.7549149868676283,0.24508501313237172,1,1,1
390,0.0,train,0.35220178204788966,0.6477982179521103,0,1,1
391,1.0,test,0.28776782797747225,0.7122321720225278,0,1,1
392,1.0,train,0.9998822554537671,0.00011774454623285992,1,1,1
393,0.0,test,0.8104789040926008,0.1895210959073992,1,1,1
394,0.0,train,0.0005112578288465078,0.9994887421711536,0,1,1
395,0.0,train,4.757645567439767e-05,0.9999524235443256,0,1,1
396,1.0,dev,0.9999941371838915,5.862816108580115e-06,1,1,1
397,1.0,train,0.9999697580292991,3.024197070087357e-05,1,1,1
398,1.0,train,0.9161096044278532,0.08389039557214682,1,1,1
399,1.0,train,0.9993013244479562,0.0006986755520438355,1,1,1
400,1.0,train,0.9978842965836772,0.0021157034163229826,1,1,1
401,1.0,train,0.9869795081627094,0.013020491837290565,1,1,1
402,0.0,train,0.01495708659314999,0.98504291340685,0,1,1
403,1.0,train,0.9999124969939187,8.750300608119763e-05,1,1,1
404,0.0,train,0.00014425982149820723,0.9998557401785019,0,1,1
405,0.0,train,0.0013458606816876052,0.9986541393183124,0,1,1
406,1.0,test,0.9999859359617354,1.406403826468869e-05,1,1,1
407,0.0,dev,0.9449947117065459,0.05500528829345415,1,1,1
408,1.0,test,0.9969721644806334,0.003027835519366538,1,1,1
409,1.0,train,0.9944450748435764,0.005554925156423734,1,1,1
410,1.0,train,0.9999960330134495,3.966986550405749e-06,1,1,1
411,1.0,train,0.9999469249288909,5.307507110912925e-05,1,1,1
412,0.0,train,7.031183219260602e-05,0.9999296881678075,0,1,1
413,0.0,train,0.90192067257508,0.09807932742491997,1,1,1
414,0.0,train,7.18325783094273e-06,0.999992816742169,0,1,1
415,0.0,train,0.754914997895581,0.24508500210441886,1,1,1
416,1.0,train,0.9980429828196912,0.001957017180308874,1,1,1
417,0.0,train,0.09009298418962221,0.9099070158103778,0,1,1
418,1.0,train,0.9999935609594901,6.439040509838978e-06,1,1,1
419,1.0,train,0.9999995549149165,4.4508508344448687e-07,1,1,1
420,1.0,train,0.9999984942976968,1.5057023031489052e-06,1,1,1
421,1.0,train,0.05033063402195221,0.9496693659780479,0,1,1
422,1.0,train,0.9980732657665016,0.0019267342334985317,1,1,1
423,1.0,test,0.9937100975836956,0.0062899024163044276,1,1,1
424,0.0,train,0.006589771663080563,0.9934102283369194,0,1,1
425,1.0,dev,0.9999980966152944,1.9033847056755515e-06,1,1,1
426,1.0,train,0.9990889488462894,0.0009110511537105887,1,1,1
427,0.0,test,0.9945307248744578,0.005469275125542247,1,1,1
428,1.0,train,0.9888419701494213,0.011158029850578696,1,1,1
429,0.0,test,7.254364417193132e-05,0.999927456355828,0,1,1
430,0.0,train,0.04813676565451047,0.9518632343454895,0,1,1
431,0.0,test,0.06656918341495573,0.9334308165850442,0,1,1
432,0.0,train,0.9993332976857925,0.0006667023142075969,1,1,1
433,1.0,train,0.99999809661578,1.903384219966288e-06,1,1,1
434,0.0,test,0.9999968124354127,3.187564587276439e-06,1,1,1
435,0.0,dev,0.0001634647316791842,0.9998365352683208,0,1,1
436,1.0,train,0.9005297847831082,0.09947021521689187,1,1,1
437,0.0,train,0.0004044816785863039,0.9995955183214136,0,1,1
438,0.0,train,0.9901401453874658,0.009859854612534219,1,1,1
439,0.0,train,0.38491214448393346,0.6150878555160665,0,1,1
440,1.0,train,0.9390248131626427,0.06097518683735731,1,1,1
441,0.0,train,0.05261895483336549,0.9473810451666345,0,1,1
442,1.0,train,0.9938070090625992,0.006192990937400763,1,1,1
443,0.0,train,0.9997546304500049,0.0002453695499951,1,1,1
444,1.0,dev,0.9546474149295974,0.04535258507040257,1,1,1
445,1.0,train,0.9999930377413379,6.962258662209581e-06,1,1,1
446,0.0,train,0.30735800417608683,0.6926419958239132,0,1,1
447,1.0,train,0.7217432182679956,0.2782567817320044,1,1,1
448,0.0,train,0.2689414096510108,0.7310585903489892,0,1,1
449,1.0,train,0.999620015479588,0.0003799845204119235,1,1,1
450,0.0,train,0.1294027383065593,0.8705972616934408,0,1,1
451,1.0,train,0.9609517086716337,0.03904829132836623,1,1,1
452,0.0,train,0.7122321964553657,0.28776780354463427,1,1,1
453,1.0,train,0.9273632906279587,0.07263670937204118,1,1,1
454,1.0,train,0.9978510506205154,0.0021489493794845096,1,1,1
455,1.0,train,0.9744347853343059,0.025565214665694145,1,1,1
456,1.0,dev,0.9284087975841903,0.07159120241580978,1,1,1
457,0.0,train,0.5851011542032312,0.41489884579676883,1,1,1
458,1.0,test,0.9962927462450125,0.003707253754987529,1,1,1
459,1.0,train,0.9362850084148384,0.06371499158516146,1,1,1
460,1.0,train,0.023330764054858306,0.9766692359451417,0,1,1
461,0.0,test,0.5660185498374789,0.4339814501625211,1,1,1
462,1.0,train,0.8376199633332891,0.16238003666671086,1,1,1
463,1.0,train,0.668880247169804,0.331119752830196,1,1,1
464,1.0,train,0.6406358411176238,0.3593641588823761,1,1,1
465,0.0,train,0.9999980966155424,1.9033844575029194e-06,1,1,1
466,0.0,train,0.06853749683715711,0.931462503162843,0,1,1
467,0.0,train,0.9916842204165671,0.008315779583432974,1,1,1
468,1.0,train,0.99706504805906,0.0029349519409399855,1,1,1
469,1.0,train,0.0826973381535205,0.9173026618464796,0,1,1
470,1.0,train,0.31405055783200714,0.6859494421679929,0,1,1
471,1.0,train,0.1645164792819756,0.8354835207180245,0,1,1
472,1.0,train,0.9999640870057757,3.591299422436814e-05,1,1,1
473,0.0,train,0.013222821752305148,0.9867771782476948,0,1,1
474,1.0,train,0.9935117295388443,0.006488270461155788,1,1,1
475,0.0,train,0.01590639171181471,0.9840936082881853,0,1,1
476,0.0,train,0.0006986757913313469,0.9993013242086686,0,1,1
477,1.0,train,0.9983515173095179,0.0016484826904821915,1,1,1
478,1.0,train,0.9996698472699842,0.0003301527300158358,1,1,1
479,0.0,train,2.507158936494566e-05,0.9999749284106351,0,1,1
480,1.0,train,0.9997621778501561,0.00023782214984385607,1,1,1
481,0.0,train,0.9489172637652559,0.05108273623474417,1,1,1
482,0.0,train,0.26284184314569564,0.7371581568543043,0,1,1
483,1.0,train,0.8807970842359877,0.11920291576401235,1,1,1
484,1.0,train,0.9967269347376513,0.003273065262348643,1,1,1
485,1.0,test,0.8615381987656671,0.13846180123433283,1,1,1
486,0.0,test,0.2942149845400438,0.7057850154599563,0,1,1
487,1.0,train,0.9921841095929338,0.007815890407066279,1,1,1
488,1.0,train,0.9981030801300632,0.001896919869936701,1,1,1
489,1.0,dev,0.9999673007301101,3.2699269889847084e-05,1,1,1
490,1.0,dev,0.9963500136055288,0.0036499863944712153,1,1,1
491,0.0,train,0.9496693624168593,0.0503306375831407,1,1,1
492,1.0,dev,0.8519527906914787,0.14804720930852133,1,1,1
493,0.0,train,0.30404168757891037,0.6959583124210896,0,1,1
494,1.0,train,0.9999407908246796,5.920917532031857e-05,1,1,1
495,1.0,train,0.6859494550081925,0.31405054499180746,1,1,1
496,1.0,train,0.9986329743492581,0.0013670256507419618,1,1,1
497,0.0,train,0.46879062662624377,0.5312093733737563,0,1,1
498,0.0,train,0.9942697523813333,0.005730247618666659,1,1,1
499,1.0,train,0.9988664309358593,0.0011335690641407269,1,1,1
500,1.0,train,0.9939024381234982,0.006097561876501769,1,1,1
501,0.0,train,0.07696083569602613,0.9230391643039738,0,1,1
502,1.0,train,0.9998088956044026,0.00019110439559748974,1,1,1
503,1.0,train,0.9999369724157225,6.302758427749508e-05,1,1,1
504,1.0,train,0.9416541618444,0.05834583815560004,1,1,1
505,1.0,train,0.9996749641148182,0.00032503588518170695,1,1,1
506,1.0,train,0.9957353655451014,0.004264634454898529,1,1,1
507,1.0,train,0.999986788045807,1.3211954193024456e-05,1,1,1
508,1.0,train,0.2942149597859341,0.7057850402140659,0,1,1
509,0.0,train,0.9688561721629777,0.031143827837022374,1,1,1
510,1.0,dev,0.9999941371856823,5.862814317654145e-06,1,1,1
511,1.0,dev,0.9999593054255821,4.069457441803075e-05,1,1,1
512,1.0,test,0.9674102557037734,0.03258974429622671,1,1,1
513,0.0,train,0.855851143290548,0.14414885670945196,1,1,1
514,0.0,train,0.9884918497491173,0.011508150250882644,1,1,1
515,0.0,dev,0.008577486174021013,0.991422513825979,0,1,1
516,1.0,train,0.9999927036233066,7.296376693516844e-06,1,1,1
517,1.0,train,0.9999190724541785,8.092754582138929e-05,1,1,1
518,1.0,train,0.9999854895253373,1.4510474662762644e-05,1,1,1
519,1.0,train,0.8947894689081711,0.10521053109182897,1,1,1
520,0.0,train,0.005911067980632537,0.9940889320193674,0,1,1
521,1.0,train,0.9998977001586111,0.00010229984138879726,1,1,1
522,0.0,test,0.31405054499180746,0.6859494550081925,0,1,1
523,0.0,train,0.04603389847295305,0.9539661015270471,0,1,1
524,1.0,train,0.5312093733737563,0.46879062662624377,1,1,1
525,0.0,train,0.0012843084259436643,0.9987156915740564,0,1,1
526,0.0,train,0.9967775157477936,0.0032224842522064075,1,1,1
527,1.0,train,0.8596637648915616,0.1403362351084383,1,1,1
528,0.0,train,0.9998623454211735,0.0001376545788265937,1,1,1
529,1.0,train,0.9999985406233766,1.4593766233847602e-06,1,1,1
530,0.0,test,0.640635854839898,0.35936414516010196,1,1,1
531,1.0,test,0.9811668714863165,0.018833128513683444,1,1,1
532,0.0,dev,0.0023967307276150603,0.9976032692723849,0,1,1
533,0.0,dev,0.026355355905119494,0.9736446440948805,0,1,1
534,1.0,train,0.9609517055963415,0.039048294403658645,1,1,1
535,1.0,train,0.9999963880160236,3.611983976260001e-06,1,1,1
536,1.0,train,0.9999417087575727,5.829124242724583e-05,1,1,1
537,1.0,train,0.9991169540733348,0.000883045926665286,1,1,1
538,0.0,train,0.9994115912252572,0.0005884087747428629,1,1,1
539,1.0,train,0.9252299509069106,0.07477004909308943,1,1,1
540,1.0,train,0.523420348936324,0.47657965106367595,1,1,1
541,0.0,dev,0.002757622367395409,0.9972423776326046,0,1,1
542,0.0,train,0.9990746149376993,0.0009253850623006145,1,1,1
543,0.0,train,7.602482620074808e-05,0.9999239751737992,0,1,1
544,1.0,train,0.9982725412833319,0.0017274587166680587,1,1,1
545,1.0,dev,0.9997305207812133,0.00026947921878676896,1,1,1
546,1.0,train,0.9998746624862104,0.0001253375137896009,1,1,1
547,0.0,train,0.0008830457163166675,0.9991169542836834,0,1,1
548,0.0,train,0.43398146480389854,0.5660185351961015,0,1,1
549,1.0,train,0.9999203270269398,7.967297306014099e-05,1,1,1
550,1.0,train,0.02033235452992065,0.9796676454700793,0,1,1
551,1.0,train,0.9999919864973771,8.013502622894322e-06,1,1,1
552,0.0,train,0.0021827161208050378,0.997817283879195,0,1,1
553,0.0,train,0.9933071474906947,0.006692852509305267,1,1,1
554,1.0,train,0.84997116805678,0.15002883194322003,1,1,1
555,0.0,train,0.00669285072615733,0.9933071492738426,0,1,1
556,1.0,train,0.9999854895147425,1.4510485257535948e-05,1,1,1
557,1.0,train,0.9998534687426609,0.00014653125733914558,1,1,1
558,1.0,train,0.999980166629541,1.983337045892879e-05,1,1,1
559,0.0,train,0.0002131875295300046,0.9997868124704701,0,1,1
560,0.0,train,0.000552778571063681,0.9994472214289364,0,1,1
561,1.0,train,0.9838471644674349,0.01615283553256519,1,1,1
562,0.0,train,0.000319998091535769,0.9996800019084643,0,1,1
563,0.0,train,0.9957353655925593,0.004264634407440783,1,1,1
564,0.0,train,0.29421497216298875,0.7057850278370112,0,1,1
565,0.0,train,6.048918219877466e-06,0.9999939510817801,0,1,1
566,1.0,train,0.9974490874839268,0.0025509125160732026,1,1,1
567,0.0,train,0.0002653022662349004,0.999734697733765,0,1,1
568,0.0,train,0.7772998611746911,0.22270013882530884,1,1,1
569,0.0,train,0.971129089711396,0.028870910288603963,1,1,1
570,1.0,train,0.9999946618463825,5.338153617351943e-06,1,1,1
571,0.0,train,0.0007672925499560307,0.9992327074500439,0,1,1
572,0.0,train,1.9525882299115617e-05,0.9999804741177009,0,1,1
573,0.0,dev,0.3208212878370535,0.6791787121629466,0,1,1
574,1.0,train,0.9995694429844091,0.0004305570155909794,1,1,1
575,0.0,train,0.16238004477370327,0.8376199552262966,0,1,1
576,1.0,train,0.9998623454247625,0.00013765457523746497,1,1,1
577,0.0,train,0.9998686482479465,0.00013135175205341968,1,1,1
578,0.0,train,0.00015598021591540777,0.9998440197840845,0,1,1
579,1.0,train,0.9999285809737632,7.141902623669253e-05,1,1,1
580,1.0,test,0.23370635157681105,0.7662936484231889,0,1,1
581,1.0,train,0.999993251946072,6.7480539279091875e-06,1,1,1
582,0.0,train,0.9916842215839681,0.008315778416031976,1,1,1
583,1.0,train,0.8918110454379297,0.10818895456207035,1,1,1
584,0.0,dev,0.9579122756889438,0.04208772431105632,1,1,1
585,1.0,dev,0.43398146480389854,0.5660185351961015,0,1,1
586,1.0,train,0.9996430294433937,0.00035697055660633927,1,1,1
587,1.0,train,0.9997901170095108,0.0002098829904892376,1,1,1
588,0.0,train,0.6370307944803831,0.3629692055196168,1,1,1
589,0.0,train,0.00013341999898276792,0.9998665800010172,0,1,1
590,0.0,train,9.170199091340134e-05,0.9999082980090866,0,1,1
591,1.0,train,0.9993228056409096,0.0006771943590904148,1,1,1
592,0.0,train,0.36296921930155557,0.6370307806984444,0,1,1
593,1.0,train,0.9998511615384937,0.0001488384615062897,1,1,1
594,1.0,test,0.9904406024164639,0.009559397583536055,1,1,1
595,1.0,dev,0.9999978431829228,2.1568170770359903e-06,1,1,1
596,1.0,train,0.9999538872546058,4.611274539423404e-05,1,1,1
597,0.0,train,0.8244619306896956,0.17553806931030444,1,1,1
598,1.0,test,0.9942697525935785,0.005730247406421532,1,1,1
599,0.0,train,0.002148949347531482,0.9978510506524684,0,1,1
600,0.0,train,0.9990746153268869,0.0009253846731131147,1,1,1
601,0.0,train,0.00011591928791810137,0.9998840807120819,0,1,1
602,0.0,train,0.03904829384451455,0.9609517061554854,0,1,1
603,0.0,train,0.06853749112940687,0.9314625088705931,0,1,1
604,1.0,train,0.9993537967237147,0.0006462032762852918,1,1,1
605,0.0,train,2.977312591876839e-05,0.9999702268740812,0,1,1
606,0.0,train,0.0017546142013001684,0.9982453857986999,0,1,1
607,0.0,train,0.09268778866449084,0.9073122113355091,0,1,1
608,1.0,train,0.9996993836445344,0.0003006163554656541,1,1,1
609,0.0,train,0.9999573525337209,4.264746627917009e-05,1,1,1
610,1.0,dev,0.9980122260093256,0.0019877739906744305,1,1,1
611,1.0,train,0.9648551563783221,0.035144843621678024,1,1,1
612,1.0,train,0.9981030796363413,0.0018969203636588375,1,1,1
613,1.0,train,0.9999931456844353,6.854315564681096e-06,1,1,1
614,0.0,dev,0.9999964440160486,3.555983951388451e-06,1,1,1
615,0.0,train,0.9881308805265406,0.011869119473459352,1,1,1
616,1.0,train,0.9994557866200451,0.0005442133799550165,1,1,1
617,1.0,train,0.9999623635696433,3.7636430356808414e-05,1,1,1
618,0.0,train,0.16451645880021026,0.8354835411997897,0,1,1
619,0.0,train,3.822911916112727e-05,0.9999617708808389,0,1,1
620,1.0,train,0.9999881568645034,1.1843135496491507e-05,1,1,1
621,1.0,train,0.9996079582078425,0.00039204179215742194,1,1,1
622,0.0,train,0.35220178204788966,0.6477982179521103,0,1,1
623,0.0,train,0.0014550630251351597,0.9985449369748648,0,1,1
624,0.0,train,0.5851011542032312,0.41489884579676883,1,1,1
625,0.0,test,0.009412588476103339,0.9905874115238967,0,1,1
626,1.0,train,0.9999959070871433,4.0929128567815e-06,1,1,1
627,1.0,dev,0.9981324341332144,0.0018675658667855663,1,1,1
628,1.0,dev,0.9999942280809911,5.771919008820615e-06,1,1,1
629,1.0,train,0.6224593312018546,0.37754066879814546,1,1,1
630,0.0,train,0.9597620585273153,0.04023794147268459,1,1,1
631,0.0,train,0.999927456355828,7.254364417193132e-05,1,1,1
632,0.0,train,0.001867566255662595,0.9981324337443375,0,1,1
633,0.0,test,0.0001852257322270414,0.9998147742677729,0,1,1
634,1.0,train,0.9999215620959228,7.843790407734827e-05,1,1,1
635,1.0,train,0.9999816571114553,1.8342888544693028e-05,1,1,1
636,1.0,test,0.9965165752508621,0.003483424749137911,1,1,1
637,1.0,train,0.9999883404642125,1.1659535787617472e-05,1,1,1
638,0.0,train,0.9546474226714763,0.04535257732852371,1,1,1
639,0.0,train,0.9959298627069244,0.004070137293075673,1,1,1
640,0.0,train,0.2043418950913969,0.795658104908603,0,1,1
641,1.0,train,0.9988120946031245,0.0011879053968755543,1,1,1
642,1.0,test,0.9999986290432373,1.370956762530944e-06,1,1,1
643,0.0,train,0.05834584552384339,0.9416541544761566,0,1,1
644,0.0,train,0.005641907831250053,0.99435809216875,0,1,1
645,1.0,train,0.9999215621455935,7.843785440658665e-05,1,1,1
646,0.0,train,0.14804719051380197,0.851952809486198,0,1,1
647,1.0,dev,0.9998960893069547,0.00010391069304519034,1,1,1
648,0.0,train,0.38861804086755836,0.6113819591324418,0,1,1
649,1.0,train,0.9979492560483892,0.0020507439516106174,1,1,1
650,0.0,train,0.0002824081284773999,0.9997175918715226,0,1,1
651,1.0,train,0.9998511614619886,0.00014883853801129452,1,1,1
652,1.0,train,0.9449947132556618,0.055005286744338196,1,1,1
653,0.0,train,1.5689545051949902e-05,0.9999843104549481,0,1,1
654,1.0,test,0.9999904837460016,9.516253998449121e-06,1,1,1
655,1.0,train,0.9999285809596632,7.141904033668694e-05,1,1,1
656,0.0,train,0.27825679968760103,0.7217432003123989,0,1,1
657,1.0,test,0.9998858775618453,0.00011412243815469414,1,1,1
658,1.0,test,0.9999493552823362,5.064471766388145e-05,1,1,1
659,0.0,train,0.000755405565242023,0.999244594434758,0,1,1
660,1.0,train,0.9999720307066639,2.7969293336078554e-05,1,1,1
661,1.0,train,0.02758528382564496,0.9724147161743549,0,1,1
662,0.0,train,0.7490872187162397,0.2509127812837603,1,1,1
663,1.0,train,0.9999976311996986,2.368800301346645e-06,1,1,1
664,0.0,test,0.01032815038693814,0.9896718496130618,0,1,1
665,0.0,train,0.9752018380026246,0.024798161997375376,1,1,1
666,1.0,test,0.9999398584716936,6.014152830645976e-05,1,1,1
667,1.0,train,0.9923043522526498,0.007695647747350147,1,1,1
668,1.0,train,0.9999903338935846,9.666106415408141e-06,1,1,1
669,1.0,train,0.9899864277519105,0.010013572248089603,1,1,1
670,1.0,train,0.9504109812297141,0.049589018770285855,1,1,1
671,1.0,train,0.7905303285397349,0.2094696714602651,1,1,1
672,1.0,train,0.9987934104224379,0.001206589577562193,1,1,1
673,1.0,train,0.5078118642792044,0.49218813572079556,1,1,1
674,1.0,test,0.9999662627851637,3.3737214836277504e-05,1,1,1
675,0.0,train,0.3849121585956185,0.6150878414043816,0,1,1
676,1.0,dev,0.8774768002981829,0.12252319970181706,1,1,1
677,1.0,train,0.9999426123859736,5.738761402641997e-05,1,1,1
678,0.0,train,7.141903102536959e-05,0.9999285809689746,0,1,1
679,0.0,dev,9.461266608475964e-05,0.9999053873339153,0,1,1
680,0.0,train,0.9780517485242654,0.021948251475734613,1,1,1
681,1.0,train,0.9997131458449676,0.00028685415503242924,1,1,1
682,1.0,train,0.9997546304682818,0.0002453695317181303,1,1,1
683,0.0,train,0.9073122138417881,0.09268778615821208,1,1,1
684,1.0,test,0.9950177313037827,0.004982268696217389,1,1,1
685,0.0,test,0.033085976958581766,0.9669140230414182,0,1,1
686,0.0,train,0.0001713081372852596,0.9998286918627147,0,1,1
687,1.0,train,0.9940889302243642,0.005911069775635757,1,1,1
688,1.0,train,0.9990889487784727,0.0009110512215273508,1,1,1
689,0.0,train,0.7745833841649233,0.2254166158350767,1,1,1
690,1.0,train,0.9999389114403362,6.108855966371631e-05,1,1,1
691,1.0,train,0.8244619306896956,0.17553806931030444,1,1,1
692,1.0,train,0.9997219690982498,0.0002780309017500375,1,1,1
693,0.0,train,0.23651623644570763,0.7634837635542924,0,1,1
694,0.0,train,0.19436781568545955,0.8056321843145405,0,1,1
695,0.0,train,0.12421299862599397,0.8757870013740061,0,1,1
696,0.0,train,0.4263215925474903,0.5736784074525096,0,1,1
697,0.0,train,0.9999477477463891,5.225225361087496e-05,1,1,1
698,0.0,train,6.33920889260186e-06,0.9999936607911075,0,1,1
699,1.0,dev,0.9372107896491795,0.0627892103508204,1,1,1
700,1.0,train,0.9915543749306753,0.0084456250693247,1,1,1
701,1.0,train,0.9956005873594072,0.004399412640592879,1,1,1
702,0.0,train,4.1335416246533406e-05,0.9999586645837536,0,1,1
703,0.0,train,0.9715639669551474,0.02843603304485266,1,1,1
704,0.0,train,0.021948255634125086,0.978051744365875,0,1,1
705,1.0,train,0.9991306327042687,0.0008693672957313124,1,1,1
706,0.0,dev,0.9891815513471369,0.010818448652863185,1,1,1
707,0.0,train,0.015663651009174048,0.9843363489908259,0,1,1
708,0.0,train,0.03308597552845946,0.9669140244715405,0,1,1
709,0.0,train,0.9997175918725744,0.0002824081274256447,1,1,1
710,0.0,train,5.064473615224342e-05,0.9999493552638478,0,1,1
711,0.0,test,0.3140505321516081,0.6859494678483918,0,1,1
712,0.0,train,0.8824278695464501,0.11757213045354989,1,1,1
713,1.0,train,0.9999728912002502,2.710879974980542e-05,1,1,1
714,1.0,train,0.9991832619378944,0.0008167380621055281,1,1,1
715,0.0,train,0.0016743995029798655,0.9983256004970201,0,1,1
716,0.0,train,0.0021489492197193766,0.9978510507802807,0,1,1
717,1.0,train,0.10087862002692255,0.8991213799730774,0,1,1
718,1.0,test,0.9999909195253767,9.080474623405424e-06,1,1,1
719,0.0,train,0.8652240791017536,0.13477592089824647,1,1,1
720,0.0,train,0.017442483714686395,0.9825575162853135,0,1,1
721,1.0,train,0.9999339478251277,6.605217487240843e-05,1,1,1
722,0.0,train,0.7931059609645725,0.2068940390354276,1,1,1
723,0.0,train,0.01406362952265135,0.9859363704773486,0,1,1
724,0.0,train,2.07851766293994e-05,0.9999792148233705,0,1,1
725,0.0,train,0.857768094082276,0.14223190591772394,1,1,1
726,0.0,train,0.0002611903424418554,0.9997388096575581,0,1,1
727,0.0,train,0.9999865799846455,1.3420015354516219e-05,1,1,1
728,0.0,train,0.00027803088932454355,0.9997219691106755,0,1,1
729,0.0,train,0.9958012037939649,0.004198796206035264,1,1,1
730,0.0,train,0.0014103584546453453,0.9985896415453548,0,1,1
731,1.0,dev,0.9999852610249437,1.4738975056318218e-05,1,1,1
732,0.0,test,7.889265877876609e-06,0.9999921107341222,0,1,1
733,0.0,dev,0.24798742624020276,0.7520125737597972,0,1,1
734,1.0,train,0.9489172608760226,0.0510827391239775,1,1,1
735,0.0,train,0.0038844760874989104,0.9961155239125011,0,1,1
736,0.0,test,0.035144844379618526,0.9648551556203816,0,1,1
737,1.0,train,0.9759464481549871,0.024053551845012837,1,1,1
738,1.0,test,0.9591542805873231,0.04084571941267691,1,1,1
739,1.0,train,0.999939858453995,6.014154600492538e-05,1,1,1
740,1.0,train,0.9990149917582424,0.0009850082417576596,1,1,1
741,0.0,train,2.2603240284525457e-06,0.9999977396759714,0,1,1
742,1.0,train,0.9996140339036702,0.0003859660963298967,1,1,1
743,1.0,dev,0.9999910603077248,8.939692275177465e-06,1,1,1
744,1.0,train,0.999997186983281,2.813016719086174e-06,1,1,1
745,1.0,train,0.6959583250334526,0.30404167496654744,1,1,1
746,1.0,train,0.9996800017690347,0.0003199982309652048,1,1,1
747,1.0,test,0.9999978431838028,2.156816197230782e-06,1,1,1
748,0.0,train,0.9970189670265587,0.002981032973441268,1,1,1
749,1.0,train,0.9997262783798258,0.00027372162017430703,1,1,1
750,1.0,test,0.16238003666671086,0.8376199633332891,0,1,1
751,0.0,train,0.0002571420257645267,0.9997428579742355,0,1,1
752,1.0,test,0.6187804478040616,0.38121955219593834,1,1,1
753,0.0,train,0.9124361557147438,0.08756384428525611,1,1,1
754,1.0,train,0.999880401369828,0.00011959863017212095,1,1,1
755,0.0,dev,0.004331501377915682,0.9956684986220843,0,1,1
756,1.0,train,0.9999435020757661,5.649792423401327e-05,1,1,1
757,1.0,train,0.9999749284140907,2.507158590927144e-05,1,1,1
758,0.0,train,0.9999190724571932,8.092754280684731e-05,1,1,1
759,0.0,train,2.3552612927789036e-05,0.9999764473870721,0,1,1
760,0.0,test,0.10970577969958141,0.8902942203004186,0,1,1
761,0.0,train,0.8459424373085146,0.15405756269148546,1,1,1
762,1.0,test,0.6548947290421275,0.3451052709578724,1,1,1
763,1.0,train,0.38491213037224875,0.6150878696277513,0,1,1
764,0.0,dev,0.7634837635542924,0.23651623644570763,1,1,1
765,0.0,train,0.986777178830985,0.01322282116901506,1,1,1
766,0.0,train,3.4465799116755785e-06,0.9999965534200883,0,1,1
767,0.0,test,0.9867771802892101,0.013222819710789943,1,1,1
768,1.0,train,0.9999983719488319,1.6280511680313724e-06,1,1,1
769,0.0,train,0.9996698472970333,0.00033015270296664546,1,1,1
770,1.0,train,0.8740772253241802,0.12592277467581975,1,1,1
771,1.0,test,0.998132434299876,0.0018675657001240072,1,1,1
772,1.0,train,0.9669140201811735,0.03308597981882656,1,1,1
773,0.0,train,0.9977829869193676,0.0022170130806323345,1,1,1
774,0.0,train,0.256831980010821,0.743168019989179,0,1,1
775,1.0,train,0.9985896414876422,0.0014103585123577775,1,1,1
776,0.0,train,2.014569445519439e-05,0.9999798543055448,0,1,1
777,1.0,train,0.9981324340776605,0.0018675659223394221,1,1,1
778,0.0,train,0.9865717453567364,0.0134282546432637,1,1,1
779,0.0,train,0.8152324938410784,0.1847675061589216,1,1,1
780,0.0,train,0.5195213219520929,0.480478678047907,1,1,1
781,1.0,train,0.8056321843145405,0.19436781568545955,1,1,1
782,0.0,train,0.00014425991606870311,0.9998557400839313,0,1,1
783,1.0,train,0.341582499438317,0.658417500561683,0,1,1
784,0.0,dev,0.3073580295544412,0.6926419704455589,0,1,1
785,1.0,train,0.9965703960759055,0.0034296039240944865,1,1,1
786,1.0,train,0.9653811626548313,0.034618837345168685,1,1,1
787,1.0,train,0.9881308766817223,0.011869123318277792,1,1,1
788,0.0,train,0.8376199673867852,0.16238003261321476,1,1,1
789,0.0,train,0.00014202366562218044,0.9998579763343779,0,1,1
790,0.0,dev,0.36658972248186006,0.6334102775181399,0,1,1
791,0.0,train,0.0002611904202623236,0.9997388095797377,0,1,1
792,0.0,train,0.7371581684030623,0.26284183159693775,1,1,1
793,0.0,train,0.0006878511755407074,0.9993121488244592,0,1,1
794,0.0,train,0.46879062662624377,0.5312093733737563,0,1,1
795,0.0,train,0.9372107931567177,0.06278920684328233,1,1,1
796,1.0,train,0.9591542835062628,0.04084571649373723,1,1,1
797,1.0,test,0.9998147743326227,0.00018522566737722227,1,1,1
798,1.0,train,0.9865717444683929,0.013428255531607104,1,1,1
799,1.0,dev,0.9149009607937928,0.08509903920620716,1,1,1
800,0.0,train,0.015663647792666126,0.984336352207334,0,1,1
801,0.0,train,0.975576912431201,0.024423087568798997,1,1,1
802,1.0,train,0.9987744325060169,0.001225567493983044,1,1,1
803,0.0,train,0.9997468436712199,0.0002531563287801874,1,1,1
804,0.0,train,0.9845754454288752,0.015424554571124838,1,1,1
805,1.0,train,0.9949396673303362,0.005060332669663873,1,1,1
806,1.0,train,0.9780517482043893,0.02194825179561078,1,1,1
807,0.0,test,0.5736784220301065,0.42632157796989345,1,1,1
808,0.0,test,0.0034834241930806675,0.9965165758069192,0,1,1
809,0.0,train,0.003222484324002434,0.9967775156759975,0,1,1
810,1.0,train,0.9999892166923565,1.0783307643545233e-05,1,1,1
811,1.0,train,0.9993929243155912,0.0006070756844088717,1,1,1
812,0.0,test,0.9693241987324088,0.0306758012675911,1,1,1
813,0.0,train,2.014569685670008e-05,0.9999798543031432,0,1,1
814,0.0,train,0.9969721653352848,0.003027834664715224,1,1,1
815,1.0,train,0.9999741325636188,2.5867436381220806e-05,1,1,1
816,0.0,train,0.9416541610257062,0.0583458389742937,1,1,1
817,1.0,train,0.6893056295505783,0.3106943704494217,1,1,1
818,0.0,train,0.39233681595684605,0.6076631840431539,0,1,1
819,1.0,train,0.9995891514011692,0.0004108485988306951,1,1,1
820,1.0,train,0.5273165233795671,0.47268347662043286,1,1,1
821,1.0,train,0.9999760764810212,2.3923518978912513e-05,1,1,1
822,0.0,train,1.3420009905304079e-05,0.9999865799900947,0,1,1
823,1.0,train,0.9966233870666593,0.0033766129333405916,1,1,1
824,1.0,train,0.9546474220263197,0.04535257797368024,1,1,1
825,0.0,test,0.9988664312479978,0.001133568752002338,1,1,1
826,1.0,train,0.9711290934715017,0.028870906528498424,1,1,1
827,0.0,train,0.00628990157806863,0.9937100984219314,0,1,1
828,0.0,test,0.1561049013715009,0.8438950986284991,0,1,1
829,1.0,train,0.9999798542996913,2.0145700308865004e-05,1,1,1
830,1.0,train,0.9967269349077964,0.0032730650922037164,1,1,1
831,1.0,train,0.6187804196836383,0.3812195803163618,1,1,1
832,1.0,dev,0.9948603892452975,0.00513961075470238,1,1,1
833,1.0,test,0.7690802370707283,0.23091976292927183,1,1,1
834,0.0,test,0.877476785879798,0.12252321412020205,1,1,1
835,0.0,train,0.885631476836816,0.11436852316318395,1,1,1
836,1.0,train,0.9879462186205356,0.012053781379464404,1,1,1
837,1.0,train,0.9884918494948504,0.011508150505149643,1,1,1
838,1.0,train,0.9996898441426544,0.00031015585734568484,1,1,1
839,1.0,train,0.3923368301671084,0.6076631698328917,0,1,1
840,1.0,train,0.9896718458814193,0.010328154118580766,1,1,1
841,0.0,train,0.10970577096716554,0.8902942290328344,0,1,1
842,0.0,dev,0.9353465188527686,0.06465348114723148,1,1,1
843,1.0,train,0.9715639653084244,0.02843603469157556,1,1,1
844,1.0,train,0.9998204720553941,0.00017952794460585086,1,1,1
845,0.0,train,0.9942697529756197,0.00573024702438032,1,1,1
846,0.0,train,0.00031999811060303866,0.9996800018893969,0,1,1
847,0.0,train,0.030675799052176204,0.9693242009478238,0,1,1
848,0.0,dev,0.006903838684211726,0.9930961613157884,0,1,1
849,0.0,train,2.726470920735403e-06,0.9999972735290792,0,1,1
850,0.0,train,0.1127953943533099,0.88720460564669,0,1,1
851,1.0,train,0.9984512387559352,0.0015487612440648606,1,1,1
852,0.0,train,7.889259764847635e-06,0.9999921107402352,0,1,1
853,1.0,train,0.996406397578649,0.0035936024213508388,1,1,1
854,1.0,train,0.9861513876476583,0.013848612352341711,1,1,1
855,1.0,train,0.9977127718585609,0.0022872281414391296,1,1,1
856,1.0,train,0.6224593312018546,0.37754066879814546,1,1,1
857,0.0,train,0.7185943925708561,0.28140560742914383,1,1,1
858,1.0,train,0.9966233882701526,0.0033766117298474185,1,1,1
859,1.0,train,0.9999477477121316,5.225228786834324e-05,1,1,1
860,1.0,train,0.9998623454309152,0.00013765456908467312,1,1,1
861,1.0,train,0.9979170296970515,0.0020829703029483786,1,1,1
862,1.0,test,0.9999798543035935,2.014569640641774e-05,1,1,1
863,0.0,train,0.002934951308655457,0.9970650486913446,0,1,1
864,1.0,train,0.9999285809801481,7.141901985179033e-05,1,1,1
865,1.0,train,0.9916842201093562,0.008315779890643788,1,1,1
866,1.0,train,0.9959927115298804,0.00400728847011965,1,1,1
867,0.0,dev,4.832562954637624e-05,0.9999516743704537,0,1,1
868,1.0,train,0.9936116805563502,0.006388319443649709,1,1,1
869,1.0,train,0.9999369723910705,6.30276089295311e-05,1,1,1
870,0.0,train,0.9005297847831082,0.09947021521689187,1,1,1
871,1.0,train,0.9999937590710276,6.240928972317928e-06,1,1,1
872,0.0,train,0.008445625693258433,0.9915543743067416,0,1,1
873,1.0,train,0.523420348936324,0.47657965106367595,1,1,1
874,1.0,train,0.9850429135166222,0.014957086483377813,1,1,1
875,0.0,train,0.001727458780909745,0.9982725412190901,0,1,1
876,1.0,train,0.9992083704457572,0.0007916295542428652,1,1,1
877,0.0,test,0.4493926197162523,0.5506073802837478,0,1,1
878,1.0,train,0.44552952031526044,0.5544704796847396,0,1,1
879,1.0,train,0.9998259946357648,0.0001740053642352275,1,1,1
880,1.0,train,0.0037072536449123533,0.9962927463550876,0,1,1
881,1.0,train,0.9997997263033992,0.00020027369660087255,1,1,1
882,0.0,train,0.00012148171660560352,0.9998785182833944,0,1,1
883,0.0,train,0.817574471748733,0.18242552825126704,1,1,1
884,1.0,train,0.7826624789529376,0.21733752104706247,1,1,1
885,1.0,dev,0.9997175920082506,0.00028240799174926304,1,1,1
886,0.0,train,1.2029635499488844e-05,0.9999879703645006,0,1,1
887,0.0,train,0.008985429283321125,0.991014570716679,0,1,1
888,1.0,train,0.9999962733618265,3.7266381735658124e-06,1,1,1
889,0.0,train,0.003075369941419531,0.9969246300585803,0,1,1
890,1.0,train,0.9857180637673312,0.014281936232668848,1,1,1
891,1.0,train,0.9995761152453788,0.0004238847546211449,1,1,1
892,1.0,test,0.9869795110351222,0.013020488964877787,1,1,1
893,0.0,dev,0.0009110514114143117,0.9990889485885858,0,1,1
894,0.0,train,0.9399133489844308,0.06008665101556925,1,1,1
895,1.0,test,0.9999978092174706,2.190782529284413e-06,1,1,1
896,1.0,train,0.9947798738808522,0.005220126119147766,1,1,1
897,1.0,train,0.9923043517974836,0.007695648202516546,1,1,1
898,1.0,train,0.9998464376286613,0.00015356237133867695,1,1,1
899,0.0,train,2.1782647915632346e-05,0.9999782173520845,0,1,1
900,1.0,test,0.9991306326783821,0.0008693673216179528,1,1,1
901,0.0,train,0.03461884083118546,0.9653811591688145,0,1,1
902,0.0,train,0.9965703968143877,0.0034296031856123105,1,1,1
903,0.0,train,0.0009697520544010922,0.9990302479455988,0,1,1
904,0.0,train,0.00014425990747138275,0.9998557400925285,0,1,1
905,1.0,train,0.999654008476707,0.0003459915232928858,1,1,1
906,0.0,test,0.8479677660619633,0.15203223393803664,1,1,1
907,1.0,test,0.9999706884607852,2.931153921474593e-05,1,1,1
908,0.0,train,3.647852463053683e-05,0.9999635214753695,0,1,1
909,0.0,dev,0.00039821301943866635,0.9996017869805612,0,1,1
910,0.0,dev,0.9999869928772512,1.3007122748822782e-05,1,1,1
911,0.0,train,0.9996259044621382,0.00037409553786176583,1,1,1
912,0.0,train,0.9921841125395998,0.007815887460400087,1,1,1
913,1.0,train,0.9991169541292085,0.0008830458707914293,1,1,1
914,1.0,train,0.7025300698514778,0.2974699301485223,1,1,1
915,1.0,train,0.3451052709578724,0.6548947290421275,0,1,1
916,1.0,train,0.9999975938980816,2.4061019184378793e-06,1,1,1
917,0.0,test,0.9343951625409306,0.06560483745906928,1,1,1
918,1.0,dev,0.9999975938975258,2.4061024741691504e-06,1,1,1
919,1.0,train,0.001000504371122467,0.9989994956288775,0,1,1
920,1.0,train,0.9992791621082886,0.0007208378917114626,1,1,1
921,0.0,train,1.2805479556021572e-05,0.9999871945204439,0,1,1
922,1.0,train,0.995600585923512,0.0043994140764879565,1,1,1
923,0.0,train,0.9481545326177161,0.05184546738228388,1,1,1
924,0.0,dev,0.004829721172837378,0.9951702788271626,0,1,1
925,0.0,dev,0.1480471829959148,0.8519528170040853,0,1,1
926,1.0,train,0.9999349718059811,6.502819401881901e-05,1,1,1
927,0.0,train,0.32423539898095244,0.6757646010190476,0,1,1
928,1.0,train,0.9999959070907338,4.092909266061316e-06,1,1,1
929,0.0,train,0.0020507436619005516,0.9979492563380994,0,1,1
930,0.0,train,0.21206880435710532,0.7879311956428947,0,1,1
931,0.0,train,0.9999788875152303,2.1112484769589732e-05,1,1,1
932,1.0,train,0.9994385213207558,0.0005614786792441837,1,1,1
933,0.0,dev,0.004829722748496689,0.9951702772515033,0,1,1
934,1.0,train,0.9999906312786129,9.368721387080021e-06,1,1,1
935,1.0,train,0.9999955048172995,4.495182700481157e-06,1,1,1
936,1.0,dev,0.9993833701642271,0.0006166298357728856,1,1,1
937,1.0,train,0.9964619146258671,0.00353808537413286,1,1,1
938,1.0,train,0.8757869851639067,0.12421301483609337,1,1,1
939,1.0,train,0.9241418137109955,0.07585818628900447,1,1,1
940,0.0,train,0.24798742624020276,0.7520125737597972,0,1,1
941,0.0,train,0.7981867825403176,0.2018132174596823,1,1,1
942,1.0,train,0.8652240947405565,0.13477590525944355,1,1,1
943,1.0,train,0.8933094145755219,0.1066905854244781,1,1,1
944,0.0,train,0.9793540692607815,0.020645930739218447,1,1,1
945,0.0,train,0.02517883877462579,0.9748211612253743,0,1,1
946,1.0,train,0.999045268061511,0.0009547319384890428,1,1,1
947,1.0,train,0.9999985406234907,1.459376509216298e-06,1,1,1
948,1.0,train,0.999965191889968,3.4808110031858946e-05,1,1,1
949,1.0,test,0.9997262782167196,0.0002737217832804971,1,1,1
950,1.0,dev,0.9496693709637113,0.05033062903628872,1,1,1
951,1.0,train,0.9999657314932451,3.426850675483283e-05,1,1,1
952,1.0,train,0.9441768620069627,0.05582313799303739,1,1,1
953,1.0,train,0.9811668701095654,0.018833129890434692,1,1,1
954,0.0,train,0.038466194222894164,0.9615338057771058,0,1,1
955,0.0,train,0.25982564942392716,0.7401743505760728,0,1,1
956,1.0,train,0.9998992860397996,0.00010071396020046067,1,1,1
957,0.0,test,1.0188095189495787e-06,0.9999989811904809,0,1,1
958,0.0,train,2.7108810252290204e-05,0.9999728911897476,0,1,1
959,0.0,train,0.6548947290421275,0.3451052709578724,1,1,1
960,0.0,train,0.0007916297722998306,0.9992083702277001,0,1,1
961,1.0,train,0.9999662627693285,3.373723067154277e-05,1,1,1
962,0.0,test,0.9999971426851434,2.857314856690372e-06,1,1,1
963,0.0,train,0.9986329742780596,0.0013670257219404439,1,1,1
964,1.0,train,0.009412591254869797,0.9905874087451303,0,1,1
965,1.0,train,0.999993356565469,6.643434531096306e-06,1,1,1
966,1.0,train,0.9995694428769908,0.00043055712300936466,1,1,1
967,0.0,train,0.6224593452091672,0.3775406547908327,1,1,1
968,0.0,test,0.00793799457079286,0.9920620054292071,0,1,1
969,0.0,train,3.041595515434448e-06,0.9999969584044847,0,1,1
970,1.0,test,0.999301324297101,0.0006986757028989961,1,1,1
971,1.0,test,0.5888891163376235,0.41111088366237647,1,1,1
972,1.0,train,0.9942697522539862,0.0057302477460137394,1,1,1
973,1.0,test,0.99924459442351,0.00075540557648994,1,1,1
974,1.0,train,0.35577489351363034,0.6442251064863697,0,1,1
975,1.0,test,0.9990452681077033,0.0009547318922966902,1,1,1
976,0.0,train,0.9748211584822717,0.02517884151772834,1,1,1
977,1.0,train,0.9976403388969922,0.002359661103007656,1,1,1
978,1.0,train,0.9994023306244468,0.0005976693755531877,1,1,1
979,0.0,test,0.8539127603871312,0.14608723961286893,1,1,1
980,1.0,train,0.9863631643177028,0.013636835682297104,1,1,1
981,0.0,dev,0.9891815532606978,0.010818446739302157,1,1,1
982,1.0,train,0.5117166047041654,0.4882833952958347,1,1,1
983,0.0,train,1.6964419432554568e-05,0.9999830355805674,0,1,1
984,0.0,train,0.09947021121253752,0.9005297887874624,0,1,1
985,0.0,train,0.031143831434030544,0.9688561685659695,0,1,1
986,0.0,train,0.014503579691381979,0.985496420308618,0,1,1
987,1.0,train,0.9999227781164652,7.722188353481414e-05,1,1,1
988,1.0,test,0.9999804741060628,1.9525893937224622e-05,1,1,1
989,1.0,train,0.9921841093618227,0.0078158906381774,1,1,1
990,0.0,test,0.9073122150949273,0.09268778490507268,1,1,1
991,1.0,train,0.9997901169821508,0.00020988301784912318,1,1,1
992,1.0,dev,0.9914225141427745,0.008577485857225578,1,1,1
993,0.0,train,0.26284183737131667,0.7371581626286834,0,1,1
994,1.0,train,0.9993121487988526,0.0006878512011475353,1,1,1
995,0.0,train,0.9207896715436482,0.07921032845635173,1,1,1
996,1.0,train,0.9998232548790126,0.0001767451209874846,1,1,1
997,0.0,train,1.2606942482836477e-05,0.999987393057517,0,1,1
998,1.0,train,0.28776780354463427,0.7122321964553657,0,1,1
999,0.0,train,0.01428193644244684,0.9857180635575532,0,1,1
1000,0.0,dev,6.4390408696460985e-06,0.9999935609591304,0,1,1
1001,0.0,train,0.09807933137938006,0.90192066862062,0,1,1
1002,1.0,train,0.9999349718302044,6.502816979550879e-05,1,1,1
1003,1.0,train,0.9999524235320969,4.7576467903108924e-05,1,1,1
1004,0.0,train,0.014281932666443474,0.9857180673335565,0,1,1
1005,0.0,train,5.391086652468267e-05,0.9999460891334754,0,1,1
1006,0.0,train,0.480478678047907,0.5195213219520929,0,1,1
1007,1.0,train,0.999958664587449,4.133541255101213e-05,1,1,1
1008,1.0,train,0.9997965730643742,0.00020342693562566932,1,1,1
1009,0.0,train,0.26588048473393133,0.7341195152660688,0,1,1
1010,1.0,train,0.999195914019475,0.0008040859805249107,1,1,1
1011,0.0,train,0.0007437029302191389,0.9992562970697809,0,1,1
1012,1.0,train,0.007577241043752515,0.9924227589562475,0,1,1
1013,1.0,train,0.9976032692545707,0.0023967307454292974,1,1,1
1014,0.0,train,0.9790357582643451,0.020964241735654962,1,1,1
1015,0.0,train,0.01971913156387104,0.980280868436129,0,1,1
1016,1.0,train,0.9979809857092277,0.0020190142907724256,1,1,1
1017,1.0,train,0.9999901816771128,9.818322887173533e-06,1,1,1
1018,0.0,train,0.0003625902283148789,0.999637409771685,0,1,1
1019,0.0,train,0.7718435030872968,0.22815649691270326,1,1,1
1020,1.0,dev,0.9518632268350685,0.04813677316493159,1,1,1
1021,1.0,train,0.99993497182754,6.502817246007248e-05,1,1,1
1022,1.0,train,0.9999968618529892,3.1381470107663566e-06,1,1,1
1023,0.0,train,0.006388319585527589,0.9936116804144723,0,1,1
1024,0.0,train,0.0002492325839888973,0.9997507674160111,0,1,1
1025,1.0,train,0.996972165560193,0.0030278344398070225,1,1,1
1026,0.0,train,0.9995197027824206,0.00048029721757921845,1,1,1
1027,1.0,train,0.9891815503106244,0.010818449689375545,1,1,1
1028,1.0,train,0.9895109081214212,0.01048909187857883,1,1,1
1029,0.0,train,0.4493926197162523,0.5506073802837478,0,1,1
1030,0.0,train,0.9433475738956645,0.05665242610433553,1,1,1
1031,1.0,train,0.9995761152406435,0.00042388475935641815,1,1,1
1032,1.0,test,0.9999867880359633,1.3211964036571025e-05,1,1,1
1033,1.0,dev,0.9632305368270893,0.036769463172910785,1,1,1
1034,1.0,train,0.9019206738932334,0.09807932610676663,1,1,1
1035,0.0,train,0.8438951025545426,0.1561048974454574,1,1,1
1036,1.0,train,0.9916842201707983,0.008315779829201623,1,1,1
1037,1.0,train,0.9988486005885597,0.0011513994114403026,1,1,1
1038,1.0,train,0.9999911988968663,8.801103133847697e-06,1,1,1
1039,0.0,dev,0.004538432667289173,0.9954615673327109,0,1,1
1040,1.0,train,0.9999318512568137,6.814874318625033e-05,1,1,1
1041,0.0,train,0.01941934647994001,0.98058065352006,0,1,1
1042,0.0,dev,0.9943580918761618,0.005641908123838361,1,1,1
1043,0.0,train,0.3849121585956185,0.6150878414043816,0,1,1
1044,1.0,train,0.9989837558152176,0.0010162441847823838,1,1,1
1045,0.0,train,0.007577241267860811,0.9924227587321393,0,1,1
1046,1.0,train,0.9999918603041609,8.139695839130078e-06,1,1,1
1047,1.0,train,0.9935117289144836,0.006488271085516308,1,1,1
1048,1.0,train,0.9999907765292028,9.223470797313039e-06,1,1,1
1049,1.0,train,0.7549149813536518,0.24508501864634827,1,1,1
1050,1.0,train,0.9997730660782687,0.00022693392173141598,1,1,1
1051,0.0,train,0.9688561665426522,0.031143833457347815,1,1,1
1052,1.0,dev,0.9999359799573592,6.402004264081811e-05,1,1,1
1053,1.0,train,0.9999921107389125,7.889261087377538e-06,1,1,1
1054,0.0,train,0.28776782797747225,0.7122321720225278,0,1,1
1055,1.0,train,0.9996430293078005,0.000356970692199478,1,1,1
1056,0.0,train,0.00020342699017793307,0.999796573009822,0,1,1
1057,1.0,train,0.9999944056627867,5.5943372132650546e-06,1,1,1
1058,1.0,test,0.9970189677462457,0.0029810322537543207,1,1,1
1059,1.0,train,0.9314625079193014,0.06853749208069855,1,1,1
1060,1.0,train,0.9999097195755482,9.0280424451928e-05,1,1,1
1061,0.0,train,0.06371499425196533,0.9362850057480346,0,1,1
1062,0.0,train,0.13296423676207594,0.867035763237924,0,1,1
1063,0.0,train,0.665410558746814,0.33458944125318596,1,1,1
1064,1.0,dev,0.9626731110495138,0.03732688895048618,1,1,1
1065,1.0,train,0.9999687980795399,3.1201920460106804e-05,1,1,1
1066,1.0,train,0.919642530076595,0.08035746992340508,1,1,1
1067,1.0,train,0.9999398584674369,6.014153256305228e-05,1,1,1
1068,1.0,train,0.9999881568604445,1.1843139555402965e-05,1,1,1
1069,1.0,dev,0.9343951671081994,0.06560483289180075,1,1,1
1070,1.0,train,0.9999951395500767,4.860449923245516e-06,1,1,1
1071,0.0,train,0.9923043517405877,0.007695648259412348,1,1,1
1072,0.0,train,1.5689545051949902e-05,0.9999843104549481,0,1,1
1073,0.0,train,0.007577241267860811,0.9924227587321393,0,1,1
1074,1.0,train,0.9979492563609713,0.002050743639028706,1,1,1
1075,1.0,train,0.9927672355545386,0.007232764445461417,1,1,1
1076,0.0,train,0.0010005041923973545,0.9989994958076027,0,1,1
1077,1.0,train,0.785308580887758,0.2146914191122419,1,1,1
1078,0.0,dev,0.03210070393911135,0.9678992960608886,0,1,1
1079,0.0,train,0.0006361913246342481,0.9993638086753657,0,1,1
1080,1.0,train,0.9942697522964353,0.0057302477035647125,1,1,1
1081,0.0,train,0.7090191337850932,0.29098086621490676,1,1,1
1082,0.0,train,0.15405756269148546,0.8459424373085146,0,1,1
1083,0.0,test,0.3486451217982255,0.6513548782017746,0,1,1
1084,0.0,train,0.3276683008207139,0.672331699179286,0,1,1
1085,1.0,train,0.99975076742715,0.00024923257285010963,1,1,1
1086,0.0,train,0.000295957007701909,0.999704042992298,0,1,1
1087,1.0,train,0.9184802529509909,0.08151974704900901,1,1,1
1088,1.0,test,0.9991832618223706,0.0008167381776293889,1,1,1
1089,0.0,train,0.010818448333936324,0.9891815516660637,0,1,1
1090,0.0,test,4.9859602929276084e-05,0.9999501403970708,0,1,1
1091,1.0,train,0.6150878555160665,0.38491214448393346,1,1,1
1092,1.0,train,0.9863631643177028,0.013636835682297104,1,1,1
1093,0.0,train,0.04603390436238416,0.9539660956376158,0,1,1
1094,0.0,train,0.02595735719779685,0.9740426428022031,0,1,1
1095,1.0,train,0.9999771720089298,2.2827991070082575e-05,1,1,1
1096,1.0,train,0.9780517474046988,0.021948252595301206,1,1,1
1097,0.0,train,0.9399133447766225,0.06008665522337757,1,1,1
1098,0.0,train,0.9621075744568837,0.037892425543116344,1,1,1
1099,1.0,train,0.9984988179107814,0.0015011820892186637,1,1,1
1100,0.0,test,0.007577240371427665,0.9924227596285723,0,1,1
1101,0.0,test,0.45326184801538616,0.5467381519846138,0,1,1
1102,1.0,dev,0.9999914696773992,8.53032260079345e-06,1,1,1
1103,1.0,train,0.981453433182345,0.018546566817655055,1,1,1
1104,0.0,train,0.966410495801027,0.03358950419897302,1,1,1
1105,1.0,test,0.9911526461584296,0.00884735384157055,1,1,1
1106,0.0,test,0.0013250227327045727,0.9986749772672955,0,1,1
1107,1.0,train,0.9996079582253614,0.00039204177463865935,1,1,1
1108,1.0,test,0.04468087281684414,0.9553191271831558,0,1,1
1109,1.0,train,0.9946150620382221,0.0053849379617779605,1,1,1
1110,0.0,train,0.07159119944455247,0.9284088005554476,0,1,1
1111,1.0,test,0.9893474914374096,0.010652508562590476,1,1,1
1112,0.0,train,0.06371500136344282,0.9362849986365572,0,1,1
1113,1.0,train,0.8887587964389112,0.11124120356108877,1,1,1
1114,0.0,dev,0.0006667022695315302,0.9993332977304685,0,1,1
1115,0.0,train,0.027169233898802457,0.9728307661011977,0,1,1
1116,1.0,train,0.9994115910740985,0.0005884089259014384,1,1,1
1117,1.0,train,0.9777138121879512,0.022286187812048764,1,1,1
1118,1.0,dev,0.9997175918567981,0.0002824081432019724,1,1,1
1119,1.0,test,0.994530724996037,0.00546927500396303,1,1,1
1120,0.0,train,0.004609571222175325,0.9953904287778247,0,1,1
1121,1.0,train,0.2598256379609837,0.7401743620390163,0,1,1
1122,1.0,test,0.9999867880426572,1.3211957342958562e-05,1,1,1
1123,1.0,train,0.9511422158380862,0.04885778416191387,1,1,1
1124,0.0,train,0.08035746001262362,0.9196425399873764,0,1,1
1125,1.0,test,0.9999970055594648,2.9944405351664062e-06,1,1,1
1126,0.0,test,8.349626076538666e-05,0.9999165037392346,0,1,1
1127,0.0,dev,0.9999359799525895,6.402004741037779e-05,1,1,1
1128,1.0,train,0.6859494550081925,0.31405054499180746,1,1,1
1129,0.0,train,0.0005976694067054457,0.9994023305932945,0,1,1
1130,1.0,train,0.9999720307004125,2.7969299587528633e-05,1,1,1
1131,1.0,train,0.8128673223709252,0.18713267762907493,1,1,1
1132,1.0,train,0.9990746151615684,0.0009253848384316788,1,1,1
1133,1.0,train,0.9938070090625992,0.006192990937400763,1,1,1
1134,1.0,test,0.9987551568090708,0.0012448431909292633,1,1,1
1135,0.0,train,2.392350373941087e-05,0.9999760764962606,0,1,1
1136,0.0,train,0.039048296081090964,0.960951703918909,0,1,1
1137,1.0,train,0.9953904275813261,0.004609572418673961,1,1,1
1138,0.0,train,0.9706877692486436,0.029312230751356316,1,1,1
1139,0.0,train,5.829125871268376e-05,0.9999417087412874,0,1,1
1140,1.0,train,0.9982725415724195,0.0017274584275805,1,1,1
1141,0.0,train,0.0001511820338167788,0.9998488179661832,0,1,1
1142,0.0,train,0.947381041452505,0.05261895854749498,1,1,1
1143,0.0,dev,0.00022341632689858033,0.9997765836731015,0,1,1
1144,0.0,train,0.03622005690531909,0.9637799430946808,0,1,1
1145,0.0,test,0.00020988306944206002,0.999790116930558,0,1,1
1146,1.0,train,0.9991573577916097,0.0008426422083902649,1,1,1
1147,1.0,dev,0.9974885363182062,0.0025114636817936634,1,1,1
1148,1.0,train,0.9539661015270471,0.04603389847295305,1,1,1
1149,1.0,train,0.9843363487610752,0.01566365123892464,1,1,1
1150,0.0,train,0.11757213972942693,0.8824278602705732,0,1,1
1151,0.0,test,1.4064047695231771e-05,0.9999859359523047,0,1,1
1152,0.0,train,0.4073334000459302,0.5926665999540697,0,1,1
1153,0.0,train,0.992184111788489,0.007815888211510972,1,1,1
1154,0.0,train,0.0013458604814086611,0.9986541395185913,0,1,1
1155,0.0,train,0.9991959139236978,0.0008040860763023597,1,1,1
1156,1.0,dev,0.9939964047814309,0.006003595218569002,1,1,1
1157,1.0,train,0.999967300725116,3.269927488406935e-05,1,1,1
1158,0.0,train,4.3568792043999886e-06,0.9999956431207956,0,1,1
1159,1.0,train,0.9997584335973495,0.00024156640265046234,1,1,1
1160,0.0,train,0.843895106480586,0.15610489351941398,1,1,1
1161,1.0,test,0.7718434873426302,0.22815651265736978,1,1,1
1162,1.0,train,0.9973269940069358,0.0026730059930642276,1,1,1
1163,0.0,train,0.38121956625614994,0.6187804337438501,0,1,1
1164,0.0,train,0.00012533755160527485,0.9998746624483948,0,1,1
1165,0.0,train,2.0145695655947196e-05,0.999979854304344,0,1,1
1166,0.0,train,0.35577489351363034,0.6442251064863697,0,1,1
1167,0.0,train,0.9998706843845377,0.0001293156154622817,1,1,1
1168,0.0,train,2.430023205304903e-05,0.999975699767947,0,1,1
1169,0.0,train,5.173920928942148e-06,0.9999948260790711,0,1,1
1170,0.0,train,0.00020988305068099064,0.9997901169493191,0,1,1
1171,1.0,train,0.9965703966106685,0.0034296033893315156,1,1,1
1172,1.0,train,0.999699383670284,0.00030061632971608486,1,1,1
1173,0.0,train,0.07696083781311955,0.9230391621868805,0,1,1
1174,1.0,train,0.9996593707407663,0.00034062925923382886,1,1,1
1175,1.0,train,0.9996374099823263,0.0003625900176737421,1,1,1
1176,0.0,train,0.0900929890757869,0.9099070109242131,0,1,1
1177,0.0,train,0.9993332976460804,0.000666702353919659,1,1,1
1178,0.0,dev,0.018546561257240943,0.9814534387427591,0,1,1
1179,1.0,train,0.9998944531023374,0.0001055468976625882,1,1,1
1180,0.0,test,0.0004878572099753667,0.9995121427900245,0,1,1
1181,1.0,train,0.9985896414089436,0.0014103585910565529,1,1,1
1182,1.0,train,0.9999939510802929,6.048919707111092e-06,1,1,1
1183,1.0,train,0.9999389114262276,6.108857377235838e-05,1,1,1
1184,1.0,train,0.9999932519478316,6.748052168229104e-06,1,1,1
1185,0.0,train,0.0004173159222910043,0.9995826840777089,0,1,1
1186,0.0,test,0.003824483758179798,0.9961755162418201,0,1,1
1187,1.0,train,0.8652240825770433,0.1347759174229568,1,1,1
1188,0.0,train,0.5467381519846138,0.45326184801538616,1,1,1
1189,1.0,train,0.7490872075132153,0.2509127924867847,1,1,1
1190,1.0,test,0.9928785727820116,0.007121427217988452,1,1,1
1191,1.0,test,0.955981353272333,0.044018646727667046,1,1,1
1192,1.0,train,0.9999970976882526,2.902311747348794e-06,1,1,1
1193,0.0,train,0.9999788875187303,2.1112481269732925e-05,1,1,1
1194,0.0,test,0.47657965106367595,0.523420348936324,0,1,1
1195,0.0,train,2.4439935739542505e-06,0.9999975560064261,0,1,1
1196,0.0,train,0.9688561672170913,0.03114383278290871,1,1,1
1197,0.0,train,0.9196425289753969,0.08035747102460308,1,1,1
1198,0.0,train,0.00012731098092324332,0.9998726890190767,0,1,1
1199,0.0,train,0.9996849612578158,0.0003150387421842182,1,1,1
1200,1.0,train,0.9945307253202482,0.005469274679751797,1,1,1
1201,1.0,train,0.7154239836484143,0.28457601635158564,1,1,1
1202,1.0,dev,0.9796676425019243,0.020332357498075698,1,1,1
1203,0.0,train,0.5389832206876841,0.4610167793123159,1,1,1
1204,1.0,train,0.44939263446475963,0.5506073655352404,0,1,1
1205,1.0,train,0.9993833701665229,0.0006166298334771771,1,1,1
1206,0.0,train,0.5813030906443133,0.41869690935568665,1,1,1
1207,1.0,train,0.9835969665221773,0.016403033477822817,1,1,1
1208,0.0,test,0.00012931567037334724,0.9998706843296268,0,1,1
1209,0.0,train,0.0015011820333792252,0.9984988179666208,0,1,1
1210,1.0,train,0.9994887420493225,0.0005112579506775684,1,1,1
1211,1.0,test,0.9992206339185835,0.0007793660814164348,1,1,1
1212,1.0,train,0.939913354875362,0.06008664512463808,1,1,1
1213,1.0,test,0.9999986502972571,1.3497027429012288e-06,1,1,1
1214,1.0,train,0.6548947290421275,0.3451052709578724,1,1,1
1215,1.0,train,0.7341195385342971,0.2658804614657029,1,1,1
1216,1.0,train,0.9999667858104961,3.32141895038756e-05,1,1,1
1217,1.0,train,0.9999966068547952,3.3931452048292387e-06,1,1,1
1218,0.0,dev,0.6224593452091672,0.3775406547908327,1,1,1
1219,0.0,train,0.9999203269822742,7.96730177257401e-05,1,1,1
1220,0.0,train,0.746138993030751,0.25386100696924885,1,1,1
1221,1.0,train,0.577495350642608,0.42250464935739196,1,1,1
1222,1.0,train,0.7879312056025699,0.21206879439743004,1,1,1
1223,1.0,dev,0.9532750380552895,0.04672496194471053,1,1,1
1224,1.0,train,0.8152324848629214,0.1847675151370785,1,1,1
1225,1.0,train,0.9999964440145782,3.5559854218085754e-06,1,1,1
1226,1.0,dev,0.9984752138129522,0.001524786187047776,1,1,1
1227,0.0,dev,8.481107205180587e-05,0.9999151889279481,0,1,1
1228,1.0,train,0.9999053873621094,9.461263789065984e-05,1,1,1
1229,0.0,train,0.9879462230567921,0.012053776943207828,1,1,1
1230,0.0,train,2.902311639229572e-06,0.9999970976883608,0,1,1
1231,0.0,train,0.9852713829066633,0.014728617093336668,1,1,1
1232,1.0,train,0.9999566809429332,4.331905706679562e-05,1,1,1
1233,0.0,train,0.35936413143782797,0.640635868562172,0,1,1
1234,1.0,train,0.9609517055963415,0.039048294403658645,1,1,1
1235,0.0,train,0.9828232906103469,0.01717670938965313,1,1,1
1236,1.0,train,0.9999745336033576,2.5466396642271968e-05,1,1,1
1237,1.0,train,0.9999082979967894,9.17020032104697e-05,1,1,1
1238,1.0,train,0.14033625308549463,0.8596637469145053,0,1,1
1239,1.0,train,0.999971590243825,2.8409756175054493e-05,1,1,1
1240,1.0,train,0.5467381519846138,0.45326184801538616,1,1,1
1241,1.0,train,6.605216847517963e-05,0.9999339478315248,0,1,1
1242,0.0,train,0.00806198985996848,0.9919380101400316,0,1,1
1243,1.0,train,0.9995557816443867,0.0004442183556132199,1,1,1
1244,1.0,train,0.9996485617484979,0.000351438251502047,1,1,1
1245,1.0,train,0.9688561663178392,0.03114383368216086,1,1,1
1246,1.0,train,0.8824278540866548,0.11757214591334529,1,1,1
1247,1.0,train,0.9988839854992925,0.0011160145007076802,1,1,1
1248,1.0,train,0.9996259044468142,0.0003740955531857906,1,1,1
1249,0.0,train,0.002631674444226186,0.9973683255557739,0,1,1
1250,1.0,train,0.9799765575409523,0.0200234424590476,1,1,1
1251,1.0,train,0.9763105276667109,0.023689472333289146,1,1,1
1252,1.0,dev,0.9999893838657626,1.0616134237448652e-05,1,1,1
1253,1.0,train,0.8080672135527632,0.19193278644723683,1,1,1
1254,0.0,test,6.605215666491272e-05,0.9999339478433351,0,1,1
1255,0.0,train,0.01262495076757504,0.987375049232425,0,1,1
1256,1.0,test,0.9986114770239073,0.0013885229760927857,1,1,1
1257,0.0,train,0.9669140201811735,0.03308597981882656,1,1,1
1258,0.0,train,0.03161876818116342,0.9683812318188365,0,1,1
1259,1.0,train,0.9899864308540235,0.010013569145976576,1,1,1
1260,1.0,train,0.9979492562466121,0.0020507437533879365,1,1,1
1261,0.0,test,0.9994115911354383,0.0005884088645617219,1,1,1
1262,0.0,train,0.036769463436791494,0.9632305365632085,0,1,1
1263,1.0,train,0.9958660318788743,0.00413396812112558,1,1,1
1264,0.0,train,0.0850990357257195,0.9149009642742806,0,1,1
1265,0.0,train,0.3998116407397951,0.600188359260205,0,1,1
1266,0.0,train,0.9988120944219029,0.0011879055780970285,1,1,1
1267,0.0,dev,0.02843602975140713,0.9715639702485929,0,1,1
1268,1.0,dev,0.9999753171013851,2.4682898614838938e-05,1,1,1
1269,0.0,train,0.9719924804081514,0.02800751959184867,1,1,1
1270,0.0,dev,0.0023967304425872864,0.9976032695574127,0,1,1
1271,0.0,train,0.02758528382564496,0.9724147161743549,0,1,1
1272,0.0,train,0.0038244840988075806,0.9961755159011926,0,1,1
1273,1.0,train,0.9752018383629827,0.024798161637017428,1,1,1
1274,0.0,train,0.0005442134893725012,0.9994557865106274,0,1,1
1275,0.0,train,0.13660837948097748,0.8633916205190225,0,1,1
1276,1.0,train,0.9967775155563374,0.003222484443662483,1,1,1
1277,0.0,train,4.092911781852198e-06,0.9999959070882182,0,1,1
1278,1.0,train,0.8962513731336202,0.10374862686637971,1,1,1
1279,1.0,train,0.9982453856943001,0.0017546143056998242,1,1,1
1280,1.0,train,0.8840392848011833,0.11596071519881657,1,1,1
1281,0.0,train,0.9433475683211323,0.05665243167886765,1,1,1
1282,0.0,train,0.9959927112622475,0.004007288737752494,1,1,1
1283,1.0,train,0.9407897459384732,0.05921025406152681,1,1,1
1284,1.0,train,0.9986541394585078,0.0013458605414923416,1,1,1
1285,1.0,dev,0.9999285809993029,7.141900069708711e-05,1,1,1
1286,0.0,train,0.0001740054770060041,0.999825994522994,0,1,1
1287,1.0,train,0.9956684979151712,0.004331502084828826,1,1,1
1288,1.0,train,0.9999788875100396,2.111248996038967e-05,1,1,1
1289,0.0,train,0.734119526900183,0.2658804730998169,1,1,1
1290,0.0,train,0.00042388476724854033,0.9995761152327514,0,1,1
1291,0.0,train,0.000305348923014531,0.9996946510769854,0,1,1
1292,1.0,train,0.9833429596246587,0.016657040375341273,1,1,1
1293,1.0,train,0.997712772819185,0.002287227180815,1,1,1
1294,0.0,train,0.10669058826486906,0.893309411735131,0,1,1
1295,1.0,test,0.9833429563296485,0.01665704367035156,1,1,1
1296,1.0,train,0.9999678076575882,3.2192342411886205e-05,1,1,1
1297,1.0,train,0.9973269939076247,0.002673006092375292,1,1,1
1298,1.0,train,0.009708474189265195,0.9902915258107348,0,1,1
1299,1.0,test,0.9957353656558362,0.0042646343441637875,1,1,1
1300,1.0,train,0.9980122256398098,0.001987774360190246,1,1,1
1301,1.0,train,0.9719924822336022,0.028007517766397722,1,1,1
1302,0.0,train,0.9982992779301098,0.0017007220698902112,1,1,1
1303,0.0,train,0.9999617709050483,3.8229094951584135e-05,1,1,1
1304,1.0,train,0.9999702268799595,2.9773120040526524e-05,1,1,1
1305,1.0,train,0.9998822554068391,0.00011774459316103299,1,1,1
1306,0.0,train,0.029312229903390143,0.97068777009661,0,1,1
1307,1.0,train,0.9989677687327617,0.0010322312672383033,1,1,1
1308,1.0,train,0.9924227598526806,0.007577240147319397,1,1,1
1309,1.0,dev,0.8615382129861582,0.1384617870138417,1,1,1
1310,0.0,train,0.00021995333310999133,0.99978004666689,0,1,1
1311,1.0,train,0.999966262778,3.3737221999848964e-05,1,1,1
1312,0.0,train,1.6442492599788772e-05,0.9999835575074001,0,1,1
1313,1.0,train,0.9999792148359142,2.078516408587158e-05,1,1,1
1314,1.0,train,0.9967269356856017,0.0032730643143984474,1,1,1
1315,0.0,dev,0.7662936377487304,0.23370636225126956,1,1,1
1316,0.0,train,0.9999485577960309,5.144220396921651e-05,1,1,1
1317,0.0,test,0.11596071214366648,0.8840392878563335,0,1,1
1318,1.0,train,0.9999580136981758,4.198630182424623e-05,1,1,1
1319,1.0,train,0.9995891515235613,0.0004108484764385947,1,1,1
1320,0.0,train,0.5078118642792044,0.49218813572079556,1,1,1
1321,1.0,train,0.040237946076410465,0.9597620539235895,0,1,1
1322,1.0,test,0.9891815495930391,0.010818450406961087,1,1,1
1323,1.0,train,0.9989994956884526,0.0010005043115474258,1,1,1
1324,1.0,train,0.9996374099161635,0.00036259008383665017,1,1,1
1325,0.0,train,0.47268347662043286,0.5273165233795671,0,1,1
1326,1.0,train,0.9702399034724605,0.029760096527539612,1,1,1
1327,0.0,train,0.00026119021792915444,0.999738809782071,0,1,1
1328,1.0,train,0.9850429146143439,0.014957085385656092,1,1,1
1329,1.0,train,0.9999945777794342,5.422220565755598e-06,1,1,1
1330,0.0,train,0.9968763511681437,0.0031236488318563092,1,1,1
1331,1.0,test,0.9993121488270201,0.0006878511729800249,1,1,1
1332,1.0,train,0.9998511615839532,0.00014883841604681266,1,1,1
1333,1.0,train,0.8887587905460026,0.11124120945399739,1,1,1
1334,1.0,train,0.9999970519832599,2.948016740138579e-06,1,1,1
1335,0.0,train,0.9905874102734519,0.009412589726548144,1,1,1
1336,0.0,train,0.005641909252393404,0.9943580907476066,0,1,1
1337,1.0,train,0.9985896418181769,0.0014103581818229692,1,1,1
1338,1.0,dev,0.9999531610955107,4.683890448924003e-05,1,1,1
1339,0.0,train,0.0017007221078396608,0.9982992778921603,0,1,1
1340,0.0,dev,0.00031015604215569925,0.9996898439578443,0,1,1
1341,0.0,train,0.9976032696553911,0.002396730344608997,1,1,1
1342,1.0,train,0.999981941490148,1.805850985216091e-05,1,1,1
1343,0.0,train,0.00018522568807397062,0.9998147743119261,0,1,1
1344,0.0,dev,0.016657041473677966,0.9833429585263221,0,1,1
1345,1.0,dev,4.069458396838671e-05,0.9999593054160316,0,1,1
1346,1.0,train,0.9961155226151879,0.003884477384812191,1,1,1
1347,0.0,train,0.9993436272286546,0.0006563727713453081,1,1,1
1348,0.0,train,0.9942697536548041,0.005730246345196008,1,1,1
1349,1.0,train,1.280547879276531e-05,0.9999871945212073,0,1,1
1350,0.0,test,0.9999985176418436,1.482358156512592e-06,1,1,1
1351,,,0.8397339636614178,0.16026603633858205,1,1,1
1352,0.0,train,0.07263670033827889,0.927363299661721,0,1,1
1353,1.0,test,0.9999945777827267,5.422217273281106e-06,1,1,1
1354,1.0,train,0.9820137862215829,0.017986213778417023,1,1,1
1355,1.0,train,0.9999151889213138,8.481107868610657e-05,1,1,1
1356,0.0,train,0.04336579381848507,0.9566342061815148,0,1,1
1357,1.0,train,0.9997086298633621,0.00029137013663796586,1,1,1
1358,0.0,train,0.2018132174596823,0.7981867825403176,0,1,1
1359,1.0,train,0.9019206857566126,0.09807931424338741,1,1,1
1360,1.0,train,0.9907319864138494,0.009268013586150644,1,1,1
1361,1.0,test,0.9999715902636154,2.8409736384555488e-05,1,1,1
1362,0.0,train,0.9820137881955446,0.017986211804455476,1,1,1
1363,0.0,train,0.999928580993184,7.141900681595008e-05,1,1,1
1364,1.0,train,0.9985449368936751,0.0014550631063248365,1,1,1
1365,0.0,train,0.6992544210587585,0.3007455789412415,1,1,1
1366,0.0,train,0.14608723961286893,0.8539127603871312,0,1,1
1367,1.0,train,0.3522017684487511,0.6477982315512488,0,1,1
1368,0.0,dev,0.00020027377865299565,0.999799726221347,0,1,1
1369,1.0,train,0.7718434978390747,0.22815650216092537,1,1,1
1370,0.0,train,0.03461884083118546,0.9653811591688145,0,1,1
1371,0.0,dev,0.00806199081328453,0.9919380091867156,0,1,1
1372,0.0,train,0.008315778477474129,0.9916842215225259,0,1,1
1373,1.0,train,0.5117166047041654,0.4882833952958347,1,1,1
1374,0.0,dev,0.9999898700135854,1.0129986414725196e-05,1,1,1
1375,1.0,train,0.999997517518964,2.48248103594293e-06,1,1,1
1376,1.0,dev,0.8933094003735664,0.10669059962643358,1,1,1
1377,1.0,test,0.9999987121044318,1.2878955682924997e-06,1,1,1
1378,1.0,train,0.9919380071609186,0.00806199283908151,1,1,1
1379,1.0,train,0.9585377237352756,0.04146227626472452,1,1,1
1380,0.0,train,2.0145698057453026e-05,0.9999798543019425,0,1,1
1381,1.0,train,0.9991030606930199,0.0008969393069801268,1,1,1
1382,1.0,dev,0.9999810748447039,1.8925155296072347e-05,1,1,1
1383,0.0,train,0.994358092712128,0.005641907287871805,1,1,1
1384,1.0,train,0.7745833789613196,0.22541662103868038,1,1,1
1385,0.0,test,0.9449947140302197,0.055005285969780236,1,1,1
1386,0.0,train,0.00043733429929524836,0.9995626657007047,0,1,1
1387,0.0,test,0.0025114640364261886,0.9974885359635738,0,1,1
1388,0.0,train,0.9697854116227195,0.030214588377280537,1,1,1
1389,1.0,train,0.9937100976302643,0.00628990236973577,1,1,1
1390,1.0,train,0.9518632302488963,0.04813676975110367,1,1,1
1391,1.0,train,0.9770226320971079,0.022977367902892003,1,1,1
1392,0.0,train,0.004070137595090279,0.9959298624049098,0,1,1
1393,1.0,train,0.9995487894131848,0.0004512105868152871,1,1,1
1394,1.0,train,0.9999932519487116,6.748051288389235e-06,1,1,1
1395,1.0,train,0.9740426431789577,0.02595735682104226,1,1,1
1396,0.0,train,0.10818894881116972,0.8918110511888303,0,1,1
1397,0.0,train,0.18476750166984326,0.8152324983301567,0,1,1
1398,0.0,test,0.9744347879327917,0.02556521206720831,1,1,1
1399,1.0,test,0.999996499144738,3.500855262109011e-06,1,1,1
1400,1.0,train,0.9999452402271358,5.475977286426777e-05,1,1,1
1401,0.0,train,0.01798621154126062,0.9820137884587394,0,1,1
1402,1.0,train,0.9944450758725141,0.005554924127485989,1,1,1
1403,0.0,train,0.7826624688140728,0.21733753118592736,1,1,1
1404,0.0,train,2.71087924788568e-05,0.9999728912075212,0,1,1
1405,1.0,train,0.9999984220381248,1.5779618752449857e-06,1,1,1
1406,1.0,train,0.9908743607918068,0.009125639208193188,1,1,1
1407,0.0,train,0.01590639217832175,0.9840936078216783,0,1,1
1408,0.0,train,0.001597845161213453,0.9984021548387867,0,1,1
1409,1.0,test,0.9984512390151643,0.0015487609848356535,1,1,1
1410,1.0,dev,0.9790357587231088,0.020964241276891227,1,1,1
1411,1.0,train,0.9999982938164435,1.7061835566642974e-06,1,1,1
1412,1.0,train,0.9998977001056442,0.00010229989435582023,1,1,1
1413,1.0,train,0.9999975560070179,2.4439929821577078e-06,1,1,1
1414,1.0,train,0.9999753170928339,2.468290716606888e-05,1,1,1
1415,0.0,test,0.9334308175109686,0.06656918248903143,1,1,1
1416,1.0,train,0.9086179031191508,0.09138209688084908,1,1,1
1417,1.0,train,0.5273165233795671,0.47268347662043286,1,1,1
1418,1.0,train,0.6187804196836383,0.3812195803163618,1,1,1
1419,1.0,train,0.6224593312018546,0.37754066879814546,1,1,1
1420,0.0,train,0.0008295891883591028,0.9991704108116409,0,1,1
1421,1.0,train,0.4378234844434674,0.5621765155565327,0,1,1
1422,0.0,train,0.46490157137338844,0.5350984286266115,0,1,1
1423,0.0,train,0.017442481671648684,0.9825575183283513,0,1,1
1424,1.0,dev,0.9946150617987929,0.00538493820120716,1,1,1
1425,1.0,train,0.03258974382642806,0.9674102561735718,0,1,1
1426,1.0,train,0.9219218294919745,0.07807817050802544,1,1,1
1427,0.0,train,0.999648561570508,0.0003514384294920108,1,1,1
1428,1.0,train,0.9822877000002938,0.017712299999706207,1,1,1
1429,1.0,train,0.9968763517133507,0.00312364828664929,1,1,1
1430,0.0,train,0.9857180665993337,0.014281933400666273,1,1,1
1431,0.0,train,2.81301614272614e-06,0.9999971869838572,0,1,1
1432,1.0,train,0.9902915223724212,0.009708477627578704,1,1,1
1433,1.0,train,0.998830489700131,0.0011695102998688749,1,1,1
1434,0.0,train,0.9871787857334058,0.012821214266594244,1,1,1
1435,0.0,train,0.00024156632707671667,0.9997584336729234,0,1,1
1436,1.0,train,0.9997834559444594,0.00021654405554070668,1,1,1
1437,0.0,train,0.013222820196864963,0.9867771798031351,0,1,1
1438,1.0,train,0.9999798543146255,2.0145685374503608e-05,1,1,1
1439,0.0,train,0.0036499877898772777,0.9963500122101228,0,1,1
1440,0.0,train,0.0010322310982170768,0.998967768901783,0,1,1
1441,0.0,train,5.738759179400594e-05,0.9999426124082059,0,1,1
1442,1.0,train,0.9988664308599338,0.0011335691400662941,1,1,1
1443,1.0,train,0.999256297138992,0.0007437028610079201,1,1,1
1444,1.0,train,0.9976032692812922,0.0023967307187079422,1,1,1
1445,0.0,test,0.00037409551557227635,0.9996259044844277,0,1,1
1446,1.0,test,0.9997965731045309,0.00020342689546915124,1,1,1
1447,0.0,train,2.5215723338554267e-06,0.9999974784276661,0,1,1
1448,0.0,train,0.46490157137338844,0.5350984286266115,0,1,1
1449,0.0,train,0.9773708012852457,0.02262919871475425,1,1,1
1450,0.0,test,0.9518632247867717,0.048136775213228455,1,1,1
1451,0.0,train,0.5506073802837478,0.4493926197162523,1,1,1
1452,1.0,train,0.931462503162843,0.06853749683715711,1,1,1
1453,0.0,train,0.12765263195921103,0.872347368040789,0,1,1
1454,0.0,train,0.28140560742914383,0.7185943925708561,0,1,1
1455,1.0,train,0.9241418210233833,0.07585817897661679,1,1,1
1456,0.0,train,0.22000710997428738,0.7799928900257126,0,1,1
1457,1.0,train,0.9971990724710068,0.0028009275289932133,1,1,1
1458,0.0,train,0.30735801686526387,0.6926419831347361,0,1,1
1459,1.0,train,0.9997262782034673,0.0002737217965328793,1,1,1
1460,0.0,dev,0.003324437286641934,0.9966755627133581,0,1,1
1461,0.0,train,0.9915543713742525,0.008445628625747584,1,1,1
1462,0.0,train,0.9996485616686641,0.00035143833133576956,1,1,1
1463,1.0,train,0.9994385213479322,0.0005614786520677279,1,1,1
1464,0.0,train,0.22270012850745968,0.7772998714925403,0,1,1
1465,1.0,train,0.9822877010373297,0.017712298962670393,1,1,1
1466,0.0,train,0.031143830534778462,0.9688561694652216,0,1,1
1467,1.0,train,0.9999986502971967,1.349702803237563e-06,1,1,1
1468,0.0,train,0.0078158906381774,0.9921841093618227,0,1,1
1469,1.0,train,0.4610167793123159,0.5389832206876841,0,1,1
1470,0.0,train,0.9637799415341644,0.03622005846583568,1,1,1
1471,1.0,train,0.9999692818036744,3.071819632567107e-05,1,1,1
1472,1.0,train,0.9996485617354105,0.0003514382645895413,1,1,1
1473,0.0,train,0.9899864311494628,0.010013568850537292,1,1,1
1474,1.0,train,0.4882833952958347,0.5117166047041654,0,1,1
1475,1.0,train,0.6584175139669997,0.3415824860330004,1,1,1
1476,1.0,dev,0.44167300566462553,0.5583269943353745,0,1,1
1477,1.0,test,0.9999980052698251,1.9947301748139878e-06,1,1,1
1478,1.0,train,0.9997175918610051,0.0002824081389949516,1,1,1
1479,1.0,train,0.8757869997529961,0.12421300024700381,1,1,1
1480,1.0,train,0.9927672378014766,0.007232762198523373,1,1,1
1481,0.0,test,0.0001253375179913419,0.9998746624820086,0,1,1
1482,1.0,train,0.995531616098085,0.004468383901914886,1,1,1
1483,0.0,train,0.6187804478040616,0.38121955219593834,1,1,1
1484,1.0,train,0.999880401444224,0.00011959855577592682,1,1,1
1485,1.0,train,0.9999538872614767,4.6112738523216894e-05,1,1,1
1486,1.0,train,0.9940889317129035,0.005911068287096462,1,1,1
1487,0.0,train,0.2689414213699951,0.7310585786300049,0,1,1
1488,1.0,train,0.9908743609939192,0.009125639006080653,1,1,1
1489,0.0,test,0.009559399629260435,0.9904406003707394,0,1,1
1490,1.0,train,0.045352584425245944,0.954647415574754,0,1,1
1491,0.0,train,0.010652509269287706,0.9893474907307123,0,1,1
1492,1.0,dev,0.9796676485866417,0.02033235141335831,1,1,1
1493,0.0,train,0.011687257651457767,0.9883127423485423,0,1,1
1494,1.0,test,0.9999964440137304,3.5559862696186534e-06,1,1,1
1495,1.0,train,0.9908743644972026,0.00912563550279739,1,1,1
1496,0.0,train,0.9504109749090952,0.04958902509090481,1,1,1
1497,1.0,dev,0.8596637612961506,0.14033623870384943,1,1,1
1498,0.0,train,0.9999711428732264,2.8857126773557518e-05,1,1,1
1499,1.0,train,0.9999845536883663,1.5446311633866062e-05,1,1,1
1500,0.0,test,0.0007096704625050409,0.9992903295374951,0,1,1
1501,1.0,train,0.9999958426346434,4.157365356519099e-06,1,1,1
1502,0.0,train,7.766948616148237e-06,0.999992233051384,0,1,1
1503,1.0,train,0.9986329742729739,0.0013670257270260496,1,1,1
1504,1.0,test,0.9553191284552528,0.044680871544747154,1,1,1
1505,0.0,train,0.0035380861621586534,0.9964619138378413,0,1,1
1506,1.0,train,0.9996485618597417,0.0003514381402583654,1,1,1
1507,0.0,train,0.0002571421023791277,0.9997428578976209,0,1,1
1508,0.0,train,0.049589018770285855,0.9504109812297141,0,1,1
1509,1.0,train,0.9999911988987349,8.801101265024485e-06,1,1,1
1510,,,6.709223699852699e-05,0.9999329077630014,0,1,1
1511,0.0,train,0.9956005866740937,0.0043994133259063805,1,1,1
1512,1.0,dev,0.9937100985150688,0.006289901484931326,1,1,1
1513,1.0,dev,0.9990600563012473,0.0009399436987527008,1,1,1
1514,1.0,train,0.9988664310539658,0.0011335689460342995,1,1,1
1515,0.0,test,0.002844909749523212,0.9971550902504768,0,1,1
1516,1.0,train,0.9603611603317785,0.039638839668221494,1,1,1
1517,1.0,train,0.8128673223709252,0.18713267762907493,1,1,1
1518,0.0,train,0.9787126494483639,0.02128735055163597,1,1,1
1519,1.0,train,0.9975273769903807,0.002472623009619369,1,1,1
1520,1.0,train,0.9999398584634044,6.0141536595613896e-05,1,1,1
1521,1.0,train,0.9995197026608105,0.0004802973391895632,1,1,1
1522,1.0,train,0.9997388095836288,0.00026119041637129965,1,1,1
1523,0.0,train,0.004070138319925425,0.9959298616800746,0,1,1
1524,0.0,train,0.12421301807811345,0.8757869819218864,0,1,1
1525,1.0,train,0.9759464457063559,0.024053554293644024,1,1,1
1526,1.0,train,0.1311732203653401,0.8688267796346598,0,1,1
1527,1.0,train,0.9987156920948885,0.0012843079051115718,1,1,1
1528,0.0,train,0.9999771720005962,2.282799940390143e-05,1,1,1
1529,0.0,train,0.3486451217982255,0.6513548782017746,0,1,1
1530,0.0,test,0.061875992643426206,0.9381240073565738,0,1,1
1531,0.0,train,1.760342898569172e-06,0.9999982396571014,0,1,1
1532,0.0,train,0.9997175918694191,0.0002824081305809102,1,1,1
1533,1.0,dev,0.668880247169804,0.331119752830196,1,1,1
1534,1.0,train,0.9999989969861174,1.0030138826984364e-06,1,1,1
1535,0.0,train,0.011158028946310626,0.9888419710536893,0,1,1
1536,0.0,train,0.013848612250590411,0.9861513877494097,0,1,1
1537,1.0,train,0.971563964485063,0.02843603551493705,1,1,1
1538,1.0,train,0.9999369723913053,6.302760869474977e-05,1,1,1
1539,1.0,test,0.9982725412961804,0.001727458703819722,1,1,1
1540,0.0,train,0.00024536943667790987,0.9997546305633221,0,1,1
1541,1.0,dev,0.9752018412458461,0.02479815875415397,1,1,1
1542,1.0,train,0.9999711428710766,2.8857128923519045e-05,1,1,1
1543,1.0,train,0.9998579763809301,0.0001420236190698148,1,1,1
1544,1.0,dev,0.9946981042268643,0.005301895773135673,1,1,1
1545,0.0,train,0.9715639669551474,0.02843603304485266,1,1,1
1546,1.0,dev,0.9987744324968969,0.0012255675031030424,1,1,1
1547,0.0,train,0.03567855190309708,0.964321448096903,0,1,1
1548,1.0,train,0.9997262784328351,0.00027372156716481613,1,1,1
1549,0.0,test,2.7969311361096725e-05,0.9999720306886388,0,1,1
1550,1.0,train,0.9999586645934541,4.1335406545790755e-05,1,1,1
1551,1.0,dev,0.9993332975865122,0.0006667024134877564,1,1,1
1552,1.0,train,0.9988120942848818,0.0011879057151181615,1,1,1
1553,0.0,train,0.5736784074525096,0.4263215925474903,1,1,1
1554,1.0,train,0.8918110468756548,0.10818895312434518,1,1,1
1555,0.0,train,1.1300812374873145e-05,0.9999886991876252,0,1,1
1556,1.0,train,0.2720245510940225,0.7279754489059775,0,1,1
1557,0.0,train,0.9999970519842978,2.948015702322205e-06,1,1,1
1558,1.0,train,0.9683812306781892,0.031618769321810895,1,1,1
1559,1.0,train,0.9999646437591363,3.535624086367262e-05,1,1,1
1560,1.0,train,0.9996017868485861,0.0003982131514139728,1,1,1
1561,0.0,train,0.9343951671081994,0.06560483289180075,1,1,1
1562,1.0,dev,0.9973683257122209,0.002631674287778974,1,1,1
1563,1.0,test,0.9979492568717757,0.0020507431282242206,1,1,1
1564,1.0,train,0.9954615672317292,0.004538432768270662,1,1,1
1565,1.0,train,0.9898303426961231,0.010169657303876815,1,1,1
1566,1.0,train,0.9999867880475789,1.3211952421186854e-05,1,1,1
1567,1.0,train,0.967899293977466,0.032100706022533954,1,1,1
1568,1.0,train,0.9998766054543491,0.0001233945456510584,1,1,1
1569,1.0,dev,0.933430812881347,0.06656918711865298,1,1,1
1570,1.0,dev,0.03161876361857397,0.9683812363814259,0,1,1
1571,0.0,train,0.5506073655352404,0.44939263446475963,1,1,1
1572,0.0,train,0.0022518469447072626,0.9977481530552929,0,1,1
1573,0.0,train,0.9933071486794601,0.006692851320539924,1,1,1
1574,0.0,train,0.996827317534528,0.0031726824654718946,1,1,1
1575,1.0,train,0.9999944056645582,5.594335441830181e-06,1,1,1
1576,0.0,train,0.3040416623541848,0.6959583376458152,0,1,1
1577,1.0,train,0.3665897363221599,0.6334102636778401,0,1,1
1578,0.0,train,0.9999339478706463,6.605212935367856e-05,1,1,1
1579,1.0,train,0.9992791618238487,0.0007208381761513587,1,1,1
1580,0.0,train,0.0013885233583375315,0.9986114766416625,0,1,1
1581,0.0,train,0.0008426423087564059,0.9991573576912437,0,1,1
1582,0.0,test,0.004070138078313694,0.9959298619216862,0,1,1
1583,1.0,train,0.9997621778714141,0.00023782212858595672,1,1,1
1584,1.0,train,0.9770226320971079,0.022977367902892003,1,1,1
1585,1.0,train,0.9999877809273024,1.221907269760087e-05,1,1,1
1586,0.0,train,0.8902942275774318,0.10970577242256814,1,1,1
1587,0.0,train,0.9518632302488963,0.04813676975110367,1,1,1
1588,0.0,train,0.9989837560118794,0.0010162439881206233,1,1,1
1589,1.0,train,0.9999349718147015,6.502818529842629e-05,1,1,1
1590,0.0,train,0.9957353643270193,0.004264635672980885,1,1,1
1591,1.0,train,0.9999951395518331,4.8604481669154365e-06,1,1,1
1592,1.0,test,0.9099070121457543,0.0900929878542457,1,1,1
1593,1.0,train,0.9999452402314194,5.4759768580585455e-05,1,1,1
1594,1.0,train,0.8539127492339909,0.14608725076600915,1,1,1
1595,0.0,train,0.7217432182679956,0.2782567817320044,1,1,1
1596,1.0,dev,0.9947798737260924,0.0052201262739075445,1,1,1
1597,0.0,train,0.03410042767554472,0.9658995723244552,0,1,1
1598,0.0,train,0.0030278349346050865,0.9969721650653949,0,1,1
1599,0.0,train,0.8887587890727754,0.11124121092722457,1,1,1
1600,0.0,train,0.32082130082460697,0.679178699175393,0,1,1
1601,1.0,train,0.9857180632428862,0.01428193675711383,1,1,1
1602,0.0,train,1.147876265364131e-05,0.9999885212373463,0,1,1
1603,,,0.9896718483564884,0.010328151643511528,1,1,1
1604,1.0,dev,0.8596637397236823,0.14033626027631768,1,1,1
1605,1.0,test,0.99824538575955,0.0017546142404500386,1,1,1
1606,0.0,train,0.7154239957834733,0.28457600421652673,1,1,1
1607,1.0,train,0.9990600560248839,0.0009399439751162194,1,1,1
1608,0.0,train,0.9407897475985937,0.059210252401406344,1,1,1
1609,1.0,train,0.9927672377479781,0.0072327622520218906,1,1,1
1610,1.0,train,0.8705972818382005,0.12940271816179952,1,1,1
1611,1.0,train,0.993307150363544,0.006692849636456047,1,1,1
1612,1.0,train,0.9977829866474244,0.0022170133525756816,1,1,1
1613,0.0,train,6.402004502559792e-05,0.9999359799549745,0,1,1
1614,1.0,train,0.9980732654512935,0.0019267345487064141,1,1,1
1615,1.0,train,0.03567855292846367,0.9643214470715364,0,1,1
1616,0.0,train,0.03461883784317106,0.9653811621568289,0,1,1
1617,1.0,train,0.9999683067432096,3.169325679044962e-05,1,1,1
1618,0.0,dev,0.9496693702514738,0.05033062974852634,1,1,1
1619,1.0,train,0.9963500137816479,0.003649986218352041,1,1,1
1620,1.0,dev,0.9994207082351804,0.0005792917648197277,1,1,1
1621,1.0,train,0.9996200154286475,0.0003799845713524582,1,1,1
1622,1.0,train,0.9991832619804558,0.0008167380195441097,1,1,1
1623,0.0,train,0.6334102775181399,0.36658972248186006,1,1,1
1624,0.0,test,0.0007554057227128765,0.9992445942772872,0,1,1
1625,0.0,train,7.14189927159623e-05,0.9999285810072841,0,1,1
1626,0.0,train,0.10374861578172241,0.8962513842182775,0,1,1
1627,0.0,train,0.0046818226632096725,0.9953181773367903,0,1,1
1628,1.0,train,0.7549149923816048,0.24508500761839525,1,1,1
1629,1.0,train,0.9991169541916559,0.000883045808344182,1,1,1
1630,0.0,train,0.03846619312060921,0.9615338068793907,0,1,1
1631,1.0,train,0.9992562973050989,0.0007437026949010215,1,1,1
1632,0.0,train,0.9994557868510373,0.0005442131489626211,1,1,1
1633,1.0,train,0.9399133456181842,0.06008665438181589,1,1,1
1634,1.0,train,0.9980122260167158,0.0019877739832841147,1,1,1
1635,1.0,train,0.9999720306883262,2.7969311673669396e-05,1,1,1
1636,1.0,train,0.9918120914294175,0.008187908570582342,1,1,1
1637,0.0,train,0.9998440196911277,0.00015598030887238736,1,1,1
1638,1.0,dev,0.9999646437503119,3.53562496880832e-05,1,1,1
1639,1.0,train,0.9883127409715955,0.011687259028404494,1,1,1
1640,1.0,train,0.9966755638736302,0.003324436126369821,1,1,1
1641,0.0,dev,0.04272219998414247,0.9572778000158576,0,1,1
1642,1.0,dev,0.9999976311999897,2.3688000101398827e-06,1,1,1
1643,0.0,dev,0.11920292828022305,0.880797071719777,0,1,1
1644,1.0,train,0.9999795370676274,2.046293237255897e-05,1,1,1
1645,1.0,train,0.9999804741097723,1.9525890227576623e-05,1,1,1
1646,1.0,train,0.98359696399782,0.01640303600217995,1,1,1
1647,0.0,train,0.9793540674530015,0.020645932546998456,1,1,1
1648,0.0,train,0.0005884089587620034,0.999411591041238,0,1,1
1649,0.0,train,0.0012843084259436643,0.9987156915740564,0,1,1
1650,1.0,train,0.9999875885021161,1.2411497883808155e-05,1,1,1
1651,1.0,train,0.9999307781865835,6.922181341639897e-05,1,1,1
1652,0.0,train,5.682437583754253e-06,0.9999943175624163,0,1,1
1653,1.0,train,0.9999804741121728,1.952588782721653e-05,1,1,1
1654,1.0,train,0.9603611603317785,0.039638839668221494,1,1,1
1655,0.0,dev,0.9930961631802989,0.006903836819701106,1,1,1
1656,0.0,train,0.0037654134492873053,0.9962345865507128,0,1,1
1657,1.0,train,0.9908743630150445,0.009125636984955532,1,1,1
1658,0.0,train,0.9999711428780639,2.8857121936144672e-05,1,1,1
1659,1.0,train,0.9999389114394261,6.10885605739512e-05,1,1,1
1660,0.0,train,0.004982270469138441,0.9950177295308616,0,1,1
1661,0.0,dev,0.9970650488221621,0.0029349511778379855,1,1,1
1662,0.0,train,0.37754066879814546,0.6224593312018546,0,1,1
1663,1.0,train,0.9999949852659058,5.014734094284374e-06,1,1,1
1664,1.0,train,0.9999982119349149,1.7880650852476593e-06,1,1,1
1665,0.0,train,0.9999151889557492,8.481104425093244e-05,1,1,1
1666,0.0,train,5.7387596924562274e-05,0.9999426124030756,0,1,1
1667,1.0,train,0.9969246303326944,0.003075369667305646,1,1,1
1668,0.0,train,0.10374863795103806,0.8962513620489618,0,1,1
1669,0.0,train,1.4971084138793812e-05,0.9999850289158612,0,1,1
1670,1.0,train,0.9999931456827629,6.854317237167487e-06,1,1,1
1671,1.0,train,0.9999635214650421,3.647853495803668e-05,1,1,1
1672,1.0,train,0.10374862409521528,0.8962513759047847,0,1,1
1673,0.0,train,0.44939263446475963,0.5506073655352404,0,1,1
1674,0.0,train,0.0021157029601568443,0.9978842970398432,0,1,1
1675,1.0,dev,0.5195213219520929,0.480478678047907,1,1,1
1676,1.0,train,0.999882255363858,0.00011774463614199293,1,1,1
1677,0.0,train,0.0003406293784738494,0.9996593706215261,0,1,1
1678,1.0,train,0.9994887420797802,0.0005112579202198005,1,1,1
1679,0.0,train,0.0010987312691772204,0.9989012687308229,0,1,1
1680,1.0,train,0.9940889322382701,0.005911067761729742,1,1,1
1681,1.0,train,0.8872045907347107,0.1127954092652892,1,1,1
1682,1.0,train,0.9992206339853088,0.0007793660146910888,1,1,1
1683,1.0,train,0.8479677583778257,0.15203224162217424,1,1,1
1684,1.0,test,0.9999835575126067,1.644248739336526e-05,1,1,1
1685,0.0,train,0.9999349718418316,6.50281581683231e-05,1,1,1
1686,0.0,train,0.19682619893177905,0.8031738010682209,0,1,1
1687,1.0,train,0.9998706843108414,0.00012931568915871712,1,1,1
1688,0.0,train,1.9033854785562403e-06,0.9999980966145214,0,1,1
1689,1.0,train,0.9986954933922108,0.001304506607789205,1,1,1
1690,1.0,train,0.9993833701389743,0.0006166298610256815,1,1,1
1691,1.0,train,0.9999678076697002,3.21923302997705e-05,1,1,1
1692,1.0,train,0.9998785182091844,0.00012148179081557422,1,1,1
1693,1.0,train,0.97112909472487,0.028870905275130015,1,1,1
1694,0.0,train,0.9854964231839242,0.014503576816075813,1,1,1
1695,1.0,train,0.9973269941856956,0.002673005814304321,1,1,1
1696,1.0,train,0.9995694430116644,0.00043055698833557247,1,1,1
1697,0.0,train,0.31742626558767584,0.682573734412324,0,1,1
1698,1.0,train,0.003222484611186559,0.9967775153888134,0,1,1
1699,0.0,dev,0.44167302036300954,0.5583269796369904,0,1,1
1700,0.0,test,0.0030278355643481923,0.9969721644356517,0,1,1
1701,1.0,train,0.8670357666736773,0.1329642333263228,1,1,1
1702,0.0,train,0.997018966849405,0.0029810331505950045,1,1,1
1703,1.0,dev,0.9999329077814957,6.709221850435403e-05,1,1,1
1704,1.0,train,0.9992327075585793,0.0007672924414206561,1,1,1
1705,0.0,train,0.7634837527911056,0.23651624720889433,1,1,1
1706,1.0,train,0.9833429563296485,0.01665704367035156,1,1,1
1707,0.0,train,0.33807711081161995,0.6619228891883799,0,1,1
1708,1.0,train,0.9991030608465845,0.000896939153415474,1,1,1
1709,0.0,train,2.6274770012693665e-05,0.9999737252299873,0,1,1
1710,1.0,dev,0.9902915215128427,0.00970847848715727,1,1,1
1711,0.0,test,0.7025300573952054,0.2974699426047947,1,1,1
1712,1.0,train,0.9999982669490092,1.7330509908487152e-06,1,1,1
1713,1.0,train,0.998883985810755,0.0011160141892448594,1,1,1
1714,0.0,train,0.0070117966265125,0.9929882033734875,0,1,1
1715,0.0,train,0.0255652109535716,0.9744347890464284,0,1,1
1716,1.0,train,0.9881308764195754,0.011869123580424547,1,1,1
1717,0.0,train,0.8807970826714613,0.11920291732853862,1,1,1
1718,1.0,train,0.9999939510788394,6.048921160544308e-06,1,1,1
1719,1.0,train,0.03676946290903007,0.9632305370909698,0,1,1
1720,0.0,train,0.999823254807915,0.00017674519208503407,1,1,1
1721,0.0,test,0.9998944531129524,0.00010554688704750272,1,1,1
1722,0.0,train,0.9999991684721798,8.315278201195498e-07,1,1,1
1723,0.0,train,0.00034599161348600123,0.9996540083865139,0,1,1
1724,1.0,train,0.007121428745735101,0.9928785712542649,0,1,1
1725,0.0,train,0.5926665999540697,0.4073334000459302,1,1,1
1726,1.0,dev,0.992654172393279,0.007345827606721121,1,1,1
1727,1.0,train,0.999343627250647,0.0006563727493531411,1,1,1
1728,0.0,train,0.020332358091706755,0.9796676419082933,0,1,1
1729,1.0,train,0.046033902399240385,0.9539660976007597,0,1,1
1730,1.0,dev,0.9997175918284007,0.0002824081715993645,1,1,1
1731,1.0,train,0.9999952149071452,4.785092854918566e-06,1,1,1
1732,1.0,test,0.9999929281027825,7.071897217575499e-06,1,1,1
1733,0.0,train,0.341582499438317,0.658417500561683,0,1,1
1734,1.0,test,0.9997997261944935,0.00020027380550642504,1,1,1
1735,1.0,train,0.9615338046748207,0.038466195325179156,1,1,1
1736,0.0,dev,0.9992791620921883,0.000720837907811831,1,1,1
1737,1.0,train,0.9833429624315188,0.016657037568481164,1,1,1
1738,1.0,train,0.9999667858005978,3.321419940214814e-05,1,1,1
1739,0.0,train,0.9968763507969388,0.0031236492030611426,1,1,1
1740,1.0,train,0.9999617708707278,3.822912927217629e-05,1,1,1
1741,1.0,train,0.9999611688847792,3.8831115220886334e-05,1,1,1
1742,1.0,train,0.9822877010373297,0.017712298962670393,1,1,1
1743,1.0,train,0.9999963880157816,3.6119842184615347e-06,1,1,1
1744,0.0,test,0.8519527982093668,0.14804720179063335,1,1,1
1745,0.0,dev,0.9997834559993024,0.00021654400069770821,1,1,1
1746,0.0,train,0.2909808539178129,0.709019146082187,0,1,1
1747,0.0,dev,0.9959927116785653,0.004007288321434745,1,1,1
1748,1.0,dev,0.999955305944541,4.469405545902871e-05,1,1,1
1749,1.0,test,0.9999559988344343,4.400116556570021e-05,1,1,1
1750,0.0,dev,0.9653811641488383,0.0346188358511616,1,1,1
1751,1.0,train,0.9976403394757911,0.0023596605242088343,1,1,1
1752,0.0,train,0.9736446498305048,0.026355350169495268,1,1,1
1753,0.0,test,0.0013045068407488906,0.9986954931592512,0,1,1
1754,1.0,dev,0.7905303236047049,0.20946967639529512,1,1,1
1755,0.0,train,0.9511422186079557,0.04885778139204432,1,1,1
1756,1.0,train,0.9989994955022806,0.0010005044977194411,1,1,1
1757,0.0,train,0.8031737916455819,0.19682620835441803,1,1,1
1758,0.0,train,0.9999477477107691,5.225228923085664e-05,1,1,1
1759,1.0,train,0.9997346975025577,0.0002653024974423874,1,1,1
1760,1.0,train,0.9999531611281386,4.6838871861427144e-05,1,1,1
1761,1.0,train,0.9965703966106685,0.0034296033893315156,1,1,1
1762,1.0,train,0.9997219689594986,0.0002780310405014242,1,1,1
1763,0.0,train,0.9263037343628702,0.07369626563712976,1,1,1
1764,0.0,train,9.028039015031105e-05,0.9999097196098496,0,1,1
1765,1.0,train,0.9990452680899369,0.0009547319100629792,1,1,1
1766,1.0,train,0.9207896834987981,0.07921031650120199,1,1,1
1767,1.0,test,0.9999771720097378,2.2827990262212542e-05,1,1,1
1768,1.0,train,0.9252299632771662,0.07477003672283379,1,1,1
1769,0.0,train,0.9978510502370792,0.0021489497629208778,1,1,1
1770,0.0,train,0.11436852014455552,0.8856314798554445,0,1,1
1771,0.0,dev,0.24220562872535945,0.7577943712746406,0,1,1
1772,0.0,test,0.9111797039819735,0.0888202960180265,1,1,1
1773,1.0,train,0.9999369723960008,6.302760399912311e-05,1,1,1
1774,0.0,train,0.0011160145256247091,0.9988839854743752,0,1,1
1775,0.0,dev,0.0510827412909026,0.9489172587090975,0,1,1
1776,0.0,train,0.9449947132556618,0.055005286744338196,1,1,1
1777,1.0,train,0.885631476836816,0.11436852316318395,1,1,1
1778,0.0,train,0.0028009266341596987,0.9971990733658402,0,1,1
1779,1.0,train,0.9994642194696322,0.0005357805303679197,1,1,1
1780,0.0,train,0.8128673178375735,0.1871326821624266,1,1,1
1781,0.0,train,0.0012644219446392272,0.9987355780553607,0,1,1
1782,1.0,train,0.9999008472673634,9.915273263654619e-05,1,1,1
1783,1.0,dev,0.9999724643089879,2.753569101200785e-05,1,1,1
1784,0.0,dev,0.00015843622854456457,0.9998415637714554,0,1,1
1785,1.0,train,0.999992110736973,7.889263027088469e-06,1,1,1
1786,0.0,dev,6.60521546965351e-05,0.9999339478453035,0,1,1
1787,1.0,train,0.9918120913084073,0.008187908691592688,1,1,1
1788,0.0,test,0.9962345861873771,0.0037654138126227556,1,1,1
1789,0.0,test,0.05921024742104521,0.9407897525789548,0,1,1
1790,0.0,test,0.16238002450622283,0.8376199754937771,0,1,1
1791,1.0,train,0.9999976312002016,2.368799798353169e-06,1,1,1
1792,0.0,train,0.9314625041141347,0.06853749588586538,1,1,1
1793,1.0,train,0.9996317020698694,0.0003682979301305937,1,1,1
1794,0.0,train,0.005384938440636369,0.9946150615593636,0,1,1
1795,1.0,train,0.9999599363115018,4.0063688498134806e-05,1,1,1
1796,1.0,test,0.999929688160212,7.031183978809994e-05,1,1,1
1797,1.0,train,0.9997901168797466,0.00020988312025329805,1,1,1
1798,0.0,dev,0.9986954935086906,0.001304506491309378,1,1,1
1799,1.0,train,0.9981897889064838,0.0018102110935161928,1,1,1
1800,0.0,train,0.6926419831347361,0.30735801686526387,1,1,1
1801,1.0,train,0.03567855190309708,0.964321448096903,0,1,1
1802,0.0,train,0.3451052574867685,0.6548947425132315,0,1,1
1803,0.0,test,0.12940274502147983,0.8705972549785203,0,1,1
1804,1.0,dev,0.7606506472514406,0.23934935274855942,1,1,1
1805,0.0,train,0.9979492562694838,0.0020507437305160897,1,1,1
1806,1.0,train,0.9999177981147086,8.220188529128576e-05,1,1,1
1807,1.0,dev,0.999527145466881,0.0004728545331187982,1,1,1
1808,0.0,train,0.04084571941267691,0.9591542805873231,0,1,1
1809,1.0,train,0.7310585669110203,0.2689414330889798,1,1,1
1810,0.0,train,0.023689471299374428,0.9763105287006256,0,1,1
1811,1.0,train,0.9968273173931481,0.003172682606851875,1,1,1
1812,0.0,dev,0.6370308082623217,0.3629691917376782,1,1,1
1813,0.0,train,0.9999873930584094,1.260694159052187e-05,1,1,1
1814,0.0,dev,0.8740772302445241,0.12592276975547598,1,1,1
1815,0.0,train,0.02033235096813516,0.9796676490318648,0,1,1
1816,1.0,train,0.9974090210302834,0.002590978969716552,1,1,1
1817,1.0,train,0.9999165037333252,8.34962666748018e-05,1,1,1
1818,1.0,train,0.9981030800101595,0.0018969199898406367,1,1,1
1819,0.0,train,0.9999524235320969,4.7576467903108924e-05,1,1,1
1820,0.0,dev,0.0002531564626637966,0.9997468435373361,0,1,1
1821,1.0,train,0.9982178038698272,0.0017821961301727797,1,1,1
1822,1.0,train,0.9958012051646578,0.004198794835342354,1,1,1
1823,1.0,dev,0.9999994010725665,5.989274335434426e-07,1,1,1
1824,1.0,train,0.9979809860244891,0.0020190139755108527,1,1,1
1825,0.0,dev,0.006903838888541687,0.9930961611114582,0,1,1
1826,0.0,train,0.9805806533781843,0.01941934662181572,1,1,1
1827,0.0,train,8.75030236822605e-05,0.9999124969763177,0,1,1
1828,0.0,train,0.9683812295375416,0.031618770462458395,1,1,1
1829,1.0,test,0.9399133447766225,0.06008665522337757,1,1,1
1830,0.0,train,0.9597620568009182,0.040237943199081735,1,1,1
1831,1.0,train,0.9997468436853625,0.0002531563146375568,1,1,1
1832,0.0,train,0.9702399069145607,0.029760093085439133,1,1,1
1833,1.0,train,0.9950177306389374,0.00498226936106271,1,1,1
1834,1.0,train,0.9999960330155776,3.9669844223573445e-06,1,1,1
1835,1.0,train,0.9995344730344456,0.0004655269655542384,1,1,1
1836,0.0,train,0.9989994958224965,0.0010005041775035964,1,1,1
1837,0.0,train,0.1259227615549033,0.8740772384450968,0,1,1
1838,1.0,test,0.9972423777145614,0.0027576222854384905,1,1,1
1839,1.0,train,0.9752018408854882,0.024798159114511883,1,1,1
1840,1.0,dev,0.9999993318482466,6.681517533394228e-07,1,1,1
1841,0.0,train,0.0149570857149726,0.9850429142850274,0,1,1
1842,1.0,test,0.9999586646019231,4.133539807689031e-05,1,1,1
1843,1.0,train,0.6619228891883799,0.33807711081161995,1,1,1
1844,1.0,dev,0.9999038975737613,9.610242623872427e-05,1,1,1
1845,1.0,train,0.9875683507933021,0.012431649206697853,1,1,1
1846,0.0,train,1.952588637245298e-05,0.9999804741136276,0,1,1
1847,0.0,train,0.588889130767832,0.411110869232168,1,1,1
1848,1.0,train,0.9939964054928185,0.006003594507181403,1,1,1
1849,1.0,test,0.9999934595602634,6.540439736515521e-06,1,1,1
1850,0.0,train,0.002550912421286719,0.9974490875787134,0,1,1
1851,1.0,dev,0.9999982119355142,1.7880644857532949e-06,1,1,1
1852,1.0,train,0.7122321720225278,0.28776782797747225,1,1,1
1853,0.0,train,0.00031999829174215745,0.9996800017082579,0,1,1
1854,1.0,train,0.9999939510822533,6.048917746666843e-06,1,1,1
1855,0.0,train,0.5926665999540697,0.4073334000459302,1,1,1
1856,1.0,train,0.7981867777396212,0.20181322226037882,1,1,1
1857,1.0,dev,0.9553191309994468,0.044680869000553285,1,1,1
1858,0.0,test,1.1300806312715115e-05,0.9999886991936873,0,1,1
1859,0.0,train,0.004133967476989804,0.9958660325230102,0,1,1
1860,1.0,train,0.9998706843874278,0.00012931561257222622,1,1,1
1861,0.0,test,0.9999111191607768,8.888083922330847e-05,1,1,1
1862,0.0,train,0.9773707981543235,0.02262920184567651,1,1,1
1863,0.0,train,0.008577487061048297,0.9914225129389516,0,1,1
1864,0.0,test,0.795658095217705,0.20434190478229486,1,1,1
1865,1.0,train,0.9019206870747658,0.09807931292523424,1,1,1
1866,1.0,train,0.9334308091776496,0.06656919082235042,1,1,1
1867,1.0,train,0.746138993030751,0.25386100696924885,1,1,1
1868,1.0,train,0.9999756997615198,2.430023848019842e-05,1,1,1
1869,1.0,train,0.9999967112507385,3.2887492614845793e-06,1,1,1
1870,0.0,test,0.006797532757604491,0.9932024672423956,0,1,1
1871,0.0,train,0.012431653414389749,0.9875683465856102,0,1,1
1872,0.0,train,0.9983515168496963,0.0016484831503037391,1,1,1
1873,1.0,train,0.9980429830743578,0.0019570169256422558,1,1,1
1874,1.0,train,0.47268347662043286,0.5273165233795671,0,1,1
1875,1.0,test,0.9964063969383721,0.003593603061627884,1,1,1
1876,0.0,train,5.738759179400594e-05,0.9999426124082059,0,1,1
1877,0.0,train,0.9999873930531964,1.2606946803518636e-05,1,1,1
1878,1.0,test,0.08389037953940537,0.9161096204605947,0,1,1
1879,0.0,train,5.649790634497748e-05,0.999943502093655,0,1,1
1880,1.0,train,0.9980429827542054,0.0019570172457945814,1,1,1
1881,1.0,train,0.8080672227971211,0.1919327772028789,1,1,1
1882,0.0,train,0.9999961550667748,3.84493322534492e-06,1,1,1
1883,1.0,dev,0.9986114766726552,0.0013885233273447102,1,1,1
1884,0.0,train,0.17106117477479593,0.828938825225204,0,1,1
1885,1.0,dev,0.21733752104706247,0.7826624789529376,0,1,1
1886,0.0,train,0.04672495995353964,0.9532750400464604,0,1,1
1887,0.0,train,0.855851154320682,0.14414884567931804,1,1,1
1888,1.0,train,0.9919380101400316,0.00806198985996848,1,1,1
1889,1.0,train,0.6261241772283034,0.37387582277169656,1,1,1
1890,0.0,test,0.4882833952958347,0.5117166047041654,0,1,1
1891,0.0,train,8.614653704380608e-05,0.9999138534629562,0,1,1
1892,1.0,train,0.09947021121253752,0.9005297887874624,0,1,1
1893,0.0,train,0.9999611688814521,3.8831118547872346e-05,1,1,1
1894,0.0,train,1.7231566589759046e-05,0.9999827684334102,0,1,1
1895,1.0,train,0.9871787840359924,0.012821215964007628,1,1,1
1896,1.0,train,0.9999957106676253,4.289332374884807e-06,1,1,1
1897,1.0,train,0.9999845536837629,1.5446316237155234e-05,1,1,1
1898,0.0,train,0.9859363741964572,0.014063625803542697,1,1,1
1899,0.0,train,0.7401743563075446,0.25982564369245537,1,1,1
1900,0.0,train,0.8080672181749422,0.19193278182505782,1,1,1
1901,0.0,train,0.9999251537632888,7.484623671111265e-05,1,1,1
1902,1.0,train,0.999984793159431,1.5206840568948732e-05,1,1,1
1903,1.0,train,0.9793540662478148,0.020645933752185222,1,1,1
1904,0.0,train,0.11596072741941771,0.8840392725805823,0,1,1
1905,1.0,train,0.9992206340810453,0.0007793659189547331,1,1,1
1906,1.0,train,0.9963500137816479,0.003649986218352041,1,1,1
1907,0.0,train,0.872347368040789,0.12765263195921103,1,1,1
1908,1.0,train,0.9999640869900562,3.591300994370068e-05,1,1,1
1909,1.0,train,0.9993228058728448,0.0006771941271550334,1,1,1
1910,1.0,dev,0.999582684310805,0.00041731568919494116,1,1,1
1911,1.0,train,0.9994966644507849,0.0005033355492150292,1,1,1
1912,0.0,train,0.8479677468516187,0.15203225314838126,1,1,1
1913,1.0,train,0.9959927108459298,0.004007289154070286,1,1,1
1914,1.0,dev,0.9926541734255229,0.007345826574477061,1,1,1
1915,1.0,dev,0.9966233869162227,0.003376613083777268,1,1,1
1916,1.0,test,0.9999972735292315,2.7264707683823874e-06,1,1,1
1917,0.0,train,0.9828232947610284,0.017176705238971596,1,1,1
1918,1.0,dev,0.0007321813052703132,0.9992678186947296,0,1,1
1919,0.0,test,0.0017546141491003426,0.9982453858508996,0,1,1
1920,0.0,test,0.09268777613309748,0.9073122238669026,0,1,1
1921,1.0,test,0.999480695100701,0.0005193048992989497,1,1,1
1922,1.0,train,0.997565618009588,0.0024343819904119202,1,1,1
1923,1.0,train,0.9998259945268827,0.00017400547311735543,1,1,1
1924,1.0,train,0.9999901816697429,9.818330257188692e-06,1,1,1
1925,0.0,train,0.9957353658140286,0.004264634185971302,1,1,1
1926,0.0,train,0.847967769904032,0.15203223009596795,1,1,1
1927,1.0,train,0.8031738010682209,0.19682619893177905,1,1,1
1928,0.0,train,0.6442251201477016,0.3557748798522984,1,1,1
1929,0.0,train,0.5736784074525096,0.4263215925474903,1,1,1
1930,0.0,train,0.005911068330877026,0.994088931669123,0,1,1
1931,0.0,train,0.9999978092189519,2.190781048012045e-06,1,1,1
1932,1.0,train,0.9987934101710273,0.0012065898289727044,1,1,1
1933,1.0,train,0.9828232891010079,0.017176710898992115,1,1,1
1934,0.0,train,0.9124361664296878,0.08756383357031215,1,1,1
1935,0.0,train,0.22815650216092537,0.7718434978390747,0,1,1
1936,1.0,train,0.07921032410902437,0.9207896758909757,0,1,1
1937,1.0,train,0.9989837560005336,0.0010162439994664933,1,1,1
1938,0.0,test,0.6477982179521103,0.35220178204788966,1,1,1
1939,0.0,train,0.9532750380552895,0.04672496194471053,1,1,1
1940,0.0,train,0.480478678047907,0.5195213219520929,0,1,1
1941,1.0,train,0.9991832617615686,0.0008167382384314273,1,1,1
1942,0.0,train,0.004905405123820674,0.9950945948761792,0,1,1
1943,0.0,train,0.7217432062975979,0.2782567937024021,1,1,1
1944,1.0,train,0.9996749641232915,0.00032503587670849085,1,1,1
1945,1.0,train,0.9966233872170962,0.003376612782903922,1,1,1
1946,0.0,test,0.00048029727480761213,0.9995197027251924,0,1,1
1947,1.0,train,0.99998355750054,1.644249946001992e-05,1,1,1
1948,1.0,test,0.999938911458541,6.108854145902171e-05,1,1,1
1949,1.0,train,0.9990149918022323,0.0009850081977677342,1,1,1
1950,1.0,train,0.9989677687673343,0.0010322312326657773,1,1,1
1951,0.0,train,0.9994115910894336,0.0005884089105665087,1,1,1
1952,0.0,train,0.8824278602705732,0.11757213972942693,1,1,1
1953,0.0,train,0.37387582277169656,0.6261241772283034,0,1,1
1954,0.0,train,0.9825575151361048,0.01744248486389521,1,1,1
1955,0.0,test,0.009859856321861395,0.9901401436781385,0,1,1
1956,0.0,train,5.2553932011204505e-06,0.9999947446067988,0,1,1
1957,1.0,test,0.9648551510727382,0.03514484892726185,1,1,1
1958,1.0,train,0.9999389114594512,6.108854054878712e-05,1,1,1
1959,1.0,train,0.9976032694327132,0.0023967305672869337,1,1,1
1960,1.0,train,0.9648551571362626,0.035144842863737535,1,1,1
1961,1.0,train,0.9999955048169729,4.495183027023981e-06,1,1,1
1962,0.0,train,9.81833108014358e-06,0.9999901816689197,0,1,1
1963,0.0,train,0.2942149597859341,0.7057850402140659,0,1,1
1964,0.0,train,0.0011160139940615361,0.9988839860059384,0,1,1
1965,0.0,test,0.2751297238231752,0.7248702761768248,0,1,1
1966,0.0,train,0.9532750446925254,0.046724955307474524,1,1,1
1967,0.0,train,0.9669140235181256,0.03308597648187432,1,1,1
1968,1.0,train,0.8976952948443462,0.10230470515565385,1,1,1
1969,1.0,test,0.9991169540174608,0.0008830459825391461,1,1,1
1970,1.0,train,0.999103060739757,0.0008969392602430556,1,1,1
1971,1.0,train,0.9748211582993981,0.025178841700601855,1,1,1
1972,1.0,dev,0.8459424295406087,0.1540575704593912,1,1,1
1973,1.0,train,0.9994642194975603,0.0005357805024397597,1,1,1
1974,1.0,train,0.9982178035318316,0.0017821964681684573,1,1,1
1975,0.0,train,1.6442488679657978e-05,0.9999835575113204,0,1,1
1976,1.0,train,0.9999938558249399,6.1441750599886025e-06,1,1,1
1977,1.0,train,0.947381041452505,0.05261895854749498,1,1,1
1978,0.0,train,0.9999981261244697,1.8738755302462538e-06,1,1,1
1979,0.0,train,0.9998858776528147,0.00011412234718532193,1,1,1
1980,1.0,train,0.9999593054058747,4.0694594125116936e-05,1,1,1
1981,1.0,test,0.999980474122138,1.9525877862088388e-05,1,1,1
1982,1.0,train,0.6926419958239132,0.30735800417608683,1,1,1
1983,0.0,train,0.9978510506285037,0.002148949371496253,1,1,1
1984,1.0,train,0.9999673007265776,3.269927342234568e-05,1,1,1
1985,0.0,train,0.9975656181724287,0.002434381827571276,1,1,1
1986,0.0,test,0.10521054511997296,0.8947894548800271,0,1,1
1987,1.0,dev,0.9941800404588508,0.005819959541149296,1,1,1
1988,1.0,train,0.9991573576567426,0.0008426423432572695,1,1,1
1989,1.0,train,0.912436150952546,0.08756384904745382,1,1,1
1990,0.0,train,0.7662936484231889,0.23370635157681105,1,1,1
1991,1.0,train,0.9811668714863165,0.018833128513683444,1,1,1
1992,0.0,train,0.21206880435710532,0.7879311956428947,0,1,1
1993,1.0,train,0.9999538872417226,4.611275827739397e-05,1,1,1
1994,0.0,train,0.5774953797290153,0.42250462027098473,1,1,1
1995,0.0,train,0.8824278571786139,0.11757214282138605,1,1,1
1996,1.0,train,0.9951702786481105,0.004829721351889547,1,1,1
1997,1.0,train,0.9184802384467118,0.08151976155328808,1,1,1
1998,1.0,train,0.9950945941488025,0.004905405851197386,1,1,1
1999,1.0,train,0.9999958426341169,4.1573658830883e-06,1,1,1
2000,0.0,train,0.02479815731272236,0.9752018426872775,0,1,1
2001,1.0,train,0.9996485616136969,0.00035143838630326133,1,1,1
2002,0.0,train,0.7718434978390747,0.22815650216092537,1,1,1
2003,1.0,train,0.880797081106935,0.1192029188930649,1,1,1
2004,0.0,train,0.16026604837104663,0.8397339516289535,0,1,1
