index,label,split,p_yes,p_no,pred_yes,saw_yes,saw_no
0,1.0,train,0.9999623635444069,3.763645559306022e-05,1,1,1
1,0.0,train,0.004133968826607734,0.9958660311733922,0,1,1
2,0.0,train,1.7502922659066245e-05,0.9999824970773409,0,1,1
3,1.0,train,0.9324533126145177,0.06754668738548215,1,1,1
4,0.0,dev,0.003222484802642656,0.9967775151973572,0,1,1
5,1.0,train,0.9996946509314282,0.0003053490685718191,1,1,1
6,1.0,train,0.9999857144850107,1.428551498924665e-05,1,1,1
7,1.0,train,0.9999937590706557,6.2409293443039726e-06,1,1,1
8,0.0,train,0.9985896415086285,0.0014103584913714381,1,1,1
9,1.0,train,0.9991959139326767,0.0008040860673232232,1,1,1
10,0.0,dev,0.18713267762907493,0.8128673223709252,0,1,1
11,1.0,dev,0.3276683008207139,0.672331699179286,0,1,1
12,0.0,train,3.288749065460498e-06,0.9999967112509346,0,1,1
13,1.0,train,0.0038244836446372104,0.9961755163553627,0,1,1
14,1.0,train,0.9999970055583606,2.9944416395241707e-06,1,1,1
15,0.0,train,0.31069438321455395,0.689305616785446,0,1,1
16,0.0,train,0.04272219632766466,0.9572778036723353,0,1,1
17,1.0,train,0.9852713833391452,0.014728616660854761,1,1,1
18,0.0,dev,0.0012843080436815574,0.9987156919563185,0,1,1
19,1.0,train,0.7401743735019595,0.2598256264980406,1,1,1
20,1.0,train,0.9999702268822885,2.977311771141214e-05,1,1,1
21,0.0,test,5.805000567034581e-07,0.9999994194999432,0,1,1
22,0.0,train,0.99901499168126,0.0009850083187400343,1,1,1
23,0.0,train,0.000200273814457569,0.9997997261855425,0,1,1
24,1.0,train,0.9999580136801892,4.198631981077859e-05,1,1,1
25,0.0,dev,0.23091975234373582,0.769080247656264,0,1,1
26,0.0,train,0.0006166296612990515,0.9993833703387008,0,1,1
27,0.0,train,1.1015954913203324e-06,0.9999988984045087,0,1,1
28,1.0,train,0.99969938372962,0.00030061627038012933,1,1,1
29,1.0,train,0.7981867825403176,0.2018132174596823,1,1,1
30,0.0,train,0.3311197264277872,0.6688802735722128,0,1,1
31,0.0,train,0.007577240371427665,0.9924227596285723,0,1,1
32,0.0,train,0.07369627174050787,0.926303728259492,0,1,1
33,1.0,train,0.9999646437489949,3.53562510051596e-05,1,1,1
34,0.0,train,1.8738757187256292e-06,0.9999981261242812,0,1,1
35,0.0,train,0.17553808224967943,0.8244619177503205,0,1,1
36,0.0,train,0.006488269020324046,0.993511730979676,0,1,1
37,1.0,train,0.9990452683955172,0.0009547316044828514,1,1,1
38,1.0,train,0.005819959929136718,0.9941800400708634,0,1,1
39,0.0,train,0.00042388464097460263,0.9995761153590254,0,1,1
40,0.0,train,6.893612098775173e-07,0.9999993106387901,0,1,1
41,0.0,train,0.00439941394595202,0.995600586054048,0,1,1
42,0.0,train,0.9996593706392853,0.0003406293607146948,1,1,1
43,1.0,train,0.9999991420764365,8.579235636159431e-07,1,1,1
44,0.0,dev,0.9995557816807771,0.0004442183192228625,1,1,1
45,1.0,train,0.9999778743291734,2.212567082657973e-05,1,1,1
46,0.0,train,0.00022693376283332859,0.9997730662371667,0,1,1
47,1.0,train,0.9998118579903656,0.00018814200963427976,1,1,1
48,0.0,train,0.00019411312893996297,0.99980588687106,0,1,1
49,1.0,dev,0.9999771719971096,2.2828002890500016e-05,1,1,1
50,1.0,dev,0.00022341626698704794,0.999776583733013,0,1,1
51,1.0,dev,0.8198933447152497,0.1801066552847503,1,1,1
52,0.0,train,0.00011412241264925539,0.9998858775873508,0,1,1
53,0.0,train,0.005220125693558397,0.9947798743064417,0,1,1
54,0.0,train,2.710879974980542e-05,0.9999728912002502,0,1,1
55,0.0,train,0.0010484692983750673,0.998951530701625,0,1,1
56,1.0,train,0.9999285809625899,7.141903741027278e-05,1,1,1
57,1.0,train,0.9999910603045611,8.939695438929888e-06,1,1,1
58,1.0,train,0.9886682481380669,0.011331751861933094,1,1,1
59,0.0,train,0.016657037568481164,0.9833429624315188,0,1,1
60,0.0,train,0.9995487892821345,0.000451210717865601,1,1,1
61,1.0,train,0.999998446501632,1.5534983680405723e-06,1,1,1
62,0.0,train,0.019719125226910005,0.98028087477309,0,1,1
63,1.0,train,0.9999980666421175,1.9333578823701253e-06,1,1,1
64,1.0,train,0.9998911030842947,0.00010889691570535256,1,1,1
65,0.0,train,2.840974633271904e-05,0.9999715902536672,0,1,1
66,0.0,train,0.0007208379829468887,0.9992791620170531,0,1,1
67,1.0,train,0.9999485577835749,5.144221642499155e-05,1,1,1
68,1.0,test,0.9999824970709511,1.750292904889543e-05,1,1,1
69,1.0,train,0.3775406547908327,0.6224593452091672,0,1,1
70,1.0,train,0.9838471684931718,0.016152831506828277,1,1,1
71,1.0,train,0.9912886155422945,0.008711384457705508,1,1,1
72,1.0,train,0.712232184238947,0.2877678157610531,1,1,1
73,0.0,train,0.00039204171916258277,0.9996079582808375,0,1,1
74,0.0,train,0.9950177305281298,0.004982269471870272,1,1,1
75,0.0,train,5.862814885508662e-06,0.9999941371851145,0,1,1
76,1.0,train,0.08035746441741523,0.9196425355825848,0,1,1
77,0.0,train,0.9999349718113102,6.502818868968999e-05,1,1,1
78,1.0,train,0.9994296841782592,0.0005703158217408612,1,1,1
79,1.0,train,0.99999966924088,3.3075911983164804e-07,1,1,1
80,0.0,dev,0.9996317020108944,0.00036829798910558836,1,1,1
81,0.0,dev,0.9941800399415341,0.005819960058465863,1,1,1
82,0.0,train,9.276362931660783e-07,0.9999990723637068,0,1,1
83,0.0,train,5.562205279102459e-05,0.999944377947209,0,1,1
84,1.0,train,0.9998944531774292,0.00010554682257071018,1,1,1
85,1.0,train,0.009268015022804993,0.9907319849771951,0,1,1
86,1.0,train,0.9736446460067554,0.026355353993244613,1,1,1
87,1.0,train,0.9997040429184506,0.00029595708154928264,1,1,1
88,0.0,train,0.955981348255886,0.04401865174411408,1,1,1
89,1.0,dev,0.960361159764527,0.03963884023547296,1,1,1
90,0.0,train,0.9994557868267224,0.0005442131732776056,1,1,1
91,0.0,train,0.24220562872535945,0.7577943712746406,0,1,1
92,0.0,dev,0.07696082934474628,0.9230391706552538,0,1,1
93,1.0,test,0.9999986918231443,1.3081768557037404e-06,1,1,1
94,1.0,train,0.999808895645686,0.00019110435431406278,1,1,1
95,0.0,train,4.006371133230358e-05,0.9999599362886676,0,1,1
96,0.0,train,0.7772998611746911,0.22270013882530884,1,1,1
97,1.0,train,0.9996317020246095,0.0003682979753904725,1,1,1
98,0.0,train,0.09947021655167665,0.9005297834483232,0,1,1
99,1.0,train,0.9958012050712013,0.004198794928798675,1,1,1
100,0.0,train,0.6224593171945417,0.3775406828054583,1,1,1
101,1.0,train,0.04401865237117,0.9559813476288301,0,1,1
102,0.0,train,0.9984021548150147,0.0015978451849851568,1,1,1
103,0.0,train,1.6797312638518799e-06,0.9999983202687361,0,1,1
104,0.0,train,0.1824255415859996,0.8175744584140004,0,1,1
105,0.0,train,0.8152324893520001,0.184767510648,1,1,1
106,1.0,train,0.9999824970698427,1.7502930157335428e-05,1,1,1
107,1.0,train,0.9999792148235255,2.0785176474540983e-05,1,1,1
108,1.0,train,0.9948603879881205,0.0051396120118795295,1,1,1
109,0.0,train,0.028436031398129846,0.9715639686018701,0,1,1
110,0.0,dev,0.00013982209231308982,0.999860177907687,0,1,1
111,1.0,train,0.0027149854690051763,0.9972850145309949,0,1,1
112,1.0,train,0.9971104187031573,0.0028895812968426425,1,1,1
113,1.0,train,0.9999867880367509,1.321196324908703e-05,1,1,1
114,0.0,train,0.33458944125318596,0.665410558746814,0,1,1
115,0.0,train,0.013428252767872257,0.9865717472321277,0,1,1
116,1.0,dev,0.999913853478359,8.614652164093326e-05,1,1,1
117,1.0,dev,0.9999798543034434,2.014569655651185e-05,1,1,1
118,0.0,train,0.00407013783670198,0.995929862163298,0,1,1
119,0.0,train,0.9999203269919196,7.967300808034283e-05,1,1,1
120,1.0,test,0.963779946735886,0.036220053264113976,1,1,1
121,1.0,train,0.9998390691522353,0.00016093084776479724,1,1,1
122,1.0,train,0.9825575183283513,0.017442481671648684,1,1,1
123,0.0,train,0.0008167382749126527,0.9991832617250874,0,1,1
124,0.0,train,0.0039454069237204,0.9960545930762795,0,1,1
125,1.0,train,0.9985674637463439,0.0014325362536560535,1,1,1
126,0.0,train,0.9984268878697575,0.001573112130242514,1,1,1
127,0.0,train,6.439035112734586e-06,0.9999935609648872,0,1,1
128,0.0,train,0.04336580000026228,0.9566341999997378,0,1,1
129,1.0,train,0.9046505428129514,0.09534945718704857,1,1,1
130,1.0,train,0.9999996010283976,3.989716023879477e-07,1,1,1
131,1.0,train,0.9999993106387182,6.893612817834491e-07,1,1,1
132,1.0,train,0.341582512843634,0.658417487156366,0,1,1
133,0.0,train,3.927861066195644e-07,0.9999996072138935,0,1,1
134,1.0,train,0.9984752136201175,0.0015247863798825278,1,1,1
135,0.0,train,2.1024326584706423e-07,0.9999997897567341,0,1,1
136,0.0,train,0.34510528442897664,0.6548947155710233,0,1,1
137,1.0,train,0.8991213732152424,0.10087862678475762,1,1,1
138,1.0,train,0.9149009549929797,0.08509904500702024,1,1,1
139,1.0,train,0.9999546021181068,4.539788189321616e-05,1,1,1
140,1.0,train,0.8633915976709976,0.13660840232900245,1,1,1
141,0.0,train,0.00011959862794468928,0.9998804013720552,0,1,1
142,0.0,train,0.7025300636233416,0.2974699363766584,1,1,1
143,1.0,dev,0.9960545939253878,0.003945406074612242,1,1,1
144,0.0,train,0.9372107887722951,0.06278921122770496,1,1,1
145,0.0,train,0.010489092187899248,0.9895109078121006,0,1,1
146,0.0,dev,0.037326884131416216,0.9626731158685837,0,1,1
147,0.0,train,0.13660837948097748,0.8633916205190225,0,1,1
148,1.0,train,0.7154239897159438,0.28457601028405616,1,1,1
149,0.0,train,9.028035248580549e-05,0.9999097196475143,0,1,1
150,0.0,test,0.003483425020700783,0.9965165749792992,0,1,1
151,0.0,dev,0.8418256512199033,0.15817434878009673,1,1,1
152,1.0,train,0.011158031905733664,0.9888419680942663,0,1,1
153,0.0,train,0.0005112579963642236,0.9994887420036358,0,1,1
154,0.0,train,1.2606943985682278e-05,0.9999873930560144,0,1,1
155,0.0,train,0.00020988313823266217,0.9997901168617672,0,1,1
156,1.0,train,0.9999987901338975,1.2098661026873667e-06,1,1,1
157,0.0,train,0.0002780309058918689,0.9997219690941082,0,1,1
158,1.0,train,0.9808759657647961,0.01912403423520393,1,1,1
159,1.0,train,0.9999359799435276,6.402005647254218e-05,1,1,1
160,1.0,train,0.9999939510794815,6.048920518329587e-06,1,1,1
161,1.0,train,0.9991959139207045,0.0008040860792954051,1,1,1
162,1.0,train,0.9999516743603725,4.8325639627402024e-05,1,1,1
163,0.0,train,0.9976768377882053,0.0023231622117947355,1,1,1
164,1.0,train,0.998951530974748,0.001048469025252089,1,1,1
165,0.0,dev,0.03258974288683082,0.9674102571131691,0,1,1
166,1.0,test,0.9961755168663043,0.0038244831336956093,1,1,1
167,0.0,train,2.0462932829931794e-05,0.99997953706717,0,1,1
168,,,2.0611536181902033e-09,0.9999999979388463,0,0,1
169,0.0,train,0.0007096702722916998,0.9992903297277084,0,1,1
170,0.0,train,0.006289901019244827,0.9937100989807552,0,1,1
171,1.0,train,0.9998623453688746,0.0001376546311253367,1,1,1
172,1.0,train,0.999742858066173,0.0002571419338270356,1,1,1
173,0.0,train,2.2125674370757108e-05,0.9999778743256292,0,1,1
174,1.0,train,0.009125635772280672,0.9908743642277194,0,1,1
175,0.0,train,2.4439931369352513e-06,0.9999975560068631,0,1,1
176,0.0,test,0.014503580117353311,0.9854964198826467,0,1,1
177,0.0,train,0.001432536509446565,0.9985674634905535,0,1,1
178,1.0,dev,0.9968273168747548,0.0031726831252451896,1,1,1
179,0.0,train,0.004982270469138441,0.9950177295308616,0,1,1
180,1.0,train,0.12940272823417906,0.8705972717658208,0,1,1
181,1.0,train,0.9927672352870459,0.007232764712954088,1,1,1
182,1.0,train,0.9999673007256031,3.2699274396828115e-05,1,1,1
183,0.0,test,0.998189789310365,0.0018102106896349642,1,1,1
184,1.0,train,0.000698675520832427,0.9993013244791675,0,1,1
185,1.0,train,0.9032941975921684,0.09670580240783154,1,1,1
186,1.0,train,0.00032503569998146254,0.9996749643000186,0,1,1
187,1.0,train,0.5467381519846138,0.45326184801538616,1,1,1
188,1.0,train,0.25386100696924885,0.746138993030751,0,1,1
189,1.0,train,0.9985449369423891,0.0014550630576110302,1,1,1
190,0.0,train,0.8740772351648677,0.12592276483513232,1,1,1
191,1.0,dev,0.9999994010728711,5.989271289878293e-07,1,1,1
192,1.0,train,0.5926665999540697,0.4073334000459302,1,1,1
193,1.0,train,0.9999985855245178,1.414475482188712e-06,1,1,1
194,1.0,train,0.9997175918042104,0.0002824081957897377,1,1,1
195,0.0,train,0.43398146480389854,0.5660185351961015,0,1,1
196,0.0,dev,0.00030061625134784415,0.9996993837486521,0,1,1
197,1.0,train,0.9999111191346215,8.888086537843473e-05,1,1,1
198,1.0,train,0.9999916019264947,8.398073505346358e-06,1,1,1
199,1.0,test,0.8723473647220786,0.1276526352779213,1,1,1
200,1.0,dev,0.9518632316144274,0.04813676838557257,1,1,1
201,1.0,test,0.28140560742914383,0.7185943925708561,0,1,1
202,1.0,train,0.31405055783200714,0.6859494421679929,0,1,1
203,1.0,train,0.9921841096507115,0.0078158903492885,1,1,1
204,0.0,dev,0.002396731440184644,0.9976032685598153,0,1,1
205,1.0,dev,0.7905303186696747,0.20946968133032526,1,1,1
206,0.0,train,9.02803471051631e-05,0.9999097196528948,0,1,1
207,0.0,train,0.9996540084097066,0.00034599159029348366,1,1,1
208,0.0,train,0.00032503584523654725,0.9996749641547633,0,1,1
209,1.0,train,0.9999970976880797,2.902311920339558e-06,1,1,1
210,1.0,test,0.999993145681052,6.854318947955515e-06,1,1,1
211,1.0,train,0.9999788875101182,2.1112489881741177e-05,1,1,1
212,1.0,train,0.0016229668683101015,0.99837703313169,0,1,1
213,0.0,train,0.9559813545264446,0.044018645473555364,1,1,1
214,1.0,train,0.9863631677250739,0.013636832274926024,1,1,1
215,0.0,train,7.071896954128665e-06,0.9999929281030459,0,1,1
216,1.0,train,0.9999996587412793,3.4125872083882323e-07,1,1,1
217,1.0,test,0.9974090209051307,0.002590979094869379,1,1,1
218,1.0,train,0.9005297941266014,0.09947020587339868,1,1,1
219,1.0,train,0.4035668680822513,0.5964331319177487,0,1,1
220,1.0,train,0.9997040429680498,0.0002959570319502984,1,1,1
221,0.0,train,0.6187804196836383,0.3812195803163618,1,1,1
222,0.0,train,1.4285513392738835e-05,0.9999857144866071,0,1,1
223,0.0,train,4.785094780102619e-06,0.9999952149052198,0,1,1
224,0.0,train,0.02228618359109144,0.9777138164089086,0,1,1
225,0.0,train,0.0006462032137360756,0.999353796786264,0,1,1
226,1.0,train,0.9999724643200663,2.7535679933843335e-05,1,1,1
227,1.0,train,0.9999995947452768,4.052547231274107e-07,1,1,1
228,0.0,train,0.17106120013047907,0.8289387998695209,0,1,1
229,0.0,train,0.025178842432095925,0.9748211575679041,0,1,1
230,1.0,train,0.7401743620390163,0.2598256379609837,1,1,1
231,1.0,dev,0.927363293639213,0.07263670636078697,1,1,1
232,1.0,train,0.9999580137064652,4.1986293534803466e-05,1,1,1
233,0.0,train,2.1782639476562366e-05,0.9999782173605233,0,1,1
234,0.0,train,0.5078118642792044,0.49218813572079556,1,1,1
235,0.0,train,0.9993228056207413,0.0006771943792587126,1,1,1
236,1.0,train,0.9998644792729311,0.00013552072706892178,1,1,1
237,0.0,train,0.8633916082162403,0.13660839178375975,1,1,1
238,1.0,dev,0.9999960330141443,3.966985855834269e-06,1,1,1
239,1.0,train,0.9799765584181468,0.02002344158185333,1,1,1
240,1.0,train,0.9911526438063791,0.008847356193620912,1,1,1
241,0.0,train,0.007937995274871221,0.9920620047251288,0,1,1
242,0.0,train,0.35936414516010196,0.640635854839898,0,1,1
243,1.0,train,0.9999979419500317,2.0580499682967983e-06,1,1,1
244,0.0,train,0.01691491177999609,0.983085088220004,0,1,1
245,1.0,train,0.9999611689080681,3.8831091931992226e-05,1,1,1
246,1.0,train,0.0008040859595735953,0.9991959140404265,0,1,1
247,1.0,train,0.00025315644757831603,0.9997468435524218,0,1,1
248,0.0,train,0.8652240930029118,0.13477590699708827,1,1,1
249,1.0,train,0.9986541397889679,0.0013458602110321342,1,1,1
250,1.0,train,0.9995044640671974,0.0004955359328027468,1,1,1
251,1.0,train,0.13660837596589698,0.863391624034103,0,1,1
252,1.0,train,0.6619228625116081,0.33807713748839185,1,1,1
253,1.0,train,0.9748211575679041,0.025178842432095925,1,1,1
254,0.0,train,0.9995694429731862,0.0004305570268137945,1,1,1
255,0.0,test,0.015663651928176432,0.9843363480718235,0,1,1
256,0.0,train,0.9353465161493965,0.06465348385060356,1,1,1
257,1.0,train,0.999998422038354,1.5779616459890874e-06,1,1,1
258,1.0,train,0.8221891305219503,0.17781086947804958,1,1,1
259,1.0,test,0.9658995769871339,0.034100423012866025,1,1,1
260,0.0,train,0.0003006162155223695,0.9996993837844776,0,1,1
261,1.0,train,0.9314625107731764,0.06853748922682354,1,1,1
262,0.0,train,9.915273115920184e-05,0.9999008472688409,0,1,1
263,1.0,train,0.9999950630132023,4.936986797638381e-06,1,1,1
264,1.0,train,0.9999997257910124,2.7420898759595427e-07,1,1,1
265,1.0,test,0.9999977396764599,2.2603235400726386e-06,1,1,1
266,0.0,train,0.015424554797423377,0.9845754452025767,0,1,1
267,1.0,test,0.99408893066217,0.005911069337830043,1,1,1
268,0.0,train,0.9999925887223367,7.411277663257311e-06,1,1,1
269,1.0,train,0.9999886991946134,1.1300805386552368e-05,1,1,1
270,1.0,train,0.1943677923518861,0.8056322076481139,0,1,1
271,1.0,train,0.7772998560157665,0.22270014398423357,1,1,1
272,1.0,test,0.9766692301728861,0.023330769827113938,1,1,1
273,0.0,train,0.0032224841325463652,0.9967775158674537,0,1,1
274,0.0,train,0.00013135182837786677,0.9998686481716221,0,1,1
275,0.0,test,0.0009547319384890428,0.999045268061511,0,1,1
276,0.0,train,0.5428632831725052,0.45713671682749485,1,1,1
277,1.0,train,0.9999678076720987,3.219232790133229e-05,1,1,1
278,1.0,train,0.9998176453757526,0.00018235462424742436,1,1,1
279,1.0,train,0.07477005115479887,0.925229948845201,0,1,1
280,1.0,train,0.9566341969088488,0.04336580309115119,1,1,1
281,0.0,train,2.994442230746171e-06,0.9999970055577693,0,1,1
282,1.0,train,0.9923043537888362,0.007695646211163751,1,1,1
283,1.0,train,0.9973683259273359,0.002631674072664074,1,1,1
284,0.0,train,2.699576487332462e-07,0.9999997300423513,0,1,1
285,0.0,train,0.06278921385835867,0.9372107861416413,0,1,1
286,1.0,test,0.999999581881199,4.181188010123185e-07,1,1,1
287,1.0,train,0.9999986918233927,1.3081766071638231e-06,1,1,1
288,0.0,test,0.02976009222491408,0.9702399077750858,0,1,1
289,0.0,train,0.865224072151174,0.13477592784882603,1,1,1
290,1.0,train,0.9899864295984064,0.01001357040159364,1,1,1
291,0.0,dev,5.626400582290219e-07,0.9999994373599418,0,1,1
292,0.0,train,0.9999993723297199,6.276702801197623e-07,1,1,1
293,0.0,train,2.2252804336044594e-06,0.9999977747195664,0,1,1
294,1.0,train,0.9997346977288247,0.0002653022711752293,1,1,1
295,0.0,train,0.3007455914759599,0.6992544085240401,0,1,1
296,0.0,train,0.003649987247971947,0.9963500127520281,0,1,1
297,1.0,train,0.9999959705424528,4.029457547061587e-06,1,1,1
298,1.0,train,0.9999963880169522,3.6119830478209425e-06,1,1,1
299,1.0,train,0.999989046872894,1.095312710582332e-05,1,1,1
300,0.0,train,0.2751297357103299,0.72487026428967,0,1,1
301,0.0,train,2.8130164780628726e-06,0.9999971869835219,0,1,1
302,0.0,train,0.0011335690725769007,0.998866430927423,0,1,1
303,1.0,dev,0.9999407908140929,5.9209185907118233e-05,1,1,1
304,0.0,dev,0.002844909411348384,0.9971550905886517,0,1,1
305,0.0,train,0.5813030906443133,0.41869690935568665,1,1,1
306,0.0,train,0.0003569707201157188,0.9996430292798842,0,1,1
307,0.0,test,7.224442350682076e-07,0.999999277555765,0,1,1
308,1.0,train,0.9998534687213749,0.00014653127862501497,1,1,1
309,0.0,train,0.0018675659778932805,0.9981324340221067,0,1,1
310,0.0,dev,0.0004373345989365392,0.9995626654010635,0,1,1
311,0.0,train,6.439039334469192e-06,0.9999935609606656,0,1,1
312,0.0,train,8.851571414510243e-07,0.9999991148428585,0,1,1
313,1.0,train,0.9854964210540679,0.01450357894593218,1,1,1
314,1.0,train,0.9999379495159963,6.205048400363668e-05,1,1,1
315,1.0,train,0.9999426124035029,5.738759649701589e-05,1,1,1
316,1.0,dev,0.00029137011276528116,0.9997086298872347,0,1,1
317,1.0,train,0.9994115911201032,0.0005884088798966503,1,1,1
318,1.0,train,0.9999952890927842,4.710907215890674e-06,1,1,1
319,1.0,dev,0.9999989488507381,1.0511492619130228e-06,1,1,1
320,0.0,train,0.9999931456842184,6.854315781721292e-06,1,1,1
321,1.0,train,0.9993638089216887,0.0006361910783113776,1,1,1
322,1.0,train,0.9953904276838831,0.004609572316116922,1,1,1
323,1.0,train,0.9532750380552895,0.04672496194471053,1,1,1
324,0.0,train,0.2782567937024021,0.7217432062975979,0,1,1
325,1.0,train,0.9996430293171059,0.0003569706828940649,1,1,1
326,1.0,train,0.24220562872535945,0.7577943712746406,0,1,1
327,0.0,train,0.9919380093654623,0.008061990634537762,1,1,1
328,0.0,train,0.9504109763136773,0.04958902368632276,1,1,1
329,1.0,train,0.9964619134175609,0.003538086582439148,1,1,1
330,0.0,train,0.0022518474134213366,0.9977481525865787,0,1,1
331,1.0,dev,0.9999995034719086,4.965280915413893e-07,1,1,1
332,0.0,train,0.02297736522671412,0.9770226347732859,0,1,1
333,0.0,train,5.896417727675555e-07,0.9999994103582273,0,1,1
334,1.0,train,0.9999982669479891,1.7330520109138983e-06,1,1,1
335,0.0,train,9.276363484574604e-07,0.9999990723636515,0,1,1
336,0.0,train,0.9999881568563415,1.184314365843444e-05,1,1,1
337,0.0,train,0.0037654144554471014,0.9962345855445529,0,1,1
338,0.0,dev,2.1112492398493107e-05,0.9999788875076014,0,1,1
339,1.0,train,0.3311197396289915,0.6688802603710086,0,1,1
340,1.0,train,0.9999566809695591,4.3319030440906865e-05,1,1,1
341,0.0,dev,0.6076631698328917,0.3923368301671084,1,1,1
342,0.0,train,1.1726424927463036e-06,0.9999988273575073,0,1,1
343,1.0,train,0.02228618488984746,0.9777138151101525,0,1,1
344,1.0,train,0.0009697520255282561,0.9990302479744718,0,1,1
345,1.0,train,0.01302049126280796,0.986979508737192,0,1,1
346,1.0,test,0.9999778743336243,2.2125666375753127e-05,1,1,1
347,0.0,train,1.1544623081669216e-06,0.9999988455376919,0,1,1
348,0.0,train,0.00010889692300666483,0.9998911030769932,0,1,1
349,1.0,train,0.9674102557037734,0.03258974429622671,1,1,1
350,1.0,train,0.948154530420204,0.05184546957979609,1,1,1
351,1.0,train,0.9219218380728936,0.07807816192710641,1,1,1
352,1.0,train,0.9999987121044918,1.2878955083202678e-06,1,1,1
353,1.0,train,0.9978510507003981,0.002148949299601942,1,1,1
354,0.0,train,0.9674102533547801,0.03258974664521998,1,1,1
355,1.0,train,0.9997901168562953,0.0002098831437046428,1,1,1
356,1.0,train,0.42250463481418826,0.5774953651858118,0,1,1
357,1.0,dev,0.005220125848318164,0.9947798741516819,0,1,1
358,1.0,train,0.9999975560072728,2.4439927272300103e-06,1,1,1
359,0.0,dev,0.999992353461368,7.646538631962276e-06,1,1,1
360,1.0,train,0.9999995034719787,4.965280212524004e-07,1,1,1
361,1.0,train,0.9854964226514602,0.014503577348539878,1,1,1
362,0.0,test,0.9978842963791887,0.002115703620811283,1,1,1
363,0.0,train,7.071895900341432e-06,0.9999929281040997,0,1,1
364,1.0,train,0.8558511506439708,0.14414884935602928,1,1,1
365,0.0,train,0.9585377261041522,0.04146227389584789,1,1,1
366,0.0,train,0.013848610215564576,0.9861513897844354,0,1,1
367,0.0,test,0.9999165037311479,8.349626885195485e-05,1,1,1
368,0.0,train,0.10374861578172241,0.8962513842182775,0,1,1
369,0.0,train,7.527993258654625e-06,0.9999924720067412,0,1,1
370,0.0,dev,0.027169233898802457,0.9728307661011977,0,1,1
371,1.0,test,0.9999349718549123,6.502814508774168e-05,1,1,1
372,1.0,train,0.3486451488696663,0.6513548511303336,0,1,1
373,1.0,train,0.9919380078759057,0.008061992124094282,1,1,1
374,0.0,test,0.007695646040476393,0.9923043539595235,0,1,1
375,1.0,train,0.9986541395185913,0.0013458604814086611,1,1,1
376,0.0,train,0.9999898700055473,1.0129994452657803e-05,1,1,1
377,,,5.896419484944201e-07,0.9999994103580516,0,1,1
378,0.0,train,2.0611536181902033e-09,0.9999999979388463,0,0,1
379,0.0,train,1.1659528229990972e-05,0.99998834047177,0,1,1
380,0.0,train,2.507158787059999e-05,0.9999749284121293,0,1,1
381,1.0,train,0.9998147742801909,0.00018522571980898923,1,1,1
382,1.0,train,0.42250463481418826,0.5774953651858118,0,1,1
383,0.0,train,0.07369627784388647,0.9263037221561137,0,1,1
384,0.0,train,0.95041097139764,0.04958902860236011,1,1,1
385,1.0,train,0.9999263140377999,7.368596220020312e-05,1,1,1
386,0.0,train,0.2942149845400438,0.7057850154599563,0,1,1
387,1.0,train,0.9999986918238071,1.3081761929307328e-06,1,1,1
388,1.0,test,0.9999942280784001,5.771921599806145e-06,1,1,1
389,1.0,train,0.15817436465343707,0.8418256353465631,0,1,1
390,0.0,train,0.007011795173994563,0.9929882048260054,0,1,1
391,1.0,test,0.2689414330889798,0.7310585669110203,0,1,1
392,1.0,train,0.9982725410392134,0.001727458960786479,1,1,1
393,0.0,test,0.3073580295544412,0.6926419704455589,0,1,1
394,0.0,train,7.5279887716561e-06,0.9999924720112282,0,1,1
395,0.0,train,1.436751236229312e-06,0.9999985632487637,0,1,1
396,1.0,dev,0.9999982669490285,1.7330509714803946e-06,1,1,1
397,1.0,train,0.9999972305940446,2.7694059555182196e-06,1,1,1
398,1.0,train,0.31405054499180746,0.6859494550081925,0,1,1
399,1.0,train,0.9999580136731511,4.1986326848988996e-05,1,1,1
400,1.0,train,0.999892791203072,0.00010720879692818828,1,1,1
401,1.0,train,0.9615338060526771,0.03846619394732293,1,1,1
402,0.0,train,1.2411501259026306e-05,0.9999875884987409,0,1,1
403,1.0,train,0.9999970976893122,2.9023106877805905e-06,1,1,1
404,0.0,train,1.5779619340285547e-06,0.999998422038066,0,1,1
405,0.0,train,0.0007208379829468887,0.9992791620170531,0,1,1
406,1.0,test,0.9999952890927667,4.710907233440089e-06,1,1,1
407,0.0,dev,0.2974699426047947,0.7025300573952054,0,1,1
408,1.0,test,0.9998746624455935,0.00012533755440643634,1,1,1
409,1.0,train,0.9995891515113223,0.00041084848867780315,1,1,1
410,1.0,train,0.9999995407865375,4.5921346240790566e-07,1,1,1
411,1.0,train,0.9999928167363086,7.1832636912818595e-06,1,1,1
412,0.0,train,2.0904589733002036e-06,0.9999979095410267,0,1,1
413,0.0,train,0.8633916170039421,0.13660838299605804,1,1,1
414,0.0,train,5.4222175156717976e-06,0.9999945777824842,0,1,1
415,0.0,train,0.039048296081090964,0.960951703918909,0,1,1
416,1.0,train,0.9998464376149339,0.00015356238506611513,1,1,1
417,0.0,train,0.008847354821591458,0.9911526451784085,0,1,1
418,1.0,train,0.9999929281062863,7.0718937137334225e-06,1,1,1
419,1.0,train,0.9999994103580208,5.896419792466267e-07,1,1,1
420,1.0,train,0.9999981837780225,1.8162219775582892e-06,1,1,1
421,1.0,train,0.0005527788674333762,0.9994472211325666,0,1,1
422,1.0,train,0.9525741271590255,0.04742587284097443,1,1,1
423,1.0,test,0.9998665799344243,0.00013342006557568104,1,1,1
424,0.0,train,0.0004802972891147117,0.9995197027108854,0,1,1
425,1.0,dev,0.9999988455383025,1.1544616974673608e-06,1,1,1
426,1.0,train,0.998426888127205,0.0015731118727949952,1,1,1
427,0.0,test,0.7981867729389246,0.2018132270610754,1,1,1
428,1.0,train,0.9796676447280407,0.020332355271959375,1,1,1
429,0.0,test,0.0003799845600323388,0.9996200154399676,0,1,1
430,0.0,train,0.010986944573626636,0.9890130554263733,0,1,1
431,0.0,test,0.00074370295236673,0.9992562970476333,0,1,1
432,0.0,train,0.9981613351498774,0.0018386648501226837,1,1,1
433,1.0,train,0.999995574509724,4.425490275892618e-06,1,1,1
434,0.0,test,0.9999956431219318,4.3568780682602985e-06,1,1,1
435,0.0,dev,1.9947288892627956e-06,0.9999980052711107,0,1,1
436,1.0,train,0.7371581568543043,0.26284184314569564,1,1,1
437,0.0,train,0.00201901372029914,0.9979809862797009,0,1,1
438,0.0,train,0.9693241971816184,0.030675802818381632,1,1,1
439,0.0,train,0.0002034269841165697,0.9997965730158834,0,1,1
440,1.0,train,0.10669059962643358,0.8933094003735664,0,1,1
441,0.0,train,3.480810951319575e-05,0.9999651918904867,0,1,1
442,1.0,train,0.9997175919872155,0.0002824080127843567,1,1,1
443,0.0,train,0.996675563058971,0.0033244369410289215,1,1,1
444,1.0,dev,0.29098086621490676,0.7090191337850932,0,1,1
445,1.0,train,0.9999956431196756,4.356880324309401e-06,1,1,1
446,0.0,train,0.00017952792120227488,0.9998204720787977,0,1,1
447,1.0,train,0.5467381372136563,0.4532618627863437,1,1,1
448,0.0,train,0.007121429377906223,0.9928785706220938,0,1,1
449,1.0,train,0.9998511615030131,0.00014883849698686677,1,1,1
450,0.0,train,0.0013670256863412024,0.9986329743136589,0,1,1
451,1.0,train,0.9905874106902668,0.009412589309733191,1,1,1
452,0.0,train,0.048857782776979074,0.951142217223021,0,1,1
453,1.0,train,0.9907319851140193,0.009268014885980757,1,1,1
454,1.0,train,0.99657039620323,0.003429603796769962,1,1,1
455,1.0,train,0.907312226373181,0.09268777362681897,1,1,1
456,1.0,dev,0.9658995723244552,0.03410042767554472,1,1,1
457,0.0,train,0.23651623644570763,0.7634837635542924,0,1,1
458,1.0,test,0.9999900270630873,9.972936912710143e-06,1,1,1
459,1.0,train,0.4882833952958347,0.5117166047041654,0,1,1
460,1.0,train,0.0016743997022496356,0.9983256002977504,0,1,1
461,0.0,test,0.0015487608638620383,0.9984512391361379,0,1,1
462,1.0,train,0.12765262532179067,0.8723473746782093,0,1,1
463,1.0,train,0.0019570169692993884,0.9980429830307007,0,1,1
464,1.0,train,0.015663650319922295,0.9843363496800777,0,1,1
465,0.0,train,0.9999097196401158,9.028035988418926e-05,1,1,1
466,0.0,train,0.0002653023689937587,0.9997346976310063,0,1,1
467,0.0,train,0.9381240151413303,0.06187598485866984,1,1,1
468,1.0,train,0.9956684980115684,0.004331501988431572,1,1,1
469,1.0,train,0.0003514381167008844,0.9996485618832992,0,1,1
470,1.0,train,0.000200273701076442,0.9997997262989234,0,1,1
471,1.0,train,0.00010889692949672061,0.9998911030705032,0,1,1
472,1.0,train,0.99999335656782,6.643432179983731e-06,1,1,1
473,0.0,train,7.967301935803822e-05,0.9999203269806419,0,1,1
474,1.0,train,0.6477982179521103,0.35220178204788966,1,1,1
475,0.0,train,0.00041084862330911955,0.9995891513766908,0,1,1
476,0.0,train,0.00048029734634311383,0.9995197026536569,0,1,1
477,1.0,train,0.9995626655313423,0.00043733446865769186,1,1,1
478,1.0,train,0.9999538872511702,4.611274882974301e-05,1,1,1
479,0.0,train,2.0698387017742145e-07,0.9999997930161297,0,1,1
480,1.0,train,0.9999971426841799,2.857315819999403e-06,1,1,1
481,0.0,train,0.8333245870332532,0.16667541296674696,1,1,1
482,0.0,train,0.003429604535252269,0.9965703954647477,0,1,1
483,1.0,train,0.4455295350395727,0.5544704649604273,0,1,1
484,1.0,train,0.9825575187114209,0.017442481288579142,1,1,1
485,1.0,test,0.6150878696277513,0.38491213037224875,1,1,1
486,0.0,test,0.0007672923443100707,0.9992327076556898,0,1,1
487,1.0,train,0.9820137895115189,0.017986210488481234,1,1,1
488,1.0,train,0.9988664307840082,0.0011335692159918662,1,1,1
489,1.0,dev,0.9999715902691186,2.8409730881317577e-05,1,1,1
490,1.0,dev,0.9989182847311732,0.0010817152688269711,1,1,1
491,0.0,train,0.985718063977109,0.01428193602289086,1,1,1
492,1.0,dev,0.0803574622150194,0.9196425377849807,0,1,1
493,0.0,train,7.646539173184103e-06,0.9999923534608267,0,1,1
494,1.0,train,0.9999952890922928,4.7109077072743e-06,1,1,1
495,1.0,train,0.7879312006227324,0.21206879937726766,1,1,1
496,1.0,train,0.9987355779800906,0.0012644220199093568,1,1,1
497,0.0,train,0.02887090861744589,0.9711290913825542,0,1,1
498,0.0,train,0.9744347864479426,0.025565213552057323,1,1,1
499,1.0,train,0.9987744323281769,0.0012255676718230274,1,1,1
500,1.0,train,0.9999068540674925,9.314593250753089e-05,1,1,1
501,0.0,train,0.0007321811744419655,0.9992678188255582,0,1,1
502,1.0,train,0.9999501404126723,4.985958732777086e-05,1,1,1
503,1.0,train,0.9999635214509095,3.6478549090409634e-05,1,1,1
504,1.0,train,0.9974090204815365,0.0025909795184636073,1,1,1
505,1.0,train,0.9961755165256767,0.0038244834743233363,1,1,1
506,1.0,train,0.9579122693809591,0.04208773061904093,1,1,1
507,1.0,train,0.9999988273578699,1.1726421301667875e-06,1,1,1
508,1.0,train,0.006692852113050128,0.9933071478869497,0,1,1
509,0.0,train,0.9449947070591977,0.05500529294080225,1,1,1
510,1.0,dev,0.9999972735303184,2.7264696815977915e-06,1,1,1
511,1.0,dev,0.9999873930553569,1.2606944643177374e-05,1,1,1
512,1.0,test,0.7981867777396212,0.20181322226037882,1,1,1
513,0.0,train,0.02635534672812131,0.9736446532718787,0,1,1
514,0.0,train,0.9149009596336303,0.08509904036636974,1,1,1
515,0.0,dev,3.480810951319575e-05,0.9999651918904867,0,1,1
516,1.0,train,0.99999440566485,5.594335150064492e-06,1,1,1
517,1.0,train,0.9999469249150513,5.3075084948799794e-05,1,1,1
518,1.0,train,0.9999919865028699,8.013497130057485e-06,1,1,1
519,1.0,train,0.9736446479186301,0.026355352081369875,1,1,1
520,0.0,train,0.0005703157920135376,0.9994296842079866,0,1,1
521,1.0,train,0.9999937590679822,6.240932017954317e-06,1,1,1
522,0.0,test,0.010328152823929092,0.9896718471760709,0,1,1
523,0.0,train,0.004905406651311894,0.9950945933486881,0,1,1
524,1.0,train,0.11757213045354989,0.8824278695464501,0,1,1
525,0.0,train,3.219232298453451e-05,0.9999678076770153,0,1,1
526,0.0,train,0.9820137939858306,0.017986206014169497,1,1,1
527,1.0,train,0.5621765008857981,0.4378234991142019,1,1,1
528,0.0,train,0.9935117317481195,0.00648826825188058,1,1,1
529,1.0,train,0.9999991285664263,8.714335737096839e-07,1,1,1
530,0.0,test,0.01262494779555395,0.987375052204446,0,1,1
531,1.0,test,0.9994385211493352,0.000561478850664935,1,1,1
532,0.0,dev,1.7231575319802772e-05,0.9999827684246803,0,1,1
533,0.0,dev,0.04336580000026228,0.9566341999997378,0,1,1
534,1.0,train,0.6619228891883799,0.33807711081161995,1,1,1
535,1.0,train,0.9999969105061735,3.089493826508882e-06,1,1,1
536,1.0,train,0.9999760764930522,2.3923506947726197e-05,1,1,1
537,1.0,train,0.9999869928674633,1.3007132536671404e-05,1,1,1
538,0.0,train,0.9999329077779967,6.709222200325122e-05,1,1,1
539,1.0,train,0.6926419831347361,0.30735801686526387,1,1,1
540,1.0,train,0.793105941403651,0.2068940585963489,1,1,1
541,0.0,dev,0.002019014260747512,0.9979809857392526,0,1,1
542,0.0,train,0.9936116795159123,0.006388320484087567,1,1,1
543,0.0,train,3.288749065460498e-06,0.9999967112509346,0,1,1
544,1.0,train,0.9982178037306525,0.0017821962693474627,1,1,1
545,1.0,dev,0.9808759667431178,0.01912403325688208,1,1,1
546,1.0,train,0.9748211586651452,0.025178841334854832,1,1,1
547,0.0,train,0.00017674515916949832,0.9998232548408303,0,1,1
548,0.0,train,0.640635854839898,0.35936414516010196,1,1,1
549,1.0,train,0.9999008472806595,9.915271934044787e-05,1,1,1
550,1.0,train,4.264746055994346e-05,0.9999573525394401,0,1,1
551,1.0,train,0.9999969584021958,3.0415978042552533e-06,1,1,1
552,0.0,train,5.955140768437532e-06,0.9999940448592316,0,1,1
553,0.0,train,0.9697854118410338,0.030214588158966105,1,1,1
554,1.0,train,0.5544704649604273,0.4455295350395727,1,1,1
555,0.0,train,0.0031726822769652645,0.9968273177230348,0,1,1
556,1.0,train,0.9999984942975567,1.5057024433781554e-06,1,1,1
557,1.0,train,0.9998204720493761,0.00017952795062391375,1,1,1
558,1.0,train,0.9999635214748259,3.6478525174089375e-05,1,1,1
559,0.0,train,3.4465795008126764e-06,0.9999965534204991,0,1,1
560,0.0,train,0.00012339453186234573,0.9998766054681377,0,1,1
561,1.0,train,0.9954615683425256,0.004538431657474405,1,1,1
562,0.0,train,8.614653190951484e-05,0.9999138534680906,0,1,1
563,0.0,train,0.9943580922105483,0.0056419077894517234,1,1,1
564,0.0,train,0.00337661318406839,0.9966233868159315,0,1,1
565,0.0,train,8.99095950503534e-07,0.9999991009040495,0,1,1
566,1.0,train,0.959762055362254,0.040237944637746076,1,1,1
567,0.0,train,0.0028009274665629583,0.997199072533437,0,1,1
568,0.0,train,0.04336579505484045,0.9566342049451596,0,1,1
569,0.0,train,0.9919380094846267,0.00806199051537325,1,1,1
570,1.0,train,0.9999992188516373,7.811483626472809e-07,1,1,1
571,0.0,train,0.00016346463426256737,0.9998365353657375,0,1,1
572,0.0,train,5.715007195462827e-07,0.9999994284992804,0,1,1
573,0.0,dev,0.0159063898457867,0.9840936101542134,0,1,1
574,1.0,train,0.99925629712515,0.0007437028748501634,1,1,1
575,0.0,train,0.009412588753979946,0.99058741124602,0,1,1
576,1.0,train,0.9999227780701533,7.722192984675475e-05,1,1,1
577,0.0,train,0.9343951588871158,0.06560484111288435,1,1,1
578,0.0,train,9.080479088583305e-06,0.9999909195209113,0,1,1
579,1.0,train,0.9999832985793963,1.6701420603763113e-05,1,1,1
580,1.0,test,0.0015487608638620383,0.9984512391361379,0,1,1
581,1.0,train,0.9999948260831958,5.173916804252641e-06,1,1,1
582,0.0,train,0.8397339596505966,0.16026604034940353,1,1,1
583,1.0,train,0.0018969203566056628,0.9981030796433943,0,1,1
584,0.0,dev,0.5350984286266115,0.46490157137338844,1,1,1
585,1.0,dev,0.23651623644570763,0.7634837635542924,0,1,1
586,1.0,train,0.9994887421749606,0.0005112578250392875,1,1,1
587,1.0,train,0.99586603154147,0.004133968458530073,1,1,1
588,0.0,train,0.14414884200260686,0.8558511579973932,0,1,1
589,0.0,train,8.398069532152422e-06,0.9999916019304679,0,1,1
590,0.0,train,2.090459471703479e-06,0.9999979095405283,0,1,1
591,1.0,train,0.994269753357661,0.005730246642339135,1,1,1
592,0.0,train,0.007577240147319397,0.9924227598526806,0,1,1
593,1.0,train,0.9999907765304396,9.223469560360703e-06,1,1,1
594,1.0,test,0.9991573576849706,0.00084264231502929,1,1,1
595,1.0,dev,0.9999984942979941,1.5057020058629385e-06,1,1,1
596,1.0,train,0.9999692818136298,3.071818637020322e-05,1,1,1
597,0.0,train,0.658417500561683,0.341582499438317,1,1,1
598,1.0,test,0.9911526441983874,0.008847355801612474,1,1,1
599,0.0,train,0.00011591938463752051,0.9998840806153626,0,1,1
600,0.0,train,0.4378234991142019,0.5621765008857981,0,1,1
601,0.0,train,2.014568845143143e-05,0.9999798543115486,0,1,1
602,0.0,train,0.03676946924216767,0.9632305307578325,0,1,1
603,0.0,train,0.05108274273551937,0.9489172572644806,0,1,1
604,1.0,train,0.9997965730643742,0.00020342693562566932,1,1,1
605,0.0,train,1.414475577036553e-06,0.999998585524423,0,1,1
606,0.0,train,5.4222163845153286e-06,0.9999945777836156,0,1,1
607,0.0,train,0.0014550625921236277,0.9985449374078763,0,1,1
608,1.0,train,0.9942697522964353,0.0057302477035647125,1,1,1
609,0.0,train,0.9989012689148097,0.001098731085190428,1,1,1
610,1.0,dev,0.9998147743119261,0.00018522568807397062,1,1,1
611,1.0,train,0.3593641588823761,0.6406358411176238,0,1,1
612,1.0,train,0.9976032693970844,0.002396730602915405,1,1,1
613,1.0,train,0.9999991148426804,8.851573195141193e-07,1,1,1
614,0.0,dev,0.999997704080197,2.2959198031121995e-06,1,1,1
615,0.0,train,0.9802808716046097,0.01971912839539027,1,1,1
616,1.0,train,0.9998686481667295,0.00013135183327046108,1,1,1
617,1.0,train,0.9999975175188994,2.482481100678508e-06,1,1,1
618,0.0,train,9.028034979548424e-05,0.9999097196502045,0,1,1
619,0.0,train,2.7694051508069564e-06,0.9999972305948492,0,1,1
620,1.0,train,0.9999559987998492,4.400120015070326e-05,1,1,1
621,1.0,train,0.9999764473707529,2.355262924710992e-05,1,1,1
622,0.0,train,0.0010162437990228123,0.9989837562009771,0,1,1
623,0.0,train,9.972941593827282e-06,0.9999900270584062,0,1,1
624,0.0,train,0.04401864986294638,0.9559813501370537,0,1,1
625,0.0,test,0.0004173158974274181,0.9995826841025727,0,1,1
626,1.0,train,0.9999923534592315,7.646540768364452e-06,1,1,1
627,1.0,dev,0.9997546304993528,0.00024536950064728497,1,1,1
628,1.0,dev,0.9995271455214624,0.00047285447853749005,1,1,1
629,1.0,train,0.523420348936324,0.47657965106367595,1,1,1
630,0.0,train,0.1561048856673274,0.8438951143326726,0,1,1
631,0.0,train,0.9987156919085358,0.0012843080914643145,1,1,1
632,0.0,train,8.530323077458319e-06,0.9999914696769224,0,1,1
633,0.0,test,1.028951287210416e-05,0.9999897104871279,0,1,1
634,1.0,train,0.9991704107190039,0.0008295892809960101,1,1,1
635,1.0,train,0.9999935609629684,6.439037031704518e-06,1,1,1
636,1.0,test,0.8577681049901036,0.1422318950098963,1,1,1
637,1.0,train,0.9996993837374567,0.00030061626254330586,1,1,1
638,0.0,train,0.16238004477370327,0.8376199552262966,0,1,1
639,0.0,train,0.9964063976987011,0.0035936023012989055,1,1,1
640,0.0,train,0.0007554055427461894,0.9992445944572537,0,1,1
641,1.0,train,0.9999733114750006,2.6688524999315074e-05,1,1,1
642,1.0,test,0.9999692818124855,3.07181875145097e-05,1,1,1
643,0.0,train,0.020964236536333204,0.9790357634636668,0,1,1
644,0.0,train,0.00014883855353405395,0.9998511614464659,0,1,1
645,1.0,train,0.9999972305948492,2.7694051508069564e-06,1,1,1
646,0.0,train,0.03622005482463042,0.9637799451753697,0,1,1
647,1.0,dev,0.9962927472356888,0.0037072527643110718,1,1,1
648,0.0,train,0.0005614786457962382,0.9994385213542037,0,1,1
649,1.0,train,0.9715639679843491,0.02843603201565089,1,1,1
650,0.0,train,1.9525888700074712e-05,0.9999804741113,0,1,1
651,1.0,train,0.9962345866904572,0.0037654133095429095,1,1,1
652,1.0,train,0.995929862163298,0.00407013783670198,1,1,1
653,0.0,train,6.276706378725025e-07,0.9999993723293622,0,1,1
654,1.0,test,0.9999994194997183,5.80500281606619e-07,1,1,1
655,1.0,train,0.9936116787592303,0.006388321240769751,1,1,1
656,0.0,train,0.002396731440184644,0.9976032685598153,0,1,1
657,1.0,test,0.9999922330463783,7.7669536217169e-06,1,1,1
658,1.0,test,0.9997507675459636,0.0002492324540364058,1,1,1
659,0.0,train,0.00035697051805535823,0.9996430294819446,0,1,1
660,1.0,train,0.9999857144885231,1.4285511476929693e-05,1,1,1
661,1.0,train,0.004070136749449438,0.9959298632505507,0,1,1
662,0.0,train,0.6791786861878392,0.3208213138121609,1,1,1
663,1.0,train,0.9999996192984256,3.8070157441971134e-07,1,1,1
664,0.0,test,3.169324309516313e-05,0.9999683067569048,0,1,1
665,0.0,train,0.9763105269774343,0.02368947302256565,1,1,1
666,1.0,test,0.9999988810568191,1.1189431808966525e-06,1,1,1
667,1.0,train,0.9983515170091011,0.0016484829908989215,1,1,1
668,1.0,train,0.9999586645963797,4.1335403620170404e-05,1,1,1
669,1.0,train,0.8887588023318196,0.11124119766818044,1,1,1
670,1.0,train,0.760650658103136,0.23934934189686402,1,1,1
671,1.0,train,0.8499711794579723,0.15002882054202774,1,1,1
672,1.0,train,0.9982178035848505,0.0017821964151495233,1,1,1
673,1.0,train,0.18713268669577832,0.8128673133042217,0,1,1
674,1.0,test,0.9996079582603988,0.00039204173960113634,1,1,1
675,0.0,train,0.00038596621706150257,0.9996140337829386,0,1,1
676,1.0,dev,0.5926666143433998,0.4073333856566001,1,1,1
677,1.0,train,0.9999840633726882,1.593662731190764e-05,1,1,1
678,0.0,train,3.6119820924708556e-06,0.9999963880179075,0,1,1
679,0.0,dev,9.223467361334742e-06,0.9999907765326387,0,1,1
680,0.0,train,0.7057850278370112,0.29421497216298875,1,1,1
681,1.0,train,0.999986368654508,1.3631345492153357e-05,1,1,1
682,1.0,train,0.9989012689107211,0.0010987310892790231,1,1,1
683,0.0,train,0.6261241772283034,0.37387582277169656,1,1,1
684,1.0,test,0.9998286918148599,0.0001713081851400076,1,1,1
685,0.0,test,9.610241549947395e-05,0.9999038975845005,0,1,1
686,0.0,train,0.0005193048335580202,0.9994806951664421,0,1,1
687,1.0,train,0.9822877038891779,0.017712296110822198,1,1,1
688,1.0,train,0.9999847931637079,1.520683629194725e-05,1,1,1
689,0.0,train,0.23651623644570763,0.7634837635542924,0,1,1
690,1.0,train,0.9994472214083552,0.0005527785916449047,1,1,1
691,1.0,train,0.990874364362461,0.009125635637539029,1,1,1
692,1.0,train,0.9991832618892528,0.0008167381107471516,1,1,1
693,0.0,train,0.031143829635526404,0.9688561703644735,0,1,1
694,0.0,train,7.4846198515099e-05,0.9999251538014848,0,1,1
695,0.0,train,0.0003625900014705829,0.9996374099985296,0,1,1
696,0.0,train,0.1968261942204597,0.8031738057795402,0,1,1
697,0.0,train,0.9991704107190039,0.0008295892809960101,1,1,1
698,0.0,train,4.592133974012088e-07,0.9999995407866026,0,1,1
699,1.0,dev,0.9896718480137866,0.010328151986213388,1,1,1
700,1.0,train,0.9962345868581504,0.0037654131418496423,1,1,1
701,1.0,train,0.9997546304299002,0.00024536957009976823,1,1,1
702,0.0,train,5.594337046541748e-06,0.9999944056629535,0,1,1
703,0.0,train,0.945801267885259,0.05419873211474107,1,1,1
704,0.0,train,0.004681822802085613,0.9953181771979145,0,1,1
705,1.0,train,0.9999531611365136,4.683886348637723e-05,1,1,1
706,0.0,dev,0.5621765008857981,0.4378234991142019,1,1,1
707,0.0,train,0.00175461467109867,0.9982453853289014,0,1,1
708,0.0,train,0.00046552686328271985,0.9995344731367174,0,1,1
709,0.0,train,0.9957353652445358,0.004264634755464273,1,1,1
710,0.0,train,3.927862236789177e-07,0.9999996072137765,0,1,1
711,0.0,test,0.0017821962163285343,0.9982178037836714,0,1,1
712,0.0,train,0.5813030761371503,0.4186969238628498,1,1,1
713,1.0,train,0.9999801666391459,1.9833360854063486e-05,1,1,1
714,1.0,train,0.9998766053991941,0.00012339460080592455,1,1,1
715,0.0,train,0.006589772443465933,0.9934102275565341,0,1,1
716,0.0,train,6.108852188898106e-05,0.9999389114781111,0,1,1
717,1.0,train,0.004133967599682325,0.9958660324003177,0,1,1
718,1.0,test,0.9999435020540888,5.649794591132304e-05,1,1,1
719,0.0,train,0.015189047916397337,0.9848109520836027,0,1,1
720,0.0,train,0.0026730061916863594,0.9973269938083136,0,1,1
721,1.0,train,0.9999954340295609,4.565970439045488e-06,1,1,1
722,0.0,train,0.7122321720225278,0.28776782797747225,1,1,1
723,0.0,train,0.00010391067562761451,0.9998960893243724,0,1,1
724,0.0,train,9.874635760316516e-07,0.9999990125364241,0,1,1
725,0.0,train,0.2974699426047947,0.7025300573952054,0,1,1
726,0.0,train,0.0003514383679807631,0.9996485616320193,0,1,1
727,0.0,train,0.9999460891611889,5.391083881114326e-05,1,1,1
728,0.0,train,3.6119828459863964e-06,0.9999963880171541,0,1,1
729,0.0,train,0.9579122705824801,0.04208772941751998,1,1,1
730,0.0,train,2.8857132148461632e-05,0.9999711428678515,0,1,1
731,1.0,dev,0.9999838124126542,1.6187587345793874e-05,1,1,1
732,0.0,test,3.5763589640449133e-07,0.9999996423641035,0,1,1
733,0.0,dev,0.4455295350395727,0.5544704649604273,0,1,1
734,1.0,train,0.9706877705205931,0.02931222947940706,1,1,1
735,0.0,train,0.00013342001886124593,0.9998665799811387,0,1,1
736,0.0,test,0.0004108486722659729,0.999589151327734,0,1,1
737,1.0,train,0.967899295134923,0.03210070486507694,1,1,1
738,1.0,test,0.39233681595684605,0.6076631840431539,0,1,1
739,1.0,train,0.9984021543395806,0.001597845660419315,1,1,1
740,1.0,train,0.9985449367258831,0.001455063274116849,1,1,1
741,0.0,train,2.0611536181902033e-09,0.9999999979388463,0,0,1
742,1.0,train,0.9998960893437253,0.0001039106562747559,1,1,1
743,1.0,dev,0.9999963311375928,3.6688624072020693e-06,1,1,1
744,1.0,train,0.9998488179791348,0.00015118202086520757,1,1,1
745,1.0,train,0.29746995506106744,0.7025300449389326,0,1,1
746,1.0,train,0.9984268881857158,0.0015731118142842016,1,1,1
747,1.0,test,0.9999426124278731,5.7387572126877644e-05,1,1,1
748,0.0,train,0.8633916134888613,0.13660838651113866,1,1,1
749,1.0,train,0.9999611688820307,3.8831117969266064e-05,1,1,1
750,1.0,test,0.021948249236601606,0.9780517507633983,0,1,1
751,0.0,train,2.507159758384842e-05,0.9999749284024162,0,1,1
752,1.0,test,0.712232184238947,0.2877678157610531,1,1,1
753,0.0,train,0.012053777386833412,0.9879462226131666,0,1,1
754,1.0,train,0.9999296881604738,7.031183952618633e-05,1,1,1
755,0.0,dev,7.64654008471569e-06,0.9999923534599152,0,1,1
756,1.0,train,0.9999307781561569,6.922184384311862e-05,1,1,1
757,1.0,train,0.9999963880166964,3.6119833034780506e-06,1,1,1
758,0.0,train,0.9999111191286622,8.888087133783167e-05,1,1,1
759,0.0,train,2.873685018581783e-07,0.9999997126314981,0,1,1
760,0.0,test,0.002019014020548217,0.9979809859794517,0,1,1
761,0.0,train,0.22815651265736978,0.7718434873426302,0,1,1
762,1.0,test,0.16238005288069604,0.837619947119304,0,1,1
763,1.0,train,0.02716922838485282,0.9728307716151473,0,1,1
764,0.0,dev,0.14033626027631768,0.8596637397236823,0,1,1
765,0.0,train,0.256831980010821,0.743168019989179,0,1,1
766,0.0,train,1.9142872120593135e-07,0.9999998085712787,0,1,1
767,0.0,test,0.9871787850733007,0.012821214926699423,1,1,1
768,1.0,train,0.999998585523817,1.4144761830090225e-06,1,1,1
769,0.0,train,0.9998822554563986,0.00011774454360137414,1,1,1
770,1.0,train,0.9728307672827583,0.027169232717241726,1,1,1
771,1.0,test,0.9999493552925235,5.064470747641956e-05,1,1,1
772,1.0,train,0.7025300698514778,0.2974699301485223,1,1,1
773,0.0,train,0.9861513927352223,0.013848607264777638,1,1,1
774,0.0,train,0.0001313518088074915,0.9998686481911926,0,1,1
775,1.0,train,0.9998579763005215,0.00014202369947845594,1,1,1
776,0.0,train,3.156127345889153e-07,0.9999996843872655,0,1,1
777,1.0,train,0.941654159388319,0.05834584061168106,1,1,1
778,0.0,train,0.34510528442897664,0.6548947155710233,0,1,1
779,0.0,train,0.3345894545235253,0.6654105454764747,0,1,1
780,0.0,train,0.029312227359491745,0.9706877726405082,0,1,1
781,1.0,train,0.14414886406287503,0.855851135937125,0,1,1
782,0.0,train,1.1300804965569326e-05,0.9999886991950344,0,1,1
783,1.0,train,0.01115803354985791,0.9888419664501422,0,1,1
784,0.0,dev,0.0003514381376408674,0.9996485618623592,0,1,1
785,1.0,train,0.9942697539943961,0.0057302460056038815,1,1,1
786,1.0,train,0.8376199673867852,0.16238003261321476,1,1,1
787,1.0,train,0.986777178636555,0.013222821363445087,1,1,1
788,0.0,train,0.030214592306940558,0.9697854076930593,0,1,1
789,0.0,train,1.2805470396949415e-05,0.999987194529603,0,1,1
790,0.0,dev,0.003027835204494973,0.996972164795505,0,1,1
791,0.0,train,7.411280755461047e-06,0.9999925887192446,0,1,1
792,0.0,train,0.03358950419897302,0.966410495801027,0,1,1
793,0.0,train,5.5943397141152395e-06,0.999994405660286,0,1,1
794,0.0,train,0.017442481671648684,0.9825575183283513,0,1,1
795,0.0,train,0.9643214491222695,0.035678550877730524,1,1,1
796,1.0,train,0.9939964033586556,0.006003596641344454,1,1,1
797,1.0,test,0.9999605574250024,3.944257499756731e-05,1,1,1
798,1.0,train,0.9999959070907796,4.092909220319678e-06,1,1,1
799,1.0,dev,0.9559813501370537,0.04401864986294638,1,1,1
800,0.0,train,0.0002034269538097556,0.9997965730461902,0,1,1
801,0.0,train,0.8962513689768735,0.10374863102312648,1,1,1
802,1.0,train,0.9999531610949873,4.6838905012681076e-05,1,1,1
803,0.0,train,0.9998028306624902,0.0001971693375098685,1,1,1
804,0.0,train,0.885631476836816,0.11436852316318395,1,1,1
805,1.0,train,0.9997694931938732,0.00023050680612679385,1,1,1
806,1.0,train,0.668880247169804,0.331119752830196,1,1,1
807,0.0,test,0.1276526286405008,0.8723473713594992,0,1,1
808,0.0,test,3.480812818507583e-05,0.999965191871815,0,1,1
809,0.0,train,5.594337046541748e-06,0.9999944056629535,0,1,1
810,1.0,train,0.9999996072138846,3.9278611539901467e-07,1,1,1
811,1.0,train,0.998901268828949,0.0010987311710509273,1,1,1
812,0.0,test,0.9925393576394881,0.007460642360511902,1,1,1
813,0.0,train,2.785271382082038e-07,0.9999997214728619,0,1,1
814,0.0,train,0.9996849611580902,0.0003150388419097221,1,1,1
815,1.0,train,0.9999991684719134,8.315280865200678e-07,1,1,1
816,0.0,train,0.29098086621490676,0.7090191337850932,0,1,1
817,1.0,train,0.007815889713732958,0.9921841102862671,0,1,1
818,0.0,train,0.004609573273316032,0.995390426726684,0,1,1
819,1.0,train,0.9648551571362626,0.035144842863737535,1,1,1
820,1.0,train,0.8791467643431002,0.12085323565689977,1,1,1
821,1.0,train,0.9999968618534335,3.138146566528455e-06,1,1,1
822,0.0,train,5.896415618953871e-07,0.9999994103584382,0,1,1
823,1.0,train,0.9932024697574601,0.006797530242539913,1,1,1
824,1.0,train,0.9161096147346158,0.08389038526538413,1,1,1
825,0.0,test,0.9539660976007597,0.046033902399240385,1,1,1
826,1.0,train,0.47268347662043286,0.5273165233795671,0,1,1
827,0.0,train,0.00023782214275788941,0.9997621778572422,0,1,1
828,0.0,test,0.03210070579104255,0.9678992942089575,0,1,1
829,1.0,train,0.9999840633845023,1.593661549775624e-05,1,1,1
830,1.0,train,0.9975656182086154,0.0024343817913844677,1,1,1
831,1.0,train,0.8705972616934408,0.1294027383065593,1,1,1
832,1.0,dev,0.999527145671121,0.0004728543288790968,1,1,1
833,1.0,test,0.3007455789412415,0.6992544210587585,0,1,1
834,0.0,test,0.5467381519846138,0.45326184801538616,1,1,1
835,0.0,train,0.03461883784317106,0.9653811621568289,0,1,1
836,1.0,train,0.44939263446475963,0.5506073655352404,0,1,1
837,1.0,train,0.9983256004721114,0.0016743995278885853,1,1,1
838,1.0,train,0.998299277702413,0.0017007222975869212,1,1,1
839,1.0,train,0.9664104914476339,0.03358950855236608,1,1,1
840,1.0,train,0.9994557866423338,0.0005442133576662725,1,1,1
841,0.0,train,0.10970578261038685,0.8902942173896132,0,1,1
842,0.0,dev,0.6513548646660542,0.34864513533394575,1,1,1
843,1.0,train,0.9838471654146671,0.016152834585332888,1,1,1
844,1.0,train,0.9995044640229147,0.0004955359770851592,1,1,1
845,0.0,train,0.8311430436757313,0.16885695632426873,1,1,1
846,0.0,train,0.0005527785052037703,0.9994472214947964,0,1,1
847,0.0,train,0.000465527029690626,0.9995344729703094,0,1,1
848,0.0,dev,3.426849871252082e-05,0.9999657315012874,0,1,1
849,0.0,train,1.944433306953307e-07,0.9999998055566693,0,1,1
850,0.0,train,0.8872045966995028,0.1127954033004973,1,1,1
851,1.0,train,0.9998232548750626,0.0001767451249373477,1,1,1
852,0.0,train,2.3454340389778787e-07,0.9999997654565961,0,1,1
853,1.0,train,0.9997834559533308,0.0002165440466690442,1,1,1
854,1.0,train,0.9982725410777585,0.0017274589222414632,1,1,1
855,1.0,train,0.9958660328297414,0.004133967170258517,1,1,1
856,1.0,train,0.8558511579973932,0.14414884200260686,1,1,1
857,0.0,train,0.30404167496654744,0.6959583250334526,0,1,1
858,1.0,train,0.999966785807774,3.3214192225900254e-05,1,1,1
859,1.0,train,0.9999955745077128,4.425492287204965e-06,1,1,1
860,1.0,train,0.9999967112496236,3.2887503763717616e-06,1,1,1
861,1.0,train,0.9998118579399117,0.00018814206008841165,1,1,1
862,1.0,test,0.9999813682549034,1.8631745096564632e-05,1,1,1
863,0.0,train,7.0718950573117574e-06,0.9999929281049428,0,1,1
864,1.0,train,0.9999749283956915,2.5071604308407224e-05,1,1,1
865,1.0,train,0.9850429153827491,0.014957084617250939,1,1,1
866,1.0,train,0.945801267121407,0.05419873287859291,1,1,1
867,0.0,dev,2.8291319999565175e-07,0.9999997170867999,0,1,1
868,1.0,train,0.9099070097026719,0.09009299029732812,1,1,1
869,1.0,train,0.9999881568572239,1.1843142776061962e-05,1,1,1
870,0.0,train,0.08389038412018836,0.9161096158798117,0,1,1
871,1.0,train,0.9999792148204283,2.078517957170949e-05,1,1,1
872,0.0,train,2.3187474740565863e-05,0.9999768125252595,0,1,1
873,1.0,train,0.0209642408181275,0.9790357591818724,0,1,1
874,1.0,train,0.9933071485803964,0.006692851419603695,1,1,1
875,0.0,train,0.0015978456841910268,0.9984021543158089,0,1,1
876,1.0,train,0.9999038975769831,9.610242301694903e-05,1,1,1
877,0.0,test,0.0034296044333926314,0.9965703955666073,0,1,1
878,1.0,train,0.115960721309117,0.884039278690883,0,1,1
879,1.0,train,0.9999978431833125,2.156816687350534e-06,1,1,1
880,1.0,train,2.1907813214148587e-06,0.9999978092186785,0,1,1
881,1.0,train,0.9999885212352938,1.1478764706180644e-05,1,1,1
882,0.0,train,9.422450432040544e-07,0.9999990577549568,0,1,1
883,0.0,train,0.8006920020959544,0.19930799790404563,1,1,1
884,1.0,train,0.17781086947804958,0.8221891305219503,0,1,1
885,1.0,dev,0.9999888743909362,1.1125609063719468e-05,1,1,1
886,0.0,train,6.577929256610508e-07,0.9999993422070742,0,1,1
887,0.0,train,0.0016743993784362708,0.9983256006215636,0,1,1
888,1.0,train,0.9999985176423238,1.4823576760807237e-06,1,1,1
889,0.0,train,0.009268015022804993,0.9907319849771951,0,1,1
890,1.0,train,0.9974490878820301,0.0025509121179699925,1,1,1
891,1.0,train,0.9999830355725414,1.6964427458488475e-05,1,1,1
892,1.0,test,0.9780517469248845,0.021948253075115474,1,1,1
893,0.0,dev,0.0001007140262270499,0.999899285973773,0,1,1
894,0.0,train,0.712232184238947,0.2877678157610531,1,1,1
895,1.0,test,0.9999963880163467,3.6119836533246497e-06,1,1,1
896,1.0,train,0.997640339125004,0.002359660874995982,1,1,1
897,1.0,train,0.9996017869153151,0.00039821308468487973,1,1,1
898,1.0,train,0.9994557866322026,0.0005442133677975196,1,1,1
899,0.0,train,4.181185486790462e-07,0.9999995818814514,0,1,1
900,1.0,test,0.9998557401720538,0.0001442598279461936,1,1,1
901,0.0,train,1.4510482014237177e-05,0.9999854895179858,0,1,1
902,0.0,train,0.8688267762381844,0.13117322376181567,1,1,1
903,0.0,train,0.0030753703982760606,0.996924629601724,0,1,1
904,0.0,train,3.0415973283616766e-06,0.9999969584026717,0,1,1
905,1.0,train,0.9986114764660363,0.0013885235339635307,1,1,1
906,0.0,test,0.9953181778922942,0.004681822107705956,1,1,1
907,1.0,test,0.9999907765322263,9.22346777365207e-06,1,1,1
908,0.0,train,6.083592542792617e-07,0.9999993916407457,0,1,1
909,0.0,dev,0.001727458626729702,0.9982725413732704,0,1,1
910,0.0,dev,0.9999816571048954,1.834289510450201e-05,1,1,1
911,0.0,train,0.8705972751232809,0.12940272487671914,1,1,1
912,0.0,train,0.9711290949337648,0.028870905066235283,1,1,1
913,1.0,train,0.9999553059124082,4.469408759178197e-05,1,1,1
914,1.0,train,0.1311732203653401,0.8688267796346598,0,1,1
915,1.0,train,0.01941934704744286,0.980580652952557,0,1,1
916,1.0,train,0.9999990867455757,9.132544242585197e-07,1,1,1
917,0.0,test,0.9833429592585465,0.016657040741453497,1,1,1
918,1.0,dev,0.9999950630118964,4.936988103443447e-06,1,1,1
919,1.0,train,0.00011061159055414533,0.9998893884094459,0,1,1
920,1.0,train,0.9999082980145519,9.170198544803813e-05,1,1,1
921,0.0,train,1.7603437379647998e-06,0.9999982396562621,0,1,1
922,1.0,train,0.9999611688814521,3.8831118547872346e-05,1,1,1
923,0.0,train,0.8840392909114835,0.11596070908851643,1,1,1
924,0.0,dev,0.0005976695135131993,0.9994023304864867,0,1,1
925,0.0,dev,0.3557748798522984,0.6442251201477016,0,1,1
926,1.0,train,0.9999881568654742,1.1843134525882452e-05,1,1,1
927,0.0,train,0.08035747102460308,0.9196425289753969,0,1,1
928,1.0,train,0.9999940448608511,5.955139148969544e-06,1,1,1
929,0.0,train,0.001700722209038197,0.9982992777909617,0,1,1
930,0.0,train,0.012624947052548786,0.9873750529474511,0,1,1
931,0.0,train,0.999601786983527,0.00039821301647292965,1,1,1
932,1.0,train,0.9962927471531324,0.0037072528468674332,1,1,1
933,0.0,dev,0.017712296370081107,0.9822877036299188,0,1,1
934,1.0,train,0.9999979419518105,2.0580481895958367e-06,1,1,1
935,1.0,train,0.999993356566533,6.643433466908406e-06,1,1,1
936,1.0,dev,0.9999426124240253,5.7387575974793526e-05,1,1,1
937,1.0,train,0.9982453859422493,0.001754614057750651,1,1,1
938,1.0,train,0.001388523027747475,0.9986114769722525,0,1,1
939,1.0,train,0.01971912753125924,0.9802808724687407,0,1,1
940,0.0,train,0.9719924806109792,0.02800751938902078,1,1,1
941,0.0,train,0.5506073655352404,0.44939263446475963,1,1,1
942,1.0,train,0.1895210821742346,0.8104789178257654,0,1,1
943,1.0,train,0.8774767778695834,0.12252322213041655,1,1,1
944,0.0,train,0.33807713748839185,0.6619228625116081,0,1,1
945,0.0,train,0.002934951134232163,0.9970650488657679,0,1,1
946,1.0,train,0.9927672376944795,0.007232762305520407,1,1,1
947,1.0,train,0.9999992428848444,7.571151556612102e-07,1,1,1
948,1.0,train,0.999971590248164,2.8409751835959946e-05,1,1,1
949,1.0,test,0.9999947446041167,5.255395883274587e-06,1,1,1
950,1.0,dev,0.8976952989498449,0.10230470105015517,1,1,1
951,1.0,train,0.9999960945174976,3.90548250244725e-06,1,1,1
952,1.0,train,0.9857180694313358,0.014281930568664255,1,1,1
953,1.0,train,0.9304582477806521,0.06954175221934784,1,1,1
954,0.0,train,0.00013982210897885256,0.9998601778910212,0,1,1
955,0.0,train,6.302758380793257e-05,0.9999369724161921,0,1,1
956,1.0,train,0.9999741325654498,2.5867434550357745e-05,1,1,1
957,0.0,test,1.49084862062665e-07,0.999999850915138,0,1,1
958,0.0,train,2.368799410077577e-06,0.9999976312005899,0,1,1
959,0.0,train,0.0008426421582071989,0.9991573578417928,0,1,1
960,0.0,train,4.264745547618711e-05,0.9999573525445238,0,1,1
961,1.0,train,0.999998585523875,1.4144761250464272e-06,1,1,1
962,0.0,test,0.9999985632493366,1.4367506635324968e-06,1,1,1
963,0.0,train,0.997712772037084,0.002287227962916031,1,1,1
964,1.0,train,0.00027803083133891244,0.9997219691686611,0,1,1
965,1.0,train,0.9999980966159892,1.903384010792264e-06,1,1,1
966,1.0,train,0.9983256008083792,0.0016743991916208971,1,1,1
967,0.0,train,0.0033244376816282772,0.9966755623183717,0,1,1
968,0.0,test,3.426850279750447e-05,0.9999657314972025,0,1,1
969,0.0,train,2.0611536181902033e-09,0.9999999979388463,0,0,1
970,1.0,test,0.9989837559438041,0.0010162440561958437,1,1,1
971,1.0,test,0.8723473813156294,0.12765261868437058,1,1,1
972,1.0,train,0.9996017868826921,0.00039821311730799054,1,1,1
973,1.0,test,0.999993459565234,6.540434766082433e-06,1,1,1
974,1.0,train,0.048857780007109594,0.9511422199928905,0,1,1
975,1.0,test,0.9986329746594799,0.0013670253405200475,1,1,1
976,0.0,train,0.036769466075598736,0.9632305339244013,0,1,1
977,1.0,train,0.9996140339094192,0.0003859660905807735,1,1,1
978,1.0,train,0.9999892166900668,1.0783309933265013e-05,1,1,1
979,0.0,test,0.7981867777396212,0.20181322226037882,1,1,1
980,1.0,train,0.987946219507787,0.01205378049221296,1,1,1
981,0.0,dev,0.9808759664635974,0.019124033536402605,1,1,1
982,1.0,train,0.18242552825126704,0.817574471748733,0,1,1
983,0.0,train,2.15681673555904e-06,0.9999978431832643,0,1,1
984,0.0,train,0.006692851320539924,0.9933071486794601,0,1,1
985,0.0,train,3.071817446941829e-05,0.9999692818255307,0,1,1
986,0.0,train,0.026355352081369875,0.9736446479186301,0,1,1
987,1.0,train,0.9999775259201923,2.2474079807818725e-05,1,1,1
988,1.0,test,0.9999961550640531,3.8449359467989824e-06,1,1,1
989,1.0,train,0.9972850150555005,0.0027149849444994593,1,1,1
990,0.0,test,0.2068940488158881,0.7931059511841119,0,1,1
991,1.0,train,0.9999822214446928,1.777855530710767e-05,1,1,1
992,1.0,dev,0.9943580916253717,0.005641908374628352,1,1,1
993,0.0,train,0.0006070755985227887,0.9993929244014772,0,1,1
994,1.0,train,0.9998339615453051,0.00016603845469480565,1,1,1
995,0.0,train,0.9632305365632085,0.036769463436791494,1,1,1
996,1.0,train,0.9999897104912676,1.0289508732353962e-05,1,1,1
997,0.0,train,9.132550196322933e-07,0.9999990867449804,0,1,1
998,1.0,train,0.004829722175529607,0.9951702778244703,0,1,1
999,0.0,train,0.0005703156731042589,0.9994296843268958,0,1,1
1000,0.0,dev,7.18325783094273e-06,0.999992816742169,0,1,1
1001,0.0,train,0.0004373342211279888,0.9995626657788719,0,1,1
1002,1.0,train,0.9999771719931128,2.2828006887333195e-05,1,1,1
1003,1.0,train,0.9999053873719772,9.461262802272688e-05,1,1,1
1004,0.0,train,0.0011695101258020842,0.9988304898741979,0,1,1
1005,0.0,train,3.6119823077609945e-06,0.9999963880176923,0,1,1
1006,0.0,train,0.03210070393911135,0.9678992960608886,0,1,1
1007,1.0,train,0.9999973574143661,2.6425856337995667e-06,1,1,1
1008,1.0,train,0.9993436272946312,0.0006563727053688089,1,1,1
1009,0.0,train,0.0011335690050875119,0.9988664309949126,0,1,1
1010,1.0,train,0.9711290945159752,0.028870905484024743,1,1,1
1011,0.0,train,1.679730563014706e-06,0.9999983202694369,0,1,1
1012,1.0,train,1.8342887861379732e-05,0.9999816571121387,0,1,1
1013,1.0,train,0.97112909472487,0.028870905275130015,1,1,1
1014,0.0,train,0.2598256379609837,0.7401743620390163,0,1,1
1015,0.0,train,0.03676946185350724,0.9632305381464928,0,1,1
1016,1.0,train,0.9962345866625082,0.003765413337491788,1,1,1
1017,1.0,train,0.999987194519776,1.280548022387084e-05,1,1,1
1018,0.0,train,0.00013982202565005882,0.9998601779743499,0,1,1
1019,0.0,train,0.9653811581728098,0.034618841827190314,1,1,1
1020,1.0,dev,0.9263037343628702,0.07369626563712976,1,1,1
1021,1.0,train,0.9999966068556041,3.3931443958432217e-06,1,1,1
1022,1.0,train,0.9999989811903102,1.0188096897406738e-06,1,1,1
1023,0.0,train,9.170198818071969e-05,0.9999082980118194,0,1,1
1024,0.0,train,2.430023060467757e-05,0.9999756997693953,0,1,1
1025,1.0,train,0.9833429610891077,0.016657038910892465,1,1,1
1026,0.0,train,0.9702399026119352,0.029760097388064784,1,1,1
1027,1.0,train,0.9996749642637048,0.00032503573629522764,1,1,1
1028,1.0,train,0.945801267121407,0.05419873287859291,1,1,1
1029,0.0,train,0.015663651009174048,0.9843363489908259,0,1,1
1030,0.0,train,0.15203224930631218,0.8479677506936879,0,1,1
1031,1.0,train,0.9996485615822868,0.0003514384177132604,1,1,1
1032,1.0,test,0.9999832985724902,1.6701427509807257e-05,1,1,1
1033,1.0,dev,0.012624947052548786,0.9873750529474511,0,1,1
1034,1.0,train,0.9449947148047776,0.05500528519522228,1,1,1
1035,0.0,train,0.1242130018680137,0.8757869981319862,0,1,1
1036,1.0,train,0.9998665799841204,0.00013342001587947404,1,1,1
1037,1.0,train,0.9997658641351106,0.00023413586488930352,1,1,1
1038,1.0,train,0.9999830355739319,1.6964426068168948e-05,1,1,1
1039,0.0,dev,5.093704699623066e-06,0.9999949062953004,0,1,1
1040,1.0,train,0.9999977040816422,2.2959183576644197e-06,1,1,1
1041,0.0,train,5.649792991641406e-05,0.9999435020700836,0,1,1
1042,0.0,dev,0.9992083703632492,0.0007916296367508992,1,1,1
1043,0.0,train,0.01363683488056266,0.9863631651194373,0,1,1
1044,1.0,train,0.9998686482039133,0.00013135179608674916,1,1,1
1045,0.0,train,0.0005357806181421465,0.9994642193818579,0,1,1
1046,1.0,train,0.999958013697081,4.198630291907841e-05,1,1,1
1047,1.0,train,0.9838471677827476,0.016152832217252364,1,1,1
1048,1.0,train,0.9999452402408027,5.4759759197282517e-05,1,1,1
1049,1.0,train,0.2782567817320044,0.7217432182679956,0,1,1
1050,1.0,train,0.9999307781370758,6.92218629242886e-05,1,1,1
1051,0.0,train,0.4960938294709195,0.5039061705290805,0,1,1
1052,1.0,dev,0.999953887255293,4.6112744707132287e-05,1,1,1
1053,1.0,train,0.9999955745077128,4.425492287204965e-06,1,1,1
1054,0.0,train,0.1347759104723777,0.8652240895276224,0,1,1
1055,1.0,train,0.9999840633821276,1.5936617872459334e-05,1,1,1
1056,0.0,train,0.00024156629828672453,0.9997584337017134,0,1,1
1057,1.0,train,0.999999730042118,2.699578820488655e-07,1,1,1
1058,1.0,test,0.9966755628367913,0.003324437163208711,1,1,1
1059,1.0,train,0.06954174836258788,0.9304582516374122,0,1,1
1060,1.0,train,0.9991169542541032,0.000883045745896939,1,1,1
1061,0.0,train,0.001957016998404144,0.9980429830015959,0,1,1
1062,0.0,train,0.0002066299049219404,0.999793370095078,0,1,1
1063,0.0,train,0.14608723217744246,0.8539127678225575,0,1,1
1064,1.0,dev,0.32423539898095244,0.6757646010190476,0,1,1
1065,1.0,train,0.9994023305576919,0.0005976694423080281,1,1,1
1066,1.0,train,0.992062007600115,0.00793799239988497,1,1,1
1067,1.0,train,0.9998623454268134,0.00013765457318653434,1,1,1
1068,1.0,train,0.9999038975612322,9.610243876785116e-05,1,1,1
1069,1.0,dev,0.9664104938661856,0.03358950613381431,1,1,1
1070,1.0,train,0.9995891513721011,0.0004108486278988243,1,1,1
1071,0.0,train,0.5851011686727232,0.41489883132727684,1,1,1
1072,0.0,train,7.002169365117068e-07,0.9999992997830636,0,1,1
1073,0.0,train,0.0414622703425332,0.9585377296574669,0,1,1
1074,1.0,train,0.9997262784206022,0.0002737215793977747,1,1,1
1075,1.0,train,0.40356685373537454,0.5964331462646254,0,1,1
1076,0.0,train,0.000527478349675993,0.9994725216503241,0,1,1
1077,1.0,train,0.05261895334771377,0.9473810466522863,0,1,1
1078,0.0,dev,0.00010554683279263808,0.9998944531672074,0,1,1
1079,0.0,train,0.00013342006656960536,0.9998665799334305,0,1,1
1080,1.0,train,0.9999546021194596,4.539788054031529e-05,1,1,1
1081,0.0,train,0.02262920266960349,0.9773707973303966,0,1,1
1082,0.0,train,0.005554923715910945,0.9944450762840892,0,1,1
1083,0.0,test,0.10374863795103806,0.8962513620489618,0,1,1
1084,0.0,train,0.004264633932863341,0.9957353660671365,0,1,1
1085,1.0,train,0.9999706884690839,2.9311530916246914e-05,1,1,1
1086,0.0,train,0.00017952803353946743,0.9998204719664606,0,1,1
1087,1.0,train,0.8976952893703478,0.10230471062965231,1,1,1
1088,1.0,test,0.9999203270150687,7.967298493139414e-05,1,1,1
1089,0.0,train,0.0008040857919630916,0.999195914208037,0,1,1
1090,0.0,test,5.014733926153158e-06,0.9999949852660739,0,1,1
1091,1.0,train,0.9678992965238714,0.032100703476128575,1,1,1
1092,1.0,train,0.9736446496393173,0.026355350360682723,1,1,1
1093,0.0,train,0.0015731119781144296,0.9984268880218855,0,1,1
1094,0.0,train,6.339212293197862e-06,0.9999936607877067,0,1,1
1095,1.0,train,0.9999443779213093,5.5622078690626644e-05,1,1,1
1096,1.0,train,0.9994385212914889,0.0005614787085111375,1,1,1
1097,0.0,train,0.5926665855647394,0.40733341443526055,1,1,1
1098,0.0,train,0.013428256321245734,0.9865717436787542,0,1,1
1099,1.0,train,0.9996646499319765,0.00033535006802360177,1,1,1
1100,0.0,test,0.0010987310729246428,0.9989012689270753,0,1,1
1101,0.0,test,0.29098086621490676,0.7090191337850932,0,1,1
1102,1.0,dev,0.9999987710821442,1.2289178557220825e-06,1,1,1
1103,1.0,train,0.9994806950349601,0.0005193049650398876,1,1,1
1104,0.0,train,0.926303724190573,0.07369627580942689,1,1,1
1105,1.0,test,0.9732407140980368,0.02675928590196323,1,1,1
1106,0.0,test,7.338212429600956e-07,0.9999992661787569,0,1,1
1107,1.0,train,0.9995487894417471,0.0004512105582530442,1,1,1
1108,1.0,test,0.00010229983033812686,0.9998977001696618,0,1,1
1109,1.0,train,0.9924227596285723,0.007577240371427665,1,1,1
1110,0.0,train,0.003376612181157308,0.9966233878188427,0,1,1
1111,1.0,test,0.025957363225871038,0.9740426367741291,0,1,1
1112,0.0,train,0.2909808785120009,0.7090191214879991,0,1,1
1113,1.0,train,0.868826769445233,0.13117323055476698,1,1,1
1114,0.0,dev,1.3709575337191046e-06,0.9999986290424662,0,1,1
1115,0.0,train,0.00045121073130666096,0.9995487892686934,0,1,1
1116,1.0,train,0.9999804741063537,1.952589364627181e-05,1,1,1
1117,1.0,train,0.8887587993853655,0.11124120061463459,1,1,1
1118,1.0,dev,0.9989677690093419,0.001032230990658129,1,1,1
1119,1.0,test,0.9986114766726552,0.0013885233273447102,1,1,1
1120,0.0,train,3.169326009620932e-05,0.9999683067399038,0,1,1
1121,1.0,train,0.20181322226037882,0.7981867777396212,0,1,1
1122,1.0,test,0.9999943175652105,5.68243478949851e-06,1,1,1
1123,1.0,train,0.9284087995650284,0.07159120043497155,1,1,1
1124,0.0,train,0.0008559006367452269,0.9991440993632549,0,1,1
1125,1.0,test,0.999998517641385,1.4823586148557832e-06,1,1,1
1126,0.0,test,1.5057019946446015e-06,0.9999984942980055,0,1,1
1127,0.0,dev,0.9985896412567926,0.0014103587432075307,1,1,1
1128,1.0,train,0.02800752060598813,0.9719924793940118,0,1,1
1129,0.0,train,0.0020829704423314895,0.9979170295576685,0,1,1
1130,1.0,train,0.999998096614876,1.9033851240237755e-06,1,1,1
1131,1.0,train,0.014503578839439351,0.9854964211605606,0,1,1
1132,1.0,train,0.9999389114498938,6.108855010625098e-05,1,1,1
1133,1.0,train,0.6926419704455589,0.3073580295544412,1,1,1
1134,1.0,test,0.8705972650509008,0.12940273494909915,1,1,1
1135,0.0,train,1.922316679923386e-05,0.9999807768332007,0,1,1
1136,0.0,train,0.0012644217188288657,0.998735578281171,0,1,1
1137,1.0,train,0.9969721652678122,0.003027834732187687,1,1,1
1138,0.0,train,0.9947798744225114,0.005220125577488575,1,1,1
1139,0.0,train,1.5689555806237086e-05,0.9999843104441937,0,1,1
1140,1.0,train,0.9989350370743076,0.001064962925692461,1,1,1
1141,0.0,train,1.0129994603604953e-05,0.9999898700053963,0,1,1
1142,0.0,train,0.6825737473266735,0.31742625267332647,1,1,1
1143,0.0,dev,4.936990420788501e-06,0.9999950630095792,0,1,1
1144,0.0,train,0.000544213521792501,0.9994557864782075,0,1,1
1145,0.0,test,0.00012931562027904088,0.999870684379721,0,1,1
1146,1.0,train,0.9999263140957152,7.368590428465613e-05,1,1,1
1147,1.0,dev,0.9998623454186099,0.00013765458139025708,1,1,1
1148,1.0,train,0.9953181775451042,0.004681822454895771,1,1,1
1149,1.0,train,0.9086178994073576,0.0913821005926424,1,1,1
1150,0.0,train,0.003649987681496205,0.9963500123185037,0,1,1
1151,0.0,test,7.112436985392046e-07,0.9999992887563014,0,1,1
1152,0.0,train,0.0025909789023265705,0.9974090210976734,0,1,1
1153,0.0,train,0.35577489351363034,0.6442251064863697,0,1,1
1154,0.0,train,2.1782656354705594e-05,0.9999782173436453,0,1,1
1155,0.0,train,0.9999190724339811,8.092756601882341e-05,1,1,1
1156,1.0,dev,0.9991832617919696,0.0008167382080304075,1,1,1
1157,1.0,train,0.9999964991467853,3.500853214569541e-06,1,1,1
1158,0.0,train,1.7704259651207305e-07,0.9999998229574034,0,1,1
1159,1.0,train,0.9971990730536892,0.0028009269463108925,1,1,1
1160,0.0,train,0.904650527388829,0.09534947261117097,1,1,1
1161,1.0,test,0.03622005794566347,0.9637799420543365,0,1,1
1162,1.0,train,0.9999203269966681,7.967300333183999e-05,1,1,1
1163,0.0,train,0.00037409578304623757,0.9996259042169539,0,1,1
1164,0.0,train,1.045155178946419e-05,0.9999895484482105,0,1,1
1165,0.0,train,7.934492860980043e-07,0.9999992065507138,0,1,1
1166,0.0,train,0.0002780308479062344,0.9997219691520938,0,1,1
1167,0.0,train,0.9999933565696019,6.64343039808844e-06,1,1,1
1168,0.0,train,1.5143251640876224e-07,0.9999998485674836,0,1,1
1169,0.0,train,4.965282302696859e-07,0.9999995034717698,0,1,1
1170,0.0,train,0.0001634646732292071,0.9998365353267707,0,1,1
1171,1.0,train,0.8757869981319862,0.1242130018680137,1,1,1
1172,1.0,train,0.9996430292426627,0.00035697075733737675,1,1,1
1173,0.0,train,0.0008559005348012546,0.9991440994651987,0,1,1
1174,1.0,train,0.999927456379608,7.254362039200064e-05,1,1,1
1175,1.0,train,0.9962345859358374,0.0037654140641627046,1,1,1
1176,0.0,train,0.009412589865486466,0.9905874101345136,0,1,1
1177,0.0,train,0.999762178007819,0.0002378219921811475,1,1,1
1178,0.0,dev,0.0012065896763306019,0.9987934103236694,0,1,1
1179,1.0,train,0.9999859359585395,1.4064041460594252e-05,1,1,1
1180,0.0,test,2.931152982433932e-05,0.9999706884701756,0,1,1
1181,1.0,train,0.9975273768249882,0.0024726231750117,1,1,1
1182,1.0,train,0.9999955745104658,4.425489534015344e-06,1,1,1
1183,1.0,train,0.9999981261240161,1.8738759839929303e-06,1,1,1
1184,1.0,train,0.9999907765294774,9.223470522434726e-06,1,1,1
1185,0.0,train,1.1300807659861063e-05,0.9999886991923402,0,1,1
1186,0.0,test,0.04272220120296847,0.9572777987970316,0,1,1
1187,1.0,train,0.9390248131626427,0.06097518683735731,1,1,1
1188,0.0,train,0.7248702761768248,0.2751297238231752,1,1,1
1189,1.0,train,0.41489884579676883,0.5851011542032312,0,1,1
1190,1.0,test,0.9946981061915023,0.005301893808497774,1,1,1
1191,1.0,test,0.9817357193770435,0.018264280622956586,1,1,1
1192,1.0,train,0.999998585523809,1.4144761909130128e-06,1,1,1
1193,0.0,train,0.9999949062951674,5.093704832451091e-06,1,1,1
1194,0.0,test,0.019719126379084587,0.9802808736209153,0,1,1
1195,0.0,train,1.2167952872459693e-07,0.9999998783204712,0,1,1
1196,0.0,train,0.8633916205190225,0.13660837948097748,1,1,1
1197,0.0,train,0.5583269943353745,0.44167300566462553,1,1,1
1198,0.0,train,1.618758433066986e-05,0.9999838124156695,0,1,1
1199,0.0,train,0.7401743563075446,0.25982564369245537,1,1,1
1200,1.0,train,0.9999068541139855,9.314588601445794e-05,1,1,1
1201,1.0,train,0.053403329799824234,0.9465966702001757,0,1,1
1202,1.0,dev,0.8688267864276108,0.13117321357238923,1,1,1
1203,0.0,train,0.00439941211844933,0.9956005878815508,0,1,1
1204,1.0,train,0.03622005690531909,0.9637799430946808,0,1,1
1205,1.0,train,0.9999724643095008,2.7535690499129764e-05,1,1,1
1206,0.0,train,0.045352584425245944,0.954647415574754,0,1,1
1207,1.0,train,0.9553191271831558,0.04468087281684414,1,1,1
1208,0.0,test,2.977311527138775e-05,0.9999702268847287,0,1,1
1209,0.0,train,5.475977633201084e-05,0.999945240223668,0,1,1
1210,1.0,train,0.9989677691706803,0.001032230829319728,1,1,1
1211,1.0,test,0.9995197027359228,0.0004802972640772879,1,1,1
1212,1.0,train,0.6297746074044134,0.3702253925955866,1,1,1
1213,1.0,test,0.9999990723631679,9.276368322571945e-07,1,1,1
1214,1.0,train,0.22815651265736978,0.7718434873426302,0,1,1
1215,1.0,train,0.8289388083214156,0.17106119167858438,1,1,1
1216,1.0,train,0.9992206339011771,0.0007793660988230478,1,1,1
1217,1.0,train,0.9999942280804429,5.771919557120361e-06,1,1,1
1218,0.0,dev,0.05419873287859291,0.945801267121407,0,1,1
1219,0.0,train,0.9998511615102201,0.00014883848977987384,1,1,1
1220,0.0,train,0.17781086076419853,0.8221891392358014,0,1,1
1221,1.0,train,4.683888983289347e-05,0.9999531611101671,0,1,1
1222,1.0,train,0.006589772833658652,0.9934102271663413,0,1,1
1223,1.0,dev,0.9936116785227671,0.0063883214772329526,1,1,1
1224,1.0,train,0.9921841107484892,0.007815889251510779,1,1,1
1225,1.0,train,0.9999968124335484,3.1875664515837808e-06,1,1,1
1226,1.0,dev,0.9859363753328515,0.014063624667148581,1,1,1
1227,0.0,dev,1.4285517650093405e-05,0.9999857144823499,0,1,1
1228,1.0,train,0.9999971426839139,2.857316086106928e-06,1,1,1
1229,0.0,train,0.9983515171685058,0.001648482831494119,1,1,1
1230,0.0,train,2.0611536181902033e-09,0.9999999979388463,0,0,1
1231,0.0,train,0.7057850154599563,0.2942149845400438,1,1,1
1232,1.0,train,0.9999760764944782,2.392350552180822e-05,1,1,1
1233,0.0,train,0.0003920416490875499,0.9996079583509124,0,1,1
1234,1.0,train,0.9973269935501048,0.002673006449895153,1,1,1
1235,0.0,train,0.983342962187444,0.01665703781255594,1,1,1
1236,1.0,train,0.9998686481902141,0.00013135180978601023,1,1,1
1237,1.0,train,0.9998858775916016,0.00011412240839834944,1,1,1
1238,1.0,train,0.00045121069098348214,0.9995487893090165,0,1,1
1239,1.0,train,0.9999979738577159,2.026142284039553e-06,1,1,1
1240,1.0,train,0.006097562915029175,0.9939024370849707,0,1,1
1241,1.0,train,1.788064482422771e-06,0.9999982119355175,0,1,1
1242,0.0,train,0.001032230913830316,0.9989677690861697,0,1,1
1243,1.0,train,0.9999930377405337,6.962259466233502e-06,1,1,1
1244,1.0,train,0.9994115912603083,0.0005884087396916045,1,1,1
1245,1.0,train,0.9481545318852121,0.05184546811478794,1,1,1
1246,1.0,train,0.018833133194638092,0.9811668668053619,0,1,1
1247,1.0,train,0.9998804014584797,0.00011959854152037395,1,1,1
1248,1.0,train,0.9994966643570785,0.0005033356429214004,1,1,1
1249,0.0,train,0.001700722411435288,0.9982992775885648,0,1,1
1250,1.0,train,0.9973269936096915,0.0026730063903085063,1,1,1
1251,1.0,train,0.9658995725698595,0.034100427430140565,1,1,1
1252,1.0,dev,0.9999801666406974,1.9833359302508754e-05,1,1,1
1253,1.0,train,0.8333246035907932,0.16667539640920673,1,1,1
1254,0.0,test,3.269928511613684e-05,0.9999673007148839,0,1,1
1255,0.0,train,0.002757622367395409,0.9972423776326046,0,1,1
1256,1.0,test,0.9304582506732222,0.06954174932677785,1,1,1
1257,0.0,train,0.13296424706933604,0.867035752930664,0,1,1
1258,0.0,train,0.0009547314836721299,0.9990452685163278,0,1,1
1259,1.0,train,0.8577681122619883,0.1422318877380116,1,1,1
1260,1.0,train,0.9996698472134267,0.0003301527865732409,1,1,1
1261,0.0,test,0.9981613345892459,0.0018386654107540037,1,1,1
1262,0.0,train,0.0002305068181458898,0.9997694931818542,0,1,1
1263,1.0,train,0.9759464476302805,0.0240535523697195,1,1,1
1264,0.0,train,0.00011412243305360594,0.9998858775669465,0,1,1
1265,0.0,train,0.411110869232168,0.588889130767832,0,1,1
1266,0.0,train,0.978384665819261,0.02161533418073899,1,1,1
1267,0.0,dev,0.0005193048490264732,0.9994806951509734,0,1,1
1268,1.0,dev,0.9999928167376735,7.1832623265449245e-06,1,1,1
1269,0.0,train,0.8221891305219503,0.17781086947804958,1,1,1
1270,0.0,dev,0.002934951570290418,0.9970650484297097,0,1,1
1271,0.0,train,0.0003920416724458928,0.9996079583275541,0,1,1
1272,0.0,train,0.008711383428274195,0.9912886165717258,0,1,1
1273,1.0,train,0.10087862273005653,0.8991213772699436,0,1,1
1274,0.0,train,3.905485601385321e-06,0.9999960945143986,0,1,1
1275,0.0,train,2.8409736172892467e-05,0.999971590263827,0,1,1
1276,1.0,train,0.9989012687471772,0.001098731252822838,1,1,1
1277,0.0,train,1.742978267206484e-07,0.9999998257021734,0,1,1
1278,1.0,train,0.9886682463016957,0.011331753698304303,1,1,1
1279,1.0,train,0.9995044639528011,0.0004955360471989871,1,1,1
1280,1.0,train,0.9925393571981167,0.007460642801883188,1,1,1
1281,0.0,train,0.672331699179286,0.3276683008207139,1,1,1
1282,0.0,train,0.6959583250334526,0.30404167496654744,1,1,1
1283,1.0,train,0.5660185351961015,0.43398146480389854,1,1,1
1284,1.0,train,0.998774432806977,0.0012255671930231306,1,1,1
1285,1.0,dev,0.7905303137346446,0.20946968626535545,1,1,1
1286,0.0,train,0.0010484692983750673,0.998951530701625,0,1,1
1287,1.0,train,0.9773708011204604,0.02262919887953962,1,1,1
1288,1.0,train,0.9999970519827381,2.9480172617924495e-06,1,1,1
1289,0.0,train,0.07477004496967066,0.9252299550303292,0,1,1
1290,0.0,train,5.093707432086013e-06,0.999994906292568,0,1,1
1291,0.0,train,1.3211955866426854e-05,0.9999867880441334,0,1,1
1292,1.0,train,0.9848109519721543,0.01518904802784566,1,1,1
1293,1.0,train,0.99957611526432,0.00042388473568005244,1,1,1
1294,0.0,train,0.0021827168347934166,0.9978172831652067,0,1,1
1295,1.0,test,0.998848600425754,0.0011513995742459318,1,1,1
1296,1.0,train,0.9999959705447496,4.0294552504039324e-06,1,1,1
1297,1.0,train,0.9999477477187496,5.225228125042148e-05,1,1,1
1298,1.0,train,0.01243165231673086,0.9875683476832692,0,1,1
1299,1.0,test,0.9902915215128427,0.00970847848715727,1,1,1
1300,1.0,train,0.9923043540733151,0.007695645926684822,1,1,1
1301,1.0,train,0.9873750501611817,0.012624949838818374,1,1,1
1302,0.0,train,0.9830850869810619,0.016914913018938098,1,1,1
1303,0.0,train,0.9999956431199354,4.356880064620236e-06,1,1,1
1304,1.0,train,0.9999651918751863,3.4808124813763406e-05,1,1,1
1305,1.0,train,0.999997142683403,2.857316597033445e-06,1,1,1
1306,0.0,train,0.0003459916856405105,0.9996540083143594,0,1,1
1307,1.0,train,0.9912886157353129,0.008711384264687127,1,1,1
1308,1.0,train,0.7745833737577158,0.2254166262422842,1,1,1
1309,1.0,dev,0.0166570361040326,0.9833429638959673,0,1,1
1310,0.0,train,5.42221832364085e-06,0.9999945777816764,0,1,1
1311,1.0,train,0.9999893838692426,1.0616130757246163e-05,1,1,1
1312,0.0,train,3.7479917265750277e-07,0.9999996252008273,0,1,1
1313,1.0,train,0.9999980361947286,1.963805271514004e-06,1,1,1
1314,1.0,train,0.9978510509719989,0.002148949028001233,1,1,1
1315,0.0,dev,0.004905405705722035,0.9950945942942779,0,1,1
1316,0.0,train,0.9999986502969478,1.3497030521249704e-06,1,1,1
1317,0.0,test,0.12085323882332893,0.879146761176671,0,1,1
1318,1.0,train,0.9999307781914829,6.922180851718265e-05,1,1,1
1319,1.0,train,0.9998557401215445,0.00014425987845543027,1,1,1
1320,0.0,train,0.15203224930631218,0.8479677506936879,0,1,1
1321,1.0,train,0.0017274582412796543,0.9982725417587203,0,1,1
1322,1.0,test,0.9835969653201024,0.016403034679897597,1,1,1
1323,1.0,train,0.9998557401328285,0.00014425986717145033,1,1,1
1324,1.0,train,0.9998960892856666,0.00010391071433334256,1,1,1
1325,0.0,train,0.00806199200492975,0.9919380079950701,0,1,1
1326,1.0,train,0.9920620052531876,0.007937994746812444,1,1,1
1327,0.0,train,0.00011591933973206588,0.999884080660268,0,1,1
1328,1.0,train,0.9953181778228561,0.004681822177143916,1,1,1
1329,1.0,train,0.9999952890890812,4.710910918818542e-06,1,1,1
1330,0.0,train,0.9966755626146114,0.0033244373853885153,1,1,1
1331,1.0,test,0.9848109517492577,0.01518904825074231,1,1,1
1332,1.0,train,0.9999903338888674,9.666111132549564e-06,1,1,1
1333,1.0,train,0.14414886038616348,0.8558511396138365,0,1,1
1334,1.0,train,0.999998790134551,1.209865449158478e-06,1,1,1
1335,0.0,train,0.7185944046238981,0.2814055953761018,1,1,1
1336,0.0,train,0.0034296044333926314,0.9965703955666073,0,1,1
1337,1.0,train,0.9999932519455191,6.748054480951596e-06,1,1,1
1338,1.0,dev,0.9999898700085664,1.0129991433715231e-05,1,1,1
1339,0.0,train,0.00040448135324676056,0.9995955186467533,0,1,1
1340,0.0,dev,2.4300239294907624e-05,0.9999756997607051,0,1,1
1341,0.0,train,0.9984021545178684,0.0015978454821314891,1,1,1
1342,1.0,train,0.999970226891605,2.9773108394956437e-05,1,1,1
1343,0.0,train,1.2482706717907103e-06,0.9999987517293282,0,1,1
1344,0.0,dev,0.009412590699116439,0.9905874093008834,0,1,1
1345,1.0,dev,2.4061016226454805e-06,0.9999975938983774,0,1,1
1346,1.0,train,0.9572778000158576,0.04272219998414247,1,1,1
1347,0.0,train,0.9664104919313442,0.03358950806865571,1,1,1
1348,0.0,train,0.9362850075259039,0.0637149924740961,1,1,1
1349,1.0,train,7.811484703173676e-07,0.9999992188515296,0,1,1
1350,0.0,test,0.9997997262288063,0.00020027377119371034,1,1,1
1351,,,0.004681823010399528,0.9953181769896003,0,1,1
1352,0.0,train,0.000379984412870817,0.9996200155871292,0,1,1
1353,1.0,test,0.9999970976866526,2.902313347513753e-06,1,1,1
1354,1.0,train,0.998426887553799,0.0015731124462008898,1,1,1
1355,1.0,train,0.9999509133683014,4.908663169859672e-05,1,1,1
1356,0.0,train,0.007815890407066279,0.9921841095929338,0,1,1
1357,1.0,train,0.9998822553945587,0.00011774460544130565,1,1,1
1358,0.0,train,0.006388320531380201,0.9936116794686198,0,1,1
1359,1.0,train,0.8128673178375735,0.1871326821624266,1,1,1
1360,1.0,train,0.9997933702582327,0.0002066297417673718,1,1,1
1361,1.0,test,0.9893474898669712,0.010652510133028828,1,1,1
1362,0.0,train,0.5195213219520929,0.480478678047907,1,1,1
1363,0.0,train,0.9817357205793903,0.018264279420609722,1,1,1
1364,1.0,train,0.9945307255634067,0.005469274436593386,1,1,1
1365,0.0,train,0.3702253925955866,0.6297746074044134,0,1,1
1366,0.0,train,5.225225594661073e-05,0.9999477477440534,0,1,1
1367,1.0,train,0.031143830534778462,0.9688561694652216,0,1,1
1368,0.0,dev,1.01299933960278e-05,0.999989870006604,0,1,1
1369,1.0,train,0.010013568259658745,0.9899864317403412,0,1,1
1370,0.0,train,0.0003740955601512566,0.9996259044398488,0,1,1
1371,0.0,dev,3.6478548546856734e-05,0.9999635214514533,0,1,1
1372,0.0,train,0.00012339456127826798,0.9998766054387216,0,1,1
1373,1.0,train,0.0321007030131458,0.9678992969868543,0,1,1
1374,0.0,dev,0.9999285809631218,7.141903687819749e-05,1,1,1
1375,1.0,train,0.9999977040798206,2.295920179441948e-06,1,1,1
1376,1.0,dev,0.9678992937459746,0.03210070625402536,1,1,1
1377,1.0,test,0.9999967112505547,3.288749445257165e-06,1,1,1
1378,1.0,train,0.8289388040954683,0.1710611959045317,1,1,1
1379,1.0,train,0.9968273166626846,0.0031726833373152056,1,1,1
1380,0.0,train,3.446580117107048e-06,0.9999965534198829,0,1,1
1381,1.0,train,0.9985220566954239,0.0014779433045761234,1,1,1
1382,1.0,dev,0.999999310638708,6.893612920557257e-07,1,1,1
1383,0.0,train,0.9980732650501198,0.0019267349498801579,1,1,1
1384,1.0,train,0.8152324938410784,0.1847675061589216,1,1,1
1385,0.0,test,0.44939263446475963,0.5506073655352404,0,1,1
1386,0.0,train,8.186365374425315e-07,0.9999991813634626,0,1,1
1387,0.0,test,4.7576448585291146e-05,0.9999524235514148,0,1,1
1388,0.0,train,0.8459424373085146,0.15405756269148546,1,1,1
1389,1.0,train,0.9998785182173294,0.00012148178267057524,1,1,1
1390,1.0,train,0.9314625041141347,0.06853749588586538,1,1,1
1391,1.0,train,0.9978172831652067,0.0021827168347934166,1,1,1
1392,0.0,train,0.00021995337243206476,0.9997800466275678,0,1,1
1393,1.0,train,0.999817645465407,0.00018235453459304181,1,1,1
1394,1.0,train,0.9999683067321116,3.169326788835853e-05,1,1,1
1395,1.0,train,0.9149009642742806,0.0850990357257195,1,1,1
1396,0.0,train,0.028870905275130015,0.97112909472487,0,1,1
1397,0.0,train,0.00044421845155144903,0.9995557815484486,0,1,1
1398,0.0,test,0.6723316860482762,0.3276683139517237,1,1,1
1399,1.0,test,0.999995063010131,4.93698986903958e-06,1,1,1
1400,1.0,train,0.9999871945206347,1.28054793652075e-05,1,1,1
1401,0.0,train,0.0003301527447699405,0.99966984725523,0,1,1
1402,1.0,train,0.9973269938083136,0.0026730061916863594,1,1,1
1403,0.0,train,0.11596071519881657,0.8840392848011833,0,1,1
1404,0.0,train,9.422447062313457e-07,0.9999990577552939,0,1,1
1405,1.0,train,0.9999977747182317,2.2252817682622025e-06,1,1,1
1406,1.0,train,0.904650527388829,0.09534947261117097,1,1,1
1407,0.0,train,0.0013670257677108983,0.9986329742322891,0,1,1
1408,0.0,train,0.00013135182837786677,0.9998686481716221,0,1,1
1409,1.0,test,0.9927672373734885,0.007232762626511519,1,1,1
1410,1.0,dev,0.9805806498312911,0.019419350168708813,1,1,1
1411,1.0,train,0.9999925887224195,7.411277580430444e-06,1,1,1
1412,1.0,train,0.9948603888262386,0.0051396111737613956,1,1,1
1413,1.0,train,0.9999965534210642,3.4465789358762663e-06,1,1,1
1414,1.0,train,0.9999981261240789,1.8738759211664608e-06,1,1,1
1415,0.0,test,0.25091277568224823,0.7490872243177518,0,1,1
1416,1.0,train,0.7057850402140659,0.2942149597859341,1,1,1
1417,1.0,train,0.8887588038050466,0.1112411961949534,1,1,1
1418,1.0,train,0.031143834131786927,0.968856165868213,0,1,1
1419,1.0,train,0.06853749112940687,0.9314625088705931,0,1,1
1420,0.0,train,0.00011235322707052048,0.9998876467729295,0,1,1
1421,1.0,train,0.008847354037574723,0.9911526459624252,0,1,1
1422,0.0,train,0.002550912345457534,0.9974490876545425,0,1,1
1423,0.0,train,4.68389009996333e-05,0.9999531610990005,0,1,1
1424,1.0,dev,0.9999733114801704,2.6688519829483386e-05,1,1,1
1425,1.0,train,0.0003514384308007609,0.9996485615691992,0,1,1
1426,1.0,train,0.9967775160349777,0.003222483965022314,1,1,1
1427,0.0,train,0.9964063970050677,0.0035936029949323535,1,1,1
1428,1.0,train,0.9995121428227219,0.0004878571772779521,1,1,1
1429,1.0,train,0.9978172834735197,0.002182716526480224,1,1,1
1430,0.0,train,0.9991832617433278,0.0008167382566720396,1,1,1
1431,0.0,train,1.3363888836911622e-07,0.9999998663611117,0,1,1
1432,1.0,train,0.9999798543100477,2.0145689952372e-05,1,1,1
1433,1.0,train,0.9998118579630365,0.00018814203696359953,1,1,1
1434,0.0,train,0.8479677545357569,0.15203224546424318,1,1,1
1435,0.0,train,1.3709572885731522e-06,0.9999986290427113,0,1,1
1436,1.0,train,0.9999850289136861,1.497108631385515e-05,1,1,1
1437,0.0,train,0.0025114632151719963,0.997488536784828,0,1,1
1438,1.0,train,0.9999227781063973,7.722189360262495e-05,1,1,1
1439,0.0,train,0.007815887171511304,0.9921841128284886,0,1,1
1440,0.0,train,0.0004373345468249956,0.9995626654531751,0,1,1
1441,0.0,train,2.507159982536782e-05,0.9999749284001745,0,1,1
1442,1.0,train,0.9032942171172603,0.09670578288273966,1,1,1
1443,1.0,train,0.999985261011327,1.4738988673050084e-05,1,1,1
1444,1.0,train,0.987375051461441,0.012624948538559158,1,1,1
1445,0.0,test,2.4682905878786767e-05,0.9999753170941212,0,1,1
1446,1.0,test,0.9996317020136374,0.0003682979863625652,1,1,1
1447,0.0,train,2.0611536181902033e-09,0.9999999979388463,0,0,1
1448,0.0,train,0.002844909411348384,0.9971550905886517,0,1,1
1449,0.0,train,0.480478678047907,0.5195213219520929,0,1,1
1450,0.0,test,0.8128673178375735,0.1871326821624266,1,1,1
1451,0.0,train,0.04336579629119585,0.956634203708804,0,1,1
1452,1.0,train,0.3311197396289915,0.6688802603710086,0,1,1
1453,0.0,train,0.001477942980215951,0.9985220570197841,0,1,1
1454,0.0,train,0.0038844773559830025,0.9961155226440171,0,1,1
1455,1.0,train,0.8962513689768735,0.10374863102312648,1,1,1
1456,0.0,train,0.0010322308523680697,0.998967769147632,0,1,1
1457,1.0,train,0.9997086298025952,0.00029137019740480864,1,1,1
1458,0.0,train,0.11124121534690626,0.8887587846530938,0,1,1
1459,1.0,train,0.9999845536899773,1.544631002271518e-05,1,1,1
1460,0.0,dev,6.30275575124383e-05,0.9999369724424875,0,1,1
1461,0.0,train,0.037326884131416216,0.9626731158685837,0,1,1
1462,0.0,train,0.9196425355825848,0.08035746441741523,1,1,1
1463,1.0,train,0.9994296843056619,0.0005703156943380568,1,1,1
1464,0.0,train,0.31069438321455395,0.689305616785446,0,1,1
1465,1.0,train,0.746138993030751,0.25386100696924885,1,1,1
1466,0.0,train,0.00017674516970246908,0.9998232548302974,0,1,1
1467,1.0,train,0.9999980052703231,1.994729676941463e-06,1,1,1
1468,0.0,train,1.3211959803845102e-05,0.999986788040196,0,1,1
1469,1.0,train,0.12421301159407334,0.8757869884059266,0,1,1
1470,0.0,train,0.1422318950098963,0.8577681049901036,0,1,1
1471,1.0,train,0.9999989154831574,1.0845168426277718e-06,1,1,1
1472,1.0,train,0.9999469249215756,5.307507842438322e-05,1,1,1
1473,0.0,train,0.3849121585956185,0.6150878414043816,0,1,1
1474,1.0,train,0.008985429283321125,0.991014570716679,0,1,1
1475,1.0,train,0.30735800417608683,0.6926419958239132,0,1,1
1476,1.0,dev,0.008985430610223633,0.9910145693897764,0,1,1
1477,1.0,test,0.9999957771678296,4.2228321704317785e-06,1,1,1
1478,1.0,train,0.9999756997590756,2.43002409243261e-05,1,1,1
1479,1.0,train,0.18010666408646395,0.8198933359135361,0,1,1
1480,1.0,train,0.9986749775827868,0.0013250224172131609,1,1,1
1481,0.0,test,6.577927296236407e-07,0.9999993422072703,0,1,1
1482,1.0,train,0.999402330611096,0.0005976693889041553,1,1,1
1483,0.0,train,0.019719129835608737,0.9802808701643912,0,1,1
1484,1.0,train,0.9994887420379008,0.0005112579620992319,1,1,1
1485,1.0,train,0.9999918603057375,8.139694262361108e-06,1,1,1
1486,1.0,train,0.9833429620654066,0.016657037934593326,1,1,1
1487,0.0,train,0.02976009222491408,0.9702399077750858,0,1,1
1488,1.0,train,0.9976403393880943,0.002359660611905616,1,1,1
1489,0.0,test,4.133539037789141e-05,0.999958664609622,0,1,1
1490,1.0,train,0.0001488385180534634,0.9998511614819465,0,1,1
1491,0.0,train,6.205051821262108e-05,0.9999379494817873,0,1,1
1492,1.0,dev,0.7090191337850932,0.29098086621490676,1,1,1
1493,0.0,train,1.2029641235598412e-05,0.9999879703587644,0,1,1
1494,1.0,test,0.999998650297526,1.349702473901771e-06,1,1,1
1495,1.0,train,0.3998116407397951,0.600188359260205,0,1,1
1496,0.0,train,0.8152324803738429,0.1847675196261571,1,1,1
1497,1.0,dev,0.596433160611502,0.403566839388498,1,1,1
1498,0.0,train,0.9993929244828429,0.0006070755171570371,1,1,1
1499,1.0,train,0.9999938558261532,6.1441738468878826e-06,1,1,1
1500,0.0,test,0.0010649624184194896,0.9989350375815806,0,1,1
1501,1.0,train,0.999995970542648,4.029457351920689e-06,1,1,1
1502,0.0,train,2.964906076270974e-07,0.9999997035093924,0,1,1
1503,1.0,train,0.995668498589952,0.004331501410048095,1,1,1
1504,1.0,test,0.9995761152264377,0.00042388477356223827,1,1,1
1505,0.0,train,0.00039204171916258277,0.9996079582808375,0,1,1
1506,1.0,train,0.9999972735309177,2.726469082342919e-06,1,1,1
1507,0.0,train,1.1478772232161342e-05,0.9999885212277679,0,1,1
1508,0.0,train,0.00044421833245571944,0.9995557816675443,0,1,1
1509,1.0,train,0.9999959705418826,4.029458117473495e-06,1,1,1
1510,,,1.5057013664178508e-06,0.9999984942986336,0,1,1
1511,0.0,train,0.5583269943353745,0.44167300566462553,1,1,1
1512,1.0,dev,0.9950177307866808,0.004982269213319298,1,1,1
1513,1.0,dev,0.9999914696802911,8.530319709027159e-06,1,1,1
1514,1.0,train,0.9973683262695641,0.0026316737304358595,1,1,1
1515,0.0,test,1.3420011105130413e-05,0.9999865799888948,0,1,1
1516,1.0,train,0.7853085708384735,0.21469142916152642,1,1,1
1517,1.0,train,0.9609517095103498,0.03904829048965016,1,1,1
1518,0.0,train,0.6039318337259583,0.3960681662740417,1,1,1
1519,1.0,train,0.963779946735886,0.036220053264113976,1,1,1
1520,1.0,train,0.9999919865004817,8.01349951824695e-06,1,1,1
1521,1.0,train,0.9995416871130175,0.0004583128869825095,1,1,1
1522,1.0,train,0.9996898439740151,0.0003101560259848186,1,1,1
1523,0.0,train,0.00015118204733146308,0.9998488179526686,0,1,1
1524,0.0,train,1.3420013504783409e-05,0.9999865799864952,0,1,1
1525,1.0,train,0.9989515308654988,0.0010484691345012719,1,1,1
1526,1.0,train,0.019719130987783585,0.9802808690122163,0,1,1
1527,1.0,train,0.9992206340694407,0.0007793659305591391,1,1,1
1528,0.0,train,0.9973683262402302,0.002631673759769705,1,1,1
1529,0.0,train,0.0002492325320078926,0.9997507674679922,0,1,1
1530,0.0,test,0.020332358091706755,0.9796676419082933,0,1,1
1531,0.0,train,1.5870005534460387e-07,0.9999998412999446,0,1,1
1532,0.0,train,0.9997262783023504,0.0002737216976497352,1,1,1
1533,1.0,dev,0.001810210972351815,0.9981897890276482,0,1,1
1534,1.0,train,0.999999518748244,4.812517560394471e-07,1,1,1
1535,0.0,train,0.00010391066014532735,0.9998960893398547,0,1,1
1536,0.0,train,9.132548018955538e-07,0.999999086745198,0,1,1
1537,1.0,train,0.998866430775572,0.0011335692244280413,1,1,1
1538,1.0,train,0.9999509133873181,4.908661268189082e-05,1,1,1
1539,1.0,test,0.9993436270844838,0.0006563729155161999,1,1,1
1540,0.0,train,2.8573159370867114e-06,0.9999971426840629,0,1,1
1541,1.0,dev,0.9991306325489487,0.0008693674510511652,1,1,1
1542,1.0,train,0.9999566809619748,4.3319038025249267e-05,1,1,1
1543,1.0,train,0.9999944923915551,5.507608445012439e-06,1,1,1
1544,1.0,dev,0.8615381987656671,0.13846180123433283,1,1,1
1545,0.0,train,0.916109606718245,0.08389039328175502,1,1,1
1546,1.0,dev,0.9999516743560521,4.83256439478423e-05,1,1,1
1547,0.0,train,7.722194135283125e-05,0.9999227780586472,0,1,1
1548,1.0,train,0.9959927108459298,0.004007289154070286,1,1,1
1549,0.0,test,1.482357311615273e-06,0.9999985176426884,0,1,1
1550,1.0,train,0.9999452402191803,5.475978081967866e-05,1,1,1
1551,1.0,dev,0.999896089314309,0.00010391068569110242,1,1,1
1552,1.0,train,0.9984988176315842,0.0015011823684158874,1,1,1
1553,0.0,train,0.8418256512199033,0.15817434878009673,1,1,1
1554,1.0,train,0.9740426409184302,0.025957359081569886,1,1,1
1555,0.0,train,1.6893515663669122e-07,0.9999998310648434,0,1,1
1556,1.0,train,0.08151976266900196,0.9184802373309982,0,1,1
1557,0.0,train,0.9998058868074371,0.0001941131925628635,1,1,1
1558,1.0,train,0.9324533051062237,0.06754669489377622,1,1,1
1559,1.0,train,0.9993436272555339,0.0006563727444659928,1,1,1
1560,1.0,train,0.9999097196434786,9.028035652128746e-05,1,1,1
1561,0.0,train,0.23091975234373582,0.769080247656264,0,1,1
1562,1.0,dev,0.9987156918798661,0.0012843081201339697,1,1,1
1563,1.0,test,0.9999138534594263,8.614654057363148e-05,1,1,1
1564,1.0,train,0.523420348936324,0.47657965106367595,1,1,1
1565,1.0,train,0.9999749284122228,2.507158777720339e-05,1,1,1
1566,1.0,train,0.9999778743390642,2.2125660935855158e-05,1,1,1
1567,1.0,train,0.7185944046238981,0.2814055953761018,1,1,1
1568,1.0,train,0.9999586646016151,4.13353983848503e-05,1,1,1
1569,1.0,dev,0.6039318479832805,0.3960681520167196,1,1,1
1570,1.0,dev,0.00045121057001396746,0.9995487894299859,0,1,1
1571,0.0,train,0.5506073655352404,0.44939263446475963,1,1,1
1572,0.0,train,0.0018102114031585284,0.9981897885968414,0,1,1
1573,0.0,train,0.9449947132556618,0.055005286744338196,1,1,1
1574,0.0,train,0.9995416871881063,0.00045831281189360936,1,1,1
1575,1.0,train,0.9999995111696443,4.888303556405607e-07,1,1,1
1576,0.0,train,0.014281934764223,0.9857180652357771,0,1,1
1577,1.0,train,0.7401743735019595,0.2598256264980406,1,1,1
1578,0.0,train,0.9997388096886862,0.00026119031131367456,1,1,1
1579,1.0,train,0.9999847931589495,1.5206841050465529e-05,1,1,1
1580,0.0,train,6.502817173337329e-05,0.9999349718282666,0,1,1
1581,0.0,train,3.844935746270723e-06,0.9999961550642537,0,1,1
1582,0.0,test,4.8325658349312656e-05,0.9999516743416507,0,1,1
1583,1.0,train,0.9999986290426653,1.370957334538015e-06,1,1,1
1584,1.0,train,0.9802808710285225,0.019719128971477647,1,1,1
1585,1.0,train,0.999998881057586,1.1189424139143492e-06,1,1,1
1586,0.0,train,0.5926665999540697,0.4073334000459302,1,1,1
1587,0.0,train,0.03732689162774753,0.9626731083722525,0,1,1
1588,0.0,train,0.9998232548263478,0.0001767451736523333,1,1,1
1589,1.0,train,0.9999895484528827,1.0451547117306328e-05,1,1,1
1590,0.0,train,0.8740772417253256,0.1259227582746744,1,1,1
1591,1.0,train,0.9999986918236949,1.3081763050173207e-06,1,1,1
1592,1.0,test,0.9566342006179155,0.04336579938208452,1,1,1
1593,1.0,train,0.9999824970809271,1.7502919072938648e-05,1,1,1
1594,1.0,train,0.9857180631379971,0.014281936862002827,1,1,1
1595,0.0,train,0.008847354037574723,0.9911526459624252,0,1,1
1596,1.0,dev,0.991684222812811,0.008315777187188995,1,1,1
1597,0.0,train,0.0001740053733087356,0.9998259946266912,0,1,1
1598,0.0,train,0.0005527786204586191,0.9994472213795412,0,1,1
1599,0.0,train,0.10087862002692255,0.8991213799730774,0,1,1
1600,0.0,train,0.04023794147268459,0.9597620585273153,0,1,1
1601,1.0,train,0.9946150610006954,0.005384938999304566,1,1,1
1602,0.0,train,1.538174603865768e-07,0.9999998461825396,0,1,1
1603,,,0.9945307247731417,0.005469275226858263,1,1,1
1604,1.0,dev,0.11757212736159103,0.8824278726384089,0,1,1
1605,1.0,test,0.9985449370073406,0.0014550629926592905,1,1,1
1606,0.0,train,0.0029349520935604088,0.9970650479064396,0,1,1
1607,1.0,train,0.999896089347983,0.0001039106520171275,1,1,1
1608,0.0,train,0.0583458389742937,0.9416541610257062,0,1,1
1609,1.0,train,0.9956684973046552,0.0043315026953448165,1,1,1
1610,1.0,train,0.019719124650822737,0.9802808753491773,0,1,1
1611,1.0,train,0.9814534398277177,0.018546560172282282,1,1,1
1612,1.0,train,0.9865717478243564,0.013428252175643434,1,1,1
1613,0.0,train,5.122896896086613e-07,0.9999994877103104,0,1,1
1614,1.0,train,0.9990746150444677,0.0009253849555323461,1,1,1
1615,1.0,train,0.00036829805768117557,0.9996317019423189,0,1,1
1616,0.0,train,0.0003150386283798581,0.9996849613716201,0,1,1
1617,1.0,train,0.9999967622373862,3.2377626138679076e-06,1,1,1
1618,0.0,dev,0.5660185351961015,0.43398146480389854,1,1,1
1619,1.0,train,0.9967269342758295,0.003273065724170633,1,1,1
1620,1.0,dev,0.9999349718510366,6.502814896346923e-05,1,1,1
1621,1.0,train,0.9993929245099649,0.0006070754900351225,1,1,1
1622,1.0,train,0.9972850142082221,0.0027149857917779753,1,1,1
1623,0.0,train,0.8577681013541613,0.1422318986458388,1,1,1
1624,0.0,test,0.000188142142777157,0.9998118578572227,0,1,1
1625,0.0,train,9.570827729879867e-07,0.9999990429172271,0,1,1
1626,0.0,train,0.002472622715588583,0.9975273772844113,0,1,1
1627,0.0,train,1.3846004563753395e-05,0.9999861539954363,0,1,1
1628,1.0,train,0.02843603057476848,0.9715639694252316,0,1,1
1629,1.0,train,0.9939964052260483,0.006003594773951743,1,1,1
1630,0.0,train,0.00013765460087410055,0.9998623453991259,0,1,1
1631,1.0,train,0.9999697580320029,3.024196799711259e-05,1,1,1
1632,0.0,train,0.9976768377018619,0.0023231622981382165,1,1,1
1633,1.0,train,0.1384618047894558,0.8615381952105441,0,1,1
1634,1.0,train,0.9901401443327746,0.009859855667225421,1,1,1
1635,1.0,train,0.9999923534607128,7.646539287125547e-06,1,1,1
1636,1.0,train,0.9997546306291192,0.0002453693708808558,1,1,1
1637,0.0,train,0.9999417087595271,5.82912404729936e-05,1,1,1
1638,1.0,dev,0.9999918603066472,8.139693352686842e-06,1,1,1
1639,1.0,train,0.9932024699083639,0.006797530091636068,1,1,1
1640,1.0,train,0.981166867906763,0.01883313209323689,1,1,1
1641,0.0,dev,0.005819958204748374,0.9941800417952517,0,1,1
1642,1.0,dev,0.9999978766208256,2.1233791743504856e-06,1,1,1
1643,0.0,dev,0.03904829048965016,0.9609517095103498,0,1,1
1644,1.0,train,0.9999640869865111,3.591301348891281e-05,1,1,1
1645,1.0,train,0.9999883404682083,1.1659531791630435e-05,1,1,1
1646,1.0,train,0.9728307672827583,0.027169232717241726,1,1,1
1647,0.0,train,0.9591542858414143,0.04084571415858562,1,1,1
1648,0.0,train,2.3187474740565863e-05,0.9999768125252595,0,1,1
1649,0.0,train,0.0002002738383272881,0.9997997261616728,0,1,1
1650,1.0,train,0.9999953621271865,4.637872813588111e-06,1,1,1
1651,1.0,train,0.9999934595648685,6.5404351315553255e-06,1,1,1
1652,0.0,train,2.0611536181902033e-09,0.9999999979388463,0,0,1
1653,1.0,train,0.9999830355737422,1.6964426257757968e-05,1,1,1
1654,1.0,train,0.960361157495521,0.03963884250447896,1,1,1
1655,0.0,dev,0.9902915238766835,0.009708476123316394,1,1,1
1656,0.0,train,1.0451549297646404e-05,0.9999895484507023,0,1,1
1657,1.0,train,0.9951702771798825,0.00482972282011758,1,1,1
1658,0.0,train,0.999866579990581,0.00013342000941896851,1,1,1
1659,1.0,train,0.9999918603077996,8.13969220043292e-06,1,1,1
1660,0.0,train,1.777855822118841e-05,0.9999822214417788,0,1,1
1661,0.0,dev,0.9983256009765129,0.0016743990234870778,1,1,1
1662,0.0,train,0.05921024742104521,0.9407897525789548,0,1,1
1663,1.0,train,0.9999978431841161,2.1568158838755885e-06,1,1,1
1664,1.0,train,0.9999987710820802,1.2289179198150662e-06,1,1,1
1665,0.0,train,0.9987551566701218,0.001244843329878154,1,1,1
1666,0.0,train,4.006370655652864e-05,0.9999599362934435,0,1,1
1667,1.0,train,0.9990452683955172,0.0009547316044828514,1,1,1
1668,0.0,train,0.00884735691230309,0.9911526430876969,0,1,1
1669,0.0,train,2.6165194282222803e-07,0.9999997383480571,0,1,1
1670,1.0,train,0.9999973574133523,2.6425866477701404e-06,1,1,1
1671,1.0,train,0.9999968124332753,3.1875667246989608e-06,1,1,1
1672,1.0,train,0.02064592652106569,0.9793540734789342,0,1,1
1673,0.0,train,0.12592276483513232,0.8740772351648677,0,1,1
1674,0.0,train,2.840974463941436e-05,0.9999715902553606,0,1,1
1675,1.0,dev,0.11596070603336647,0.8840392939666335,0,1,1
1676,1.0,train,0.9999407908321787,5.920916782133662e-05,1,1,1
1677,0.0,train,3.7266406169318976e-06,0.9999962733593831,0,1,1
1678,1.0,train,0.9999875885044741,1.241149552577958e-05,1,1,1
1679,0.0,train,6.144174235995634e-06,0.9999938558257639,0,1,1
1680,1.0,train,0.9902915226589475,0.009708477341052534,1,1,1
1681,1.0,train,0.9732407187549281,0.026759281245071823,1,1,1
1682,1.0,train,0.9923043532198784,0.007695646780121641,1,1,1
1683,1.0,train,0.25683199138751883,0.7431680086124811,0,1,1
1684,1.0,test,0.999996388016589,3.611983411123155e-06,1,1,1
1685,0.0,train,0.0048297217458043405,0.9951702782541956,0,1,1
1686,0.0,train,0.00024923245774933323,0.9997507675422507,0,1,1
1687,1.0,train,0.9999972735303082,2.7264696917546546e-06,1,1,1
1688,0.0,train,2.0611536181902033e-09,0.9999999979388463,0,0,1
1689,1.0,train,0.9997694932093264,0.0002305067906736714,1,1,1
1690,1.0,train,0.9998534686689791,0.00014653133102101446,1,1,1
1691,1.0,train,0.999989383869045,1.0616130954984911e-05,1,1,1
1692,1.0,train,0.9981030797562452,0.0018969202437548783,1,1,1
1693,1.0,train,0.47657965106367595,0.523420348936324,0,1,1
1694,0.0,train,0.9904406002296551,0.009559399770344892,1,1,1
1695,1.0,train,0.9802808711725443,0.0197191288274558,1,1,1
1696,1.0,train,0.9998644792315385,0.00013552076846134987,1,1,1
1697,0.0,train,0.0009697521987652865,0.9990302478012347,0,1,1
1698,1.0,train,4.19863232516813e-05,0.9999580136767483,0,1,1
1699,0.0,dev,0.0014550631550386446,0.9985449368449614,0,1,1
1700,0.0,test,9.915276070609289e-05,0.9999008472392938,0,1,1
1701,1.0,train,0.14223190228178134,0.8577680977182187,0,1,1
1702,0.0,train,0.7634837581726991,0.23651624182730094,1,1,1
1703,1.0,dev,0.9999753171029482,2.46828970517112e-05,1,1,1
1704,1.0,train,0.9999898700096606,1.0129990339348769e-05,1,1,1
1705,0.0,train,0.03161876635612757,0.9683812336438724,0,1,1
1706,1.0,train,0.9989677688633689,0.0010322311366309893,1,1,1
1707,0.0,train,0.0008693672633730132,0.999130632736627,0,1,1
1708,1.0,train,0.9999933565656917,6.6434343083592895e-06,1,1,1
1709,0.0,train,3.96698567849689e-06,0.9999960330143215,0,1,1
1710,1.0,dev,0.9999737252200036,2.627477999631011e-05,1,1,1
1711,0.0,test,0.8267118026095992,0.17328819739040088,1,1,1
1712,1.0,train,0.9999986712227997,1.3287772004270433e-06,1,1,1
1713,1.0,train,0.9974490872753964,0.0025509127246034803,1,1,1
1714,0.0,train,0.011869121395868418,0.9881308786041316,0,1,1
1715,0.0,train,0.028007517360741977,0.971992482639258,0,1,1
1716,1.0,train,0.9981613344935284,0.0018386655064715634,1,1,1
1717,0.0,train,0.029312233295254994,0.970687766704745,0,1,1
1718,1.0,train,0.9999984942982242,1.5057017758870426e-06,1,1,1
1719,1.0,train,0.002148949028001233,0.9978510509719989,0,1,1
1720,0.0,train,0.994779873455263,0.00522012654473717,1,1,1
1721,0.0,test,0.9992206337416163,0.0007793662583836841,1,1,1
1722,0.0,train,0.9999988455379284,1.1544620716283209e-06,1,1,1
1723,0.0,train,9.2234734086574e-06,0.9999907765265914,0,1,1
1724,1.0,train,0.0010162438595341082,0.998983756140466,0,1,1
1725,0.0,train,0.38121956625614994,0.6187804337438501,0,1,1
1726,1.0,dev,0.41489884579676883,0.5851011542032312,0,1,1
1727,1.0,train,0.9999398584571315,6.0141542868488056e-05,1,1,1
1728,0.0,train,0.029760093085439133,0.9702399069145607,0,1,1
1729,1.0,train,0.0001941132561857849,0.9998058867438143,0,1,1
1730,1.0,dev,0.9998440196771841,0.0001559803228159391,1,1,1
1731,1.0,train,0.9999944923914319,5.507608568116404e-06,1,1,1
1732,1.0,test,0.9999961550636808,3.844936319208636e-06,1,1,1
1733,0.0,train,0.09807932610676663,0.9019206738932334,0,1,1
1734,1.0,test,0.9949396675929175,0.005060332407082472,1,1,1
1735,1.0,train,0.7745833841649233,0.2254166158350767,1,1,1
1736,0.0,dev,0.9979492567497927,0.00205074325020737,1,1,1
1737,1.0,train,0.5389832206876841,0.4610167793123159,1,1,1
1738,1.0,train,0.9999788875273423,2.1112472657728183e-05,1,1,1
1739,0.0,train,0.988130880613923,0.01186911938607713,1,1,1
1740,1.0,train,0.9999706884708308,2.931152916919479e-05,1,1,1
1741,1.0,train,0.9999697580353825,3.024196461741168e-05,1,1,1
1742,1.0,train,0.8376199592797929,0.16238004072020704,1,1,1
1743,1.0,train,0.9999931456844227,6.854315577448167e-06,1,1,1
1744,0.0,test,0.031143827837022374,0.9688561721629777,0,1,1
1745,0.0,dev,0.995992711946198,0.0040072880538019285,1,1,1
1746,0.0,train,0.0161528324540604,0.9838471675459397,0,1,1
1747,0.0,dev,0.7577943712746406,0.24220562872535945,1,1,1
1748,1.0,dev,0.9999897104830647,1.0289516935193936e-05,1,1,1
1749,1.0,test,0.9999922330508919,7.766949108024782e-06,1,1,1
1750,0.0,dev,0.5813030761371503,0.4186969238628498,1,1,1
1751,1.0,train,0.984575448370756,0.015424551629244146,1,1,1
1752,0.0,train,0.8723473713594992,0.1276526286405008,1,1,1
1753,0.0,test,2.178265375806732e-05,0.9999782173462418,0,1,1
1754,1.0,dev,0.0065897720532732355,0.9934102279467266,0,1,1
1755,0.0,train,0.8128673133042217,0.18713268669577832,1,1,1
1756,1.0,train,0.9953181784477978,0.004681821552202304,1,1,1
1757,0.0,train,0.11596070908851643,0.8840392909114835,0,1,1
1758,0.0,train,0.9999965534210256,3.4465789743946546e-06,1,1,1
1759,1.0,train,0.9999898700133212,1.0129986678882502e-05,1,1,1
1760,1.0,train,0.9999944056640371,5.594335962840379e-06,1,1,1
1761,1.0,train,0.9998977000976419,0.00010229990235803472,1,1,1
1762,1.0,train,0.9999966594607336,3.340539266350638e-06,1,1,1
1763,0.0,train,0.28457600421652673,0.7154239957834733,0,1,1
1764,0.0,train,4.812516126153377e-07,0.9999995187483874,0,1,1
1765,1.0,train,0.9996140339611613,0.000385966038838669,1,1,1
1766,1.0,train,0.9759464446569425,0.024053555343057472,1,1,1
1767,1.0,test,0.9998911031191787,0.00010889688082131169,1,1,1
1768,1.0,train,0.9987156919372052,0.0012843080627946597,1,1,1
1769,0.0,train,0.8757869819218864,0.12421301807811345,1,1,1
1770,0.0,train,0.0033766120808662167,0.9966233879191339,0,1,1
1771,0.0,dev,0.009559397371909419,0.9904406026280905,0,1,1
1772,0.0,test,0.0053849379617779605,0.9946150620382221,0,1,1
1773,1.0,train,0.999929688157069,7.031184293106318e-05,1,1,1
1774,0.0,train,0.0014103581608366353,0.9985896418391634,0,1,1
1775,0.0,dev,8.888083094637137e-05,0.9999111191690536,0,1,1
1776,0.0,train,0.20946969120038575,0.7905303087996142,0,1,1
1777,1.0,train,0.10669059678604234,0.8933094032139576,0,1,1
1778,0.0,train,0.006003595618724564,0.9939964043812755,0,1,1
1779,1.0,train,0.9990302481765815,0.0009697518234184261,1,1,1
1780,0.0,train,0.10374861855288664,0.8962513814471134,0,1,1
1781,0.0,train,0.0001971693749626501,0.9998028306250374,0,1,1
1782,1.0,train,0.9999869928774451,1.3007122555004071e-05,1,1,1
1783,1.0,dev,0.9998232549257526,0.00017674507424744453,1,1,1
1784,0.0,dev,8.664650565665816e-06,0.9999913353494343,0,1,1
1785,1.0,train,0.9999963880167368,3.6119832631111378e-06,1,1,1
1786,0.0,dev,6.083591817572357e-07,0.9999993916408183,0,1,1
1787,1.0,train,0.9184802373309982,0.08151976266900196,1,1,1
1788,0.0,test,0.9184802395624257,0.08151976043757422,1,1,1
1789,0.0,test,0.011508151776484706,0.9884918482235153,0,1,1
1790,0.0,test,0.0055549250329511935,0.9944450749670487,0,1,1
1791,1.0,train,0.9999983971889883,1.6028110117118507e-06,1,1,1
1792,0.0,train,0.7690802264851918,0.23091977351480808,1,1,1
1793,1.0,train,0.9915543717486128,0.008445628251387212,1,1,1
1794,0.0,train,1.9223170236538176e-05,0.9999807768297634,0,1,1
1795,1.0,train,0.9999692818207245,3.0718179275503954e-05,1,1,1
1796,1.0,test,0.9998785182987794,0.00012148170122061528,1,1,1
1797,1.0,train,0.999488742022672,0.0005112579773281169,1,1,1
1798,0.0,dev,0.991812091550428,0.008187908449571998,1,1,1
1799,1.0,train,0.9890130551834941,0.010986944816505844,1,1,1
1800,0.0,train,0.23091977351480808,0.7690802264851918,0,1,1
1801,1.0,train,0.0034296037203752497,0.9965703962796248,0,1,1
1802,0.0,train,0.49218813572079556,0.5078118642792044,0,1,1
1803,0.0,test,0.0005442131651726106,0.9994557868348273,0,1,1
1804,1.0,dev,0.9918120901588089,0.008187909841191053,1,1,1
1805,0.0,train,0.6224593312018546,0.37754066879814546,1,1,1
1806,1.0,train,0.9997621778731857,0.00023782212681446518,1,1,1
1807,1.0,dev,0.9990302481549269,0.0009697518450730488,1,1,1
1808,0.0,train,0.0715911935020382,0.9284088064979618,0,1,1
1809,1.0,train,0.9674102533547801,0.03258974664521998,1,1,1
1810,0.0,train,0.00014425986448478857,0.9998557401355151,0,1,1
1811,1.0,train,0.9985674634319348,0.0014325365680652306,1,1,1
1812,0.0,dev,0.020023441289455244,0.9799765587105447,0,1,1
1813,0.0,train,0.999999765456555,2.3454344496366839e-07,1,1,1
1814,0.0,dev,0.33807713748839185,0.6619228625116081,0,1,1
1815,0.0,train,0.0018969197359264291,0.9981030802640736,0,1,1
1816,1.0,train,0.7279754430043072,0.27202455699569283,1,1,1
1817,1.0,train,0.9999593054117871,4.069458821299009e-05,1,1,1
1818,1.0,train,0.9997730661965969,0.00022693380340304243,1,1,1
1819,0.0,train,0.9999318512656987,6.814873430127163e-05,1,1,1
1820,0.0,dev,1.0289514098697131e-05,0.9999897104859014,0,1,1
1821,1.0,train,0.9998876467419603,0.0001123532580396255,1,1,1
1822,1.0,train,0.999669847247853,0.0003301527521469932,1,1,1
1823,1.0,dev,0.9999983463101922,1.6536898077979687e-06,1,1,1
1824,1.0,train,0.9972850145713413,0.0027149854286585787,1,1,1
1825,0.0,dev,0.00010554681392138737,0.9998944531860787,0,1,1
1826,0.0,train,0.36658972248186006,0.6334102775181399,0,1,1
1827,0.0,train,9.57082573325173e-07,0.9999990429174267,0,1,1
1828,0.0,train,0.9046505428129514,0.09534945718704857,1,1,1
1829,1.0,test,0.9808759643671934,0.019124035632806655,1,1,1
1830,0.0,train,0.5583269796369904,0.44167302036300954,1,1,1
1831,1.0,train,0.9999795370673226,2.0462932677474184e-05,1,1,1
1832,0.0,train,0.11124120356108877,0.8887587964389112,0,1,1
1833,1.0,train,0.9967775149819692,0.003222485018030779,1,1,1
1834,1.0,train,0.9999937590696791,6.240930320767443e-06,1,1,1
1835,1.0,train,0.9997175918115725,0.00028240818842744996,1,1,1
1836,0.0,train,0.9572778000158576,0.04272219998414247,1,1,1
1837,0.0,train,1.9833359967460768e-05,0.9999801666400325,0,1,1
1838,1.0,test,0.9959298627371258,0.004070137262874213,1,1,1
1839,1.0,train,0.8311430436757313,0.16885695632426873,1,1,1
1840,1.0,dev,0.9999991148427135,8.851572865394695e-07,1,1,1
1841,0.0,train,0.0008426421582071989,0.9991573578417928,0,1,1
1842,1.0,test,0.999996910504378,3.0894956219486315e-06,1,1,1
1843,1.0,train,0.0010817152849283487,0.9989182847150716,0,1,1
1844,1.0,dev,0.9999943175669886,5.68243301133648e-06,1,1,1
1845,1.0,train,0.9912886143841841,0.008711385615815878,1,1,1
1846,0.0,train,1.1365641510065483e-06,0.9999988634358489,0,1,1
1847,0.0,train,0.8872045907347107,0.1127954092652892,1,1,1
1848,1.0,train,0.959154280003535,0.04084571999646487,1,1,1
1849,1.0,test,0.9999994010729313,5.98927068746078e-07,1,1,1
1850,0.0,train,8.66465521370756e-06,0.9999913353447863,0,1,1
1851,1.0,dev,0.9999969105043665,3.089495633457864e-06,1,1,1
1852,1.0,train,0.5039061705290805,0.4960938294709195,1,1,1
1853,0.0,train,1.7061827303821305e-06,0.9999982938172697,0,1,1
1854,1.0,train,0.9999993820608787,6.179391212713149e-07,1,1,1
1855,0.0,train,0.12252322213041655,0.8774767778695834,0,1,1
1856,1.0,train,0.44167302036300954,0.5583269796369904,0,1,1
1857,1.0,dev,0.9230391653625206,0.07696083463747946,1,1,1
1858,0.0,test,3.6898832025749443e-07,0.9999996310116797,0,1,1
1859,0.0,train,8.664650049216888e-06,0.9999913353499508,0,1,1
1860,1.0,train,0.9999959705424679,4.029457532050749e-06,1,1,1
1861,0.0,test,0.999996033014558,3.9669854420470635e-06,1,1,1
1862,0.0,train,0.9835969682050818,0.016403031794918276,1,1,1
1863,0.0,train,1.0953118251547424e-05,0.9999890468817484,0,1,1
1864,0.0,test,0.3960681662740417,0.6039318337259583,0,1,1
1865,1.0,train,0.9425067195846917,0.05749328041530817,1,1,1
1866,1.0,train,0.9981324337026719,0.0018675662973279953,1,1,1
1867,1.0,train,0.0481367670200415,0.9518632329799585,0,1,1
1868,1.0,train,0.9999940448609397,5.9551390602315845e-06,1,1,1
1869,1.0,train,0.9999974784266893,2.521573310786404e-06,1,1,1
1870,0.0,test,0.00011774460631846804,0.9998822553936816,0,1,1
1871,0.0,train,1.473898197449493e-05,0.9999852610180254,0,1,1
1872,0.0,train,0.9984512387444138,0.0015487612555861597,1,1,1
1873,1.0,train,0.9999885212353367,1.1478764663419405e-05,1,1,1
1874,1.0,train,0.5389832206876841,0.4610167793123159,1,1,1
1875,1.0,test,0.9585377314341241,0.04146226856587596,1,1,1
1876,0.0,train,3.1693256318198264e-05,0.9999683067436819,0,1,1
1877,0.0,train,0.9999914696770179,8.530322982125343e-06,1,1,1
1878,1.0,test,0.010489091569258419,0.9895109084307415,0,1,1
1879,0.0,train,1.0188091242324908e-06,0.9999989811908757,0,1,1
1880,1.0,train,0.787931190663057,0.2120688093369431,1,1,1
1881,1.0,train,0.9867771771783297,0.013222822821670381,1,1,1
1882,0.0,train,0.9294404018582427,0.07055959814175729,1,1,1
1883,1.0,dev,0.9996698471814596,0.0003301528185404743,1,1,1
1884,0.0,train,0.008187908691592688,0.9918120913084073,0,1,1
1885,1.0,dev,0.05419873287859291,0.945801267121407,0,1,1
1886,0.0,train,0.01282121256918108,0.9871787874308189,0,1,1
1887,0.0,train,0.23651624720889433,0.7634837527911056,0,1,1
1888,1.0,train,0.22815649166448124,0.7718435083355187,0,1,1
1889,1.0,train,0.07921032628268802,0.920789673717312,0,1,1
1890,0.0,test,0.01098694392594878,0.9890130560740511,0,1,1
1891,0.0,train,3.08949407971186e-06,0.9999969105059203,0,1,1
1892,1.0,train,0.013428255136787807,0.9865717448632122,0,1,1
1893,0.0,train,0.9999975560060618,2.4439939381368094e-06,1,1,1
1894,0.0,train,1.1015951958497615e-06,0.999998898404804,0,1,1
1895,1.0,train,0.99599271054856,0.004007289451440163,1,1,1
1896,1.0,train,0.999997909541751,2.0904582490581554e-06,1,1,1
1897,1.0,train,0.9999895484491449,1.045155085503245e-05,1,1,1
1898,0.0,train,0.2200070895174993,0.7799929104825006,0,1,1
1899,0.0,train,0.0006563729692748456,0.9993436270307252,0,1,1
1900,0.0,train,0.6113819732941511,0.38861802670584894,1,1,1
1901,0.0,train,0.999868648216634,0.00013135178336600803,1,1,1
1902,1.0,train,0.9999981261247279,1.873875271959733e-06,1,1,1
1903,1.0,train,0.25683200276421697,0.743167997235783,0,1,1
1904,0.0,train,0.05921024908116555,0.9407897509188345,0,1,1
1905,1.0,train,0.9999426123864013,5.738761359887347e-05,1,1,1
1906,1.0,train,0.9999553059312217,4.469406877830187e-05,1,1,1
1907,0.0,train,0.20181322226037882,0.7981867777396212,0,1,1
1908,1.0,train,0.9994725216797836,0.0005274783202163917,1,1,1
1909,1.0,train,0.9999753170948569,2.4682905143197016e-05,1,1,1
1910,1.0,dev,0.9967269349321027,0.0032730650678972984,1,1,1
1911,1.0,train,0.9907319871663826,0.0092680128336175,1,1,1
1912,0.0,train,0.7248702880639791,0.27512971193602087,1,1,1
1913,1.0,train,0.9967775153409495,0.0032224846590505826,1,1,1
1914,1.0,dev,0.3415824860330004,0.6584175139669997,0,1,1
1915,1.0,dev,0.9999749284052181,2.507159478194945e-05,1,1,1
1916,1.0,test,0.9999985176421307,1.4823578693578934e-06,1,1,1
1917,0.0,train,0.9161096147346158,0.08389038526538413,1,1,1
1918,1.0,dev,9.170193079442403e-05,0.9999082980692056,0,1,1
1919,0.0,test,2.710880782863951e-05,0.9999728911921714,0,1,1
1920,0.0,test,2.5071592353637262e-05,0.9999749284076465,0,1,1
1921,1.0,test,0.999402330682301,0.0005976693176989988,1,1,1
1922,1.0,train,0.9997901168727112,0.0002098831272887012,1,1,1
1923,1.0,train,0.9997868123513675,0.00021318764863245663,1,1,1
1924,1.0,train,0.9999895484537002,1.0451546299678917e-05,1,1,1
1925,0.0,train,0.9978510505725859,0.002148949427414052,1,1,1
1926,0.0,train,0.3276683008207139,0.672331699179286,0,1,1
1927,1.0,train,0.006692852113050128,0.9933071478869497,0,1,1
1928,0.0,train,0.0013045069572287487,0.9986954930427714,0,1,1
1929,0.0,train,0.008847352992219181,0.9911526470077809,0,1,1
1930,0.0,train,0.002550913027920279,0.9974490869720797,0,1,1
1931,0.0,train,0.9999538872437839,4.6112756216088144e-05,1,1,1
1932,1.0,train,0.9780517469248845,0.021948253075115474,1,1,1
1933,1.0,train,0.9947798748867906,0.005220125113209313,1,1,1
1934,0.0,train,0.049589020174867784,0.9504109798251322,0,1,1
1935,0.0,train,0.022629201351320332,0.9773707986486796,0,1,1
1936,1.0,train,0.0021157036522710232,0.9978842963477289,0,1,1
1937,1.0,train,0.9996946512020738,0.000305348797926292,1,1,1
1938,0.0,test,0.1143685261818125,0.8856314738181876,0,1,1
1939,0.0,train,0.0023967307988720095,0.9976032692011281,0,1,1
1940,0.0,train,0.0008426424091225586,0.9991573575908775,0,1,1
1941,1.0,train,0.9999635214533555,3.647854664442162e-05,1,1,1
1942,0.0,train,2.1444950977296344e-05,0.9999785550490227,0,1,1
1943,0.0,train,0.5583269796369904,0.44167302036300954,1,1,1
1944,1.0,train,0.9998259946001189,0.00017400539988115474,1,1,1
1945,1.0,train,0.9998557401849497,0.00014425981505022112,1,1,1
1946,0.0,test,9.080474758713812e-06,0.9999909195252414,0,1,1
1947,1.0,train,0.9999957106678488,4.289332151179656e-06,1,1,1
1948,1.0,test,0.9999785550472653,2.144495273480942e-05,1,1,1
1949,1.0,train,0.9899864315926217,0.010013568407378378,1,1,1
1950,1.0,train,0.9979170287833178,0.0020829712166822757,1,1,1
1951,0.0,train,0.2942149845400438,0.7057850154599563,0,1,1
1952,0.0,train,0.24220563966531902,0.757794360334681,0,1,1
1953,0.0,train,0.0006667022298194729,0.9993332977701804,0,1,1
1954,0.0,train,0.9046505286741726,0.09534947132582737,1,1,1
1955,0.0,test,0.04401865237117,0.9559813476288301,0,1,1
1956,0.0,train,1.4677362958039086e-07,0.9999998532263703,0,1,1
1957,1.0,test,0.9908743636887527,0.009125636311247257,1,1,1
1958,1.0,train,0.9999979095415952,2.0904584048091117e-06,1,1,1
1959,1.0,train,0.9956005869025316,0.0043994130974685354,1,1,1
1960,1.0,train,0.9910145729060676,0.00898542709393241,1,1,1
1961,1.0,train,0.9999923534599723,7.646540027744962e-06,1,1,1
1962,0.0,train,1.3287768687721108e-06,0.9999986712231312,0,1,1
1963,0.0,train,0.0185465645121173,0.9814534354878828,0,1,1
1964,0.0,train,3.4808112625175065e-05,0.9999651918873748,0,1,1
1965,0.0,test,0.0025909798265321806,0.9974090201734679,0,1,1
1966,0.0,train,0.3311197396289915,0.6688802603710086,0,1,1
1967,0.0,train,0.45326184801538616,0.5467381519846138,0,1,1
1968,1.0,train,0.640635868562172,0.35936413143782797,1,1,1
1969,1.0,test,0.9997346975124384,0.00026530248756172144,1,1,1
1970,1.0,train,0.9724147157746412,0.027585284225358716,1,1,1
1971,1.0,train,0.9997694932007412,0.00023050679925873928,1,1,1
1972,1.0,dev,0.2974699426047947,0.7025300573952054,0,1,1
1973,1.0,train,0.9999955745077952,4.425492204774114e-06,1,1,1
1974,1.0,train,0.9799765594415399,0.020023440558460052,1,1,1
1975,0.0,train,2.443992408570426e-06,0.9999975560075914,0,1,1
1976,1.0,train,0.9999962146761494,3.7853238505745614e-06,1,1,1
1977,1.0,train,0.6297746074044134,0.3702253925955866,1,1,1
1978,0.0,train,0.9999971426829238,2.857317076027137e-06,1,1,1
1979,0.0,train,0.9998706843199932,0.00012931568000686992,1,1,1
1980,1.0,train,0.999534473102049,0.0004655268979510287,1,1,1
1981,1.0,test,0.9999863686531875,1.3631346812434118e-05,1,1,1
1982,1.0,train,0.0792103197616972,0.9207896802383029,0,1,1
1983,0.0,train,0.9972850142082221,0.0027149857917779753,1,1,1
1984,1.0,train,0.9999443779619198,5.562203808005597e-05,1,1,1
1985,0.0,train,0.9972850146318614,0.0027149853681386845,1,1,1
1986,0.0,test,0.00029136992178387344,0.9997086300782161,0,1,1
1987,1.0,dev,0.9845754497285468,0.015424550271453239,1,1,1
1988,1.0,train,0.9980732654584574,0.0019267345415425984,1,1,1
1989,1.0,train,0.9934102271663413,0.006589772833658652,1,1,1
1990,0.0,train,0.006097563005335914,0.993902436994664,0,1,1
1991,1.0,train,0.9966233879943521,0.0033766120056478994,1,1,1
1992,0.0,train,0.027169233898802457,0.9728307661011977,0,1,1
1993,1.0,train,0.999828691876752,0.00017130812324786938,1,1,1
1994,0.0,train,0.014063625390308462,0.9859363746096915,0,1,1
1995,0.0,train,0.2628418489200747,0.7371581510799253,0,1,1
1996,1.0,train,0.9999873930587851,1.2606941214810474e-05,1,1,1
1997,1.0,train,0.9995044640856483,0.0004955359143517428,1,1,1
1998,1.0,train,0.9998415637761765,0.0001584362238235452,1,1,1
1999,1.0,train,0.9999951395524306,4.860447569401224e-06,1,1,1
2000,0.0,train,6.502819111202131e-05,0.999934971808888,0,1,1
2001,1.0,train,0.9997997262459626,0.00020027375403735518,1,1,1
2002,0.0,train,0.7217432062975979,0.2782567937024021,1,1,1
2003,1.0,train,0.1645164506075047,0.8354835493924953,0,1,1
2004,0.0,train,0.03114382873627438,0.9688561712637256,0,1,1
