index,label,split,p_yes,p_no,pred_yes,saw_yes,saw_no
0,1.0,train,0.9999617709059029,3.822909409712996e-05,1,1,1
1,0.0,train,0.004133968458530073,0.99586603154147,0,1,1
2,0.0,train,1.7502931004966062e-05,0.9999824970689951,0,1,1
3,1.0,train,0.9324533107374443,0.06754668926255561,1,1,1
4,0.0,dev,0.0032224848983707093,0.9967775151016292,0,1,1
5,1.0,train,0.999694651190702,0.000305348809297948,1,1,1
6,1.0,train,0.9999854895226344,1.4510477365510199e-05,1,1,1
7,1.0,train,0.9999936607884861,6.33921151389445e-06,1,1,1
8,0.0,train,0.9985896415086285,0.0014103584913714381,1,1,1
9,1.0,train,0.999195914220009,0.0008040857799909139,1,1,1
10,0.0,dev,0.1871326821624266,0.8128673178375735,0,1,1
11,1.0,dev,0.3311197396289915,0.6688802603710086,0,1,1
12,0.0,train,3.2887496535327756e-06,0.9999967112503464,0,1,1
13,1.0,train,0.0038844760874989104,0.9961155239125011,0,1,1
14,1.0,train,0.9999970055586952,2.9944413048702594e-06,1,1,1
15,0.0,train,0.31069438321455395,0.689305616785446,0,1,1
16,0.0,train,0.0427221987653165,0.9572778012346834,0,1,1
17,1.0,train,0.9852713829066633,0.014728617093336668,1,1,1
18,0.0,dev,0.0013045066466158166,0.9986954933533843,0,1,1
19,1.0,train,0.743168019989179,0.256831980010821,1,1,1
20,1.0,train,0.9999702268889433,2.977311105680063e-05,1,1,1
21,0.0,test,5.805002643063729e-07,0.9999994194997356,0,1,1
22,0.0,train,0.9990302481549269,0.0009697518450730488,1,1,1
23,0.0,train,0.0001971694337121257,0.9998028305662878,0,1,1
24,1.0,train,0.9999580136848814,4.198631511863897e-05,1,1,1
25,0.0,dev,0.23091976292927183,0.7690802370707283,0,1,1
26,0.0,train,0.0006166297163960464,0.9993833702836039,0,1,1
27,0.0,train,1.101595360000069e-06,0.99999889840464,0,1,1
28,1.0,train,0.9996993836557297,0.00030061634427018893,1,1,1
29,1.0,train,0.8006920068519376,0.19930799314806233,1,1,1
30,0.0,train,0.33458944125318596,0.665410558746814,0,1,1
31,0.0,train,0.007577240371427665,0.9924227596285723,0,1,1
32,0.0,train,0.07477003672283379,0.9252299632771662,0,1,1
33,1.0,train,0.9999640870051066,3.5912994893275766e-05,1,1,1
34,0.0,train,1.9333585737915713e-06,0.9999980666414263,0,1,1
35,0.0,train,0.17553808224967943,0.8244619177503205,0,1,1
36,0.0,train,0.006589770882695285,0.9934102291173047,0,1,1
37,1.0,train,0.9990452681538956,0.0009547318461043398,1,1,1
38,1.0,train,0.005819959239381318,0.9941800407606186,0,1,1
39,0.0,train,0.00043055726088971926,0.9995694427391104,0,1,1
40,0.0,train,6.786734194751082e-07,0.9999993213265806,0,1,1
41,0.0,train,0.004399412901664677,0.9956005870983353,0,1,1
42,0.0,train,0.9996593705403415,0.00034062945965856827,1,1,1
43,1.0,train,0.999999142076526,8.579234741276233e-07,1,1,1
44,0.0,dev,0.999555781631154,0.0004442183688460779,1,1,1
45,1.0,train,0.9999778743291734,2.212567082657973e-05,1,1,1
46,0.0,train,0.0002305066533126285,0.9997694933466873,0,1,1
47,1.0,train,0.9998118579833581,0.00018814201664179726,1,1,1
48,0.0,train,0.0001941131752111613,0.9998058868247889,0,1,1
49,1.0,dev,0.9999768125295783,2.3187470421662673e-05,1,1,1
50,1.0,dev,0.00021995340520046473,0.9997800465947996,0,1,1
51,1.0,dev,0.817574471748733,0.18242552825126704,1,1,1
52,0.0,train,0.00011591939154605351,0.9998840806084539,0,1,1
53,0.0,train,0.005220125229279126,0.9947798747707209,0,1,1
54,0.0,train,2.7535692755793414e-05,0.9999724643072443,0,1,1
55,0.0,train,0.0010484692359469514,0.998951530764053,0,1,1
56,1.0,train,0.9999274563477213,7.254365227872765e-05,1,1,1
57,1.0,train,0.9999910603055601,8.939694439850054e-06,1,1,1
58,1.0,train,0.9886682471364099,0.01133175286359008,1,1,1
59,0.0,train,0.0166570434262767,0.9833429565737233,0,1,1
60,0.0,train,0.9995557816774688,0.0004442183225310767,1,1,1
61,1.0,train,0.9999984705874091,1.52941259102788e-06,1,1,1
62,0.0,train,0.019719129835608737,0.9802808701643912,0,1,1
63,1.0,train,0.9999980966152164,1.9033847836726712e-06,1,1,1
64,1.0,train,0.9998911030842947,0.00010889691570535256,1,1,1
65,0.0,train,2.7969311361096725e-05,0.9999720306886388,0,1,1
66,0.0,train,0.0007321811090278002,0.9992678188909723,0,1,1
67,1.0,train,0.9999485577835749,5.144221642499155e-05,1,1,1
68,1.0,test,0.9999824970798186,1.7502920181378007e-05,1,1,1
69,1.0,train,0.3775406828054583,0.6224593171945417,0,1,1
70,1.0,train,0.9838471623361619,0.016152837663838075,1,1,1
71,1.0,train,0.9912886148989,0.008711385101100139,1,1,1
72,1.0,train,0.7122321720225278,0.28776782797747225,1,1,1
73,0.0,train,0.00039204195274611603,0.999607958047254,0,1,1
74,0.0,train,0.9950177294939256,0.004982270506074302,1,1,1
75,0.0,train,5.862812264642123e-06,0.9999941371877352,0,1,1
76,1.0,train,0.08151976043757422,0.9184802395624257,0,1,1
77,0.0,train,0.999934971824391,6.502817560910243e-05,1,1,1
78,1.0,train,0.999438521178602,0.0005614788213979736,1,1,1
79,1.0,train,0.9999996794172281,3.205827718315178e-07,1,1,1
80,0.0,dev,0.999631702095928,0.0003682979040718781,1,1,1
81,0.0,dev,0.9942697539519472,0.005730246048052896,1,1,1
82,0.0,train,9.570831152671925e-07,0.9999990429168847,0,1,1
83,0.0,train,5.649793665111203e-05,0.9999435020633489,0,1,1
84,1.0,train,0.9998944531821471,0.00010554681785289765,1,1,1
85,1.0,train,0.00912563658073056,0.9908743634192695,0,1,1
86,1.0,train,0.9736446460067554,0.026355353993244613,1,1,1
87,1.0,train,0.9997040428016176,0.00029595719838247864,1,1,1
88,0.0,train,0.9559813457476622,0.0440186542523378,1,1,1
89,1.0,dev,0.9597620562254526,0.04023794377454747,1,1,1
90,0.0,train,0.9994472214742149,0.0005527785257849914,1,1,1
91,0.0,train,0.24220562872535945,0.7577943712746406,0,1,1
92,0.0,dev,0.07696083357893281,0.9230391664210672,0,1,1
93,1.0,test,0.9999986502979634,1.3497020364635148e-06,1,1,1
94,1.0,train,0.9998088957681126,0.0001911042318874008,1,1,1
95,0.0,train,4.006368745343459e-05,0.9999599363125466,0,1,1
96,0.0,train,0.7772998560157665,0.22270014398423357,1,1,1
97,1.0,train,0.9996317020246095,0.0003682979753904725,1,1,1
98,0.0,train,0.09807932874307333,0.9019206712569268,0,1,1
99,1.0,train,0.9958660319708937,0.004133968029106176,1,1,1
100,0.0,train,0.6261241772283034,0.37387582277169656,1,1,1
101,1.0,train,0.04336580247297339,0.9566341975270266,0,1,1
102,0.0,train,0.9983770332886314,0.0016229667113686432,1,1,1
103,0.0,train,1.6797308633734592e-06,0.9999983202691367,0,1,1
104,0.0,train,0.18242552380635632,0.8175744761936437,0,1,1
105,0.0,train,0.8152324938410784,0.1847675061589216,1,1,1
106,1.0,train,0.9999827684224335,1.7231577566505915e-05,1,1,1
107,1.0,train,0.9999785550606861,2.144493931380414e-05,1,1,1
108,1.0,train,0.9948603889024311,0.005139611097568844,1,1,1
109,0.0,train,0.028436031398129846,0.9715639686018701,0,1,1
110,0.0,dev,0.00013982209231308982,0.999860177907687,0,1,1
111,1.0,train,0.0027576224493523305,0.9972423775506477,0,1,1
112,1.0,train,0.9971104186387569,0.002889581361243189,1,1,1
113,1.0,train,0.9999871945294123,1.2805470587763353e-05,1,1,1
114,0.0,train,0.3311197264277872,0.6688802735722128,0,1,1
115,0.0,train,0.013428255531607104,0.9865717444683929,0,1,1
116,1.0,dev,0.9999138534770754,8.614652292450587e-05,1,1,1
117,1.0,dev,0.9999798543094472,2.0145690552748265e-05,1,1,1
118,0.0,train,0.004133969071992859,0.9958660309280072,0,1,1
119,0.0,train,0.9999203269652094,7.967303479067663e-05,1,1,1
120,1.0,test,0.9643214506603192,0.03567854933968074,1,1,1
121,1.0,train,0.9998390691606269,0.00016093083937295037,1,1,1
122,1.0,train,0.9825575132207566,0.017442486779243406,1,1,1
123,0.0,train,0.0008295892130622771,0.9991704107869378,0,1,1
124,0.0,train,0.0039454069237204,0.9960545930762795,0,1,1
125,1.0,train,0.998567463586475,0.0014325364135251179,1,1,1
126,0.0,train,0.9984268877527358,0.0015731122472641271,1,1,1
127,0.0,train,6.540435277744487e-06,0.9999934595647222,0,1,1
128,0.0,train,0.043365801236617825,0.9566341987633823,0,1,1
129,1.0,train,0.9046505428129514,0.09534945718704857,1,1,1
130,1.0,train,0.999999601028333,3.9897166704132636e-07,1,1,1
131,1.0,train,0.9999992997831051,7.002168947755554e-07,1,1,1
132,1.0,train,0.341582499438317,0.658417500561683,0,1,1
133,0.0,train,3.866966746448882e-07,0.9999996133033254,0,1,1
134,1.0,train,0.9984988175980803,0.0015011824019195573,1,1,1
135,0.0,train,2.1024326584706423e-07,0.9999997897567341,0,1,1
136,0.0,train,0.3451052709578724,0.6548947290421275,0,1,1
137,1.0,train,0.8991213678089741,0.10087863219102594,1,1,1
138,1.0,train,0.9149009491921662,0.08509905080783367,1,1,1
139,1.0,train,0.9999546021181068,4.539788189321616e-05,1,1,1
140,1.0,train,0.86153820232079,0.13846179767920994,1,1,1
141,0.0,train,0.00011959854241134594,0.9998804014575885,0,1,1
142,0.0,train,0.702530051167069,0.29746994883293104,1,1,1
143,1.0,dev,0.9960545924906877,0.0039454075093123386,1,1,1
144,0.0,train,0.9362850030812306,0.0637149969187693,1,1,1
145,0.0,train,0.01065251146790161,0.9893474885320983,0,1,1
146,0.0,dev,0.03732688627322502,0.9626731137267751,0,1,1
147,0.0,train,0.13660840057146192,0.863391599428538,0,1,1
148,1.0,train,0.7154239897159438,0.28457601028405616,1,1,1
149,0.0,train,9.17020018441287e-05,0.9999082979981558,0,1,1
150,0.0,test,0.0034834247103432167,0.9965165752896568,0,1,1
151,0.0,dev,0.8418256432832332,0.15817435671676672,1,1,1
152,1.0,train,0.01133175286359008,0.9886682471364099,0,1,1
153,0.0,train,0.0005193047098104105,0.9994806952901897,0,1,1
154,0.0,train,1.3007129241751242e-05,0.9999869928707582,0,1,1
155,0.0,train,0.00020988318826220518,0.9997901168117378,0,1,1
156,1.0,train,0.9999988088920687,1.1911079312518684e-06,1,1,1
157,0.0,train,0.0002780308396225733,0.9997219691603774,0,1,1
158,1.0,train,0.9808759657647961,0.01912403423520393,1,1,1
159,1.0,train,0.9999359799320806,6.40200679194885e-05,1,1,1
160,1.0,train,0.9999939510794815,6.048920518329587e-06,1,1,1
161,1.0,train,0.999195913950635,0.000804086049364951,1,1,1
162,1.0,train,0.9999524235301473,4.75764698526139e-05,1,1,1
163,0.0,train,0.9976403392653189,0.0023596607346811167,1,1,1
164,1.0,train,0.9989515306938215,0.001048469306178582,1,1,1
165,0.0,dev,0.032589744766025344,0.9674102552339746,0,1,1
166,1.0,test,0.9961755171785466,0.0038244828214535533,1,1,1
167,0.0,train,2.1444956090062047e-05,0.9999785550439099,0,1,1
168,,,2.0611536181902033e-09,0.9999999979388463,0,0,1
169,0.0,train,0.0007096705681791412,0.999290329431821,0,1,1
170,0.0,train,0.006289901019244827,0.9937100989807552,0,1,1
171,1.0,train,0.9998601779764331,0.00013982202356683962,1,1,1
172,1.0,train,0.9997428580345694,0.0002571419654305445,1,1,1
173,0.0,train,2.247409253335199e-05,0.9999775259074666,0,1,1
174,1.0,train,0.00912563846711391,0.9908743615328861,0,1,1
175,0.0,train,2.443992408570426e-06,0.9999975560075914,0,1,1
176,0.0,test,0.01450357926541066,0.9854964207345893,0,1,1
177,0.0,train,0.0014550631983398087,0.9985449368016602,0,1,1
178,1.0,dev,0.9968273175816548,0.003172682418345236,1,1,1
179,0.0,train,0.004982269730421259,0.9950177302695786,0,1,1
180,1.0,train,0.12940274166401952,0.8705972583359805,0,1,1
181,1.0,train,0.9927672362500194,0.007232763749980519,1,1,1
182,1.0,train,0.9999673007256031,3.2699274396828115e-05,1,1,1
183,0.0,test,0.9981897889468719,0.001810211053128066,1,1,1
184,1.0,train,0.0006986756248704608,0.9993013243751295,0,1,1
185,1.0,train,0.9032942132122421,0.09670578678775775,1,1,1
186,1.0,train,0.00031503867530948613,0.9996849613246905,0,1,1
187,1.0,train,0.5506073655352404,0.44939263446475963,1,1,1
188,1.0,train,0.25386101825929835,0.7461389817407016,0,1,1
189,1.0,train,0.9985220572286938,0.0014779427713060471,1,1,1
190,0.0,train,0.8740772450055544,0.12592275499444552,1,1,1
191,1.0,dev,0.9999994103579966,5.89642003409076e-07,1,1,1
192,1.0,train,0.588889130767832,0.411110869232168,1,1,1
193,1.0,train,0.9999986074530566,1.392546943380526e-06,1,1,1
194,1.0,train,0.9997219690930726,0.0002780309069273268,1,1,1
195,0.0,train,0.43398147944527604,0.5660185205547239,0,1,1
196,0.0,dev,0.00030061644838803105,0.9996993835516119,0,1,1
197,1.0,train,0.9999111191849454,8.888081505465432e-05,1,1,1
198,1.0,train,0.9999916019279338,8.398072066236525e-06,1,1,1
199,1.0,test,0.8705972616934408,0.1294027383065593,1,1,1
200,1.0,dev,0.9511422248401615,0.04885777515983835,1,1,1
201,1.0,test,0.28140560742914383,0.7185943925708561,0,1,1
202,1.0,train,0.31742626558767584,0.682573734412324,0,1,1
203,1.0,train,0.9923043538457321,0.007695646154267965,1,1,1
204,0.0,dev,0.0023967308701289603,0.997603269129871,0,1,1
205,1.0,dev,0.7905303137346446,0.20946968626535545,1,1,1
206,0.0,train,8.888083094637137e-05,0.9999111191690536,0,1,1
207,0.0,train,0.9996485616477243,0.00035143835227576545,1,1,1
208,0.0,train,0.0003250357677671606,0.9996749642322328,0,1,1
209,1.0,train,0.9999970976893122,2.9023106877805905e-06,1,1,1
210,1.0,test,0.9999929281068922,7.071893107806023e-06,1,1,1
211,1.0,train,0.9999788875252188,2.111247478123588e-05,1,1,1
212,1.0,train,0.0016229668683101015,0.99837703313169,0,1,1
213,0.0,train,0.9566341975270266,0.04336580247297339,1,1,1
214,1.0,train,0.9863631627142339,0.013636837285766142,1,1,1
215,0.0,train,7.296379031076595e-06,0.9999927036209689,0,1,1
216,1.0,train,0.9999996640320036,3.359679965403595e-07,1,1,1
217,1.0,test,0.9974090209051307,0.002590979094869379,1,1,1
218,1.0,train,0.9005297861178929,0.09947021388210707,1,1,1
219,1.0,train,0.3998116407397951,0.600188359260205,0,1,1
220,1.0,train,0.9997086298351489,0.0002913701648511413,1,1,1
221,0.0,train,0.6224593171945417,0.3775406828054583,1,1,1
222,0.0,train,1.4285521907449246e-05,0.9999857144780925,0,1,1
223,0.0,train,4.710906864902401e-06,0.9999952890931351,0,1,1
224,0.0,train,0.022286188136737824,0.9777138118632621,0,1,1
225,0.0,train,0.000646203425441139,0.9993537965745589,0,1,1
226,1.0,train,0.999972030703434,2.7969296565994255e-05,1,1,1
227,1.0,train,0.9999995947456074,4.0525439250524356e-07,1,1,1
228,0.0,train,0.16885694795909764,0.8311430520409023,0,1,1
229,0.0,train,0.025178839506119776,0.9748211604938802,0,1,1
230,1.0,train,0.7371581510799253,0.2628418489200747,1,1,1
231,1.0,dev,0.9273632926354617,0.07263670736453837,1,1,1
232,1.0,train,0.9999566809587475,4.3319041252629415e-05,1,1,1
233,0.0,train,2.1444950977296344e-05,0.9999785550490227,0,1,1
234,0.0,train,0.5078118642792044,0.49218813572079556,1,1,1
235,0.0,train,0.999322805807298,0.000677194192701981,1,1,1
236,1.0,train,0.9998665799443635,0.00013342005563643814,1,1,1
237,0.0,train,0.863391611731321,0.136608388268679,1,1,1
238,1.0,dev,0.999996094518094,3.905481905938326e-06,1,1,1
239,1.0,train,0.9802808698763475,0.019719130123652444,1,1,1
240,1.0,train,0.9912886141268261,0.008711385873173758,1,1,1
241,0.0,train,0.007937993397329063,0.992062006602671,0,1,1
242,0.0,train,0.36296921930155557,0.6370307806984444,0,1,1
243,1.0,train,0.9999979419509365,2.0580490636124965e-06,1,1,1
244,0.0,train,0.01691491549682238,0.9830850845031777,0,1,1
245,1.0,train,0.9999611688996781,3.883110032177855e-05,1,1,1
246,1.0,train,0.0008040859595735953,0.9991959140404265,0,1,1
247,1.0,train,0.00024923246517518814,0.9997507675348247,0,1,1
248,0.0,train,0.8633916170039421,0.13660838299605804,1,1,1
249,1.0,train,0.9986749775433504,0.0013250224566495835,1,1,1
250,1.0,train,0.9994887420455152,0.0005112579544847895,1,1,1
251,1.0,train,0.13660838299605804,0.8633916170039421,0,1,1
252,1.0,train,0.658417500561683,0.341582499438317,1,1,1
253,1.0,train,0.9744347864479426,0.025565213552057323,1,1,1
254,0.0,train,0.9995626655248283,0.00043733447517163327,1,1,1
255,0.0,test,0.01566364687366398,0.984336353126336,0,1,1
256,0.0,train,0.9362850004144266,0.06371499958557338,1,1,1
257,1.0,train,0.999998422038354,1.5779616459890874e-06,1,1,1
258,1.0,train,0.8221891261650248,0.17781087383497526,1,1,1
259,1.0,test,0.9658995752693051,0.03410042473069496,1,1,1
260,0.0,train,0.00030061630508606413,0.999699383694914,0,1,1
261,1.0,train,0.9324533069832973,0.06754669301670263,1,1,1
262,0.0,train,0.00010071405023672942,0.9998992859497633,0,1,1
263,1.0,train,0.9999951395537162,4.860446283840592e-06,1,1,1
264,1.0,train,0.9999997257910135,2.742089865744465e-07,1,1,1
265,1.0,test,0.9999977396754747,2.2603245252529047e-06,1,1,1
266,0.0,train,0.015424553439632196,0.9845754465603678,0,1,1
267,1.0,test,0.9941800409761672,0.005819959023832773,1,1,1
268,0.0,train,0.9999924720096018,7.527990398192757e-06,1,1,1
269,1.0,train,0.9999886991933504,1.1300806649501586e-05,1,1,1
270,1.0,train,0.1993080074160125,0.8006919925839875,0,1,1
271,1.0,train,0.7772998508568416,0.22270014914315833,1,1,1
272,1.0,test,0.9763105300791783,0.023689469920821535,1,1,1
273,0.0,train,0.0031726826539785367,0.9968273173460214,0,1,1
274,0.0,train,0.00012931561642563348,0.9998706843835743,0,1,1
275,0.0,test,0.0009399439646214005,0.9990600560353786,0,1,1
276,0.0,train,0.5428632831725052,0.45713671682749485,1,1,1
277,1.0,train,0.9999678076720987,3.219232790133229e-05,1,1,1
278,1.0,train,0.999814774184986,0.00018522581501407762,1,1,1
279,1.0,train,0.07585817584273653,0.9241418241572634,0,1,1
280,1.0,train,0.9566341969088488,0.04336580309115119,1,1,1
281,0.0,train,2.994439731997379e-06,0.9999970055602679,0,1,1
282,1.0,train,0.9923043530491911,0.007695646950809016,1,1,1
283,1.0,train,0.9973683265335688,0.002631673466431267,1,1,1
284,0.0,train,2.7420886195052355e-07,0.999999725791138,0,1,1
285,0.0,train,0.0627892103508204,0.9372107896491795,0,1,1
286,1.0,test,0.9999995818812474,4.1811875272631017e-07,1,1,1
287,1.0,train,0.9999986712222204,1.3287777795858548e-06,1,1,1
288,0.0,test,0.0302145861941363,0.9697854138058638,0,1,1
289,0.0,train,0.8633915959134572,0.13660840408654296,1,1,1
290,1.0,train,0.9899864302631448,0.010013569736855174,1,1,1
291,0.0,dev,5.626400582290219e-07,0.9999994373599418,0,1,1
292,0.0,train,0.9999993723294837,6.27670516283313e-07,1,1,1
293,0.0,train,2.225280499922837e-06,0.9999977747195,0,1,1
294,1.0,train,0.9997305207721806,0.00026947922781932925,1,1,1
295,0.0,train,0.2974699426047947,0.7025300573952054,0,1,1
296,0.0,train,0.00359360332841002,0.9964063966715899,0,1,1
297,1.0,train,0.9999959705444794,4.029455520598883e-06,1,1,1
298,1.0,train,0.9999963311351598,3.6688648400227505e-06,1,1,1
299,1.0,train,0.9999890468727309,1.0953127269035846e-05,1,1,1
300,0.0,train,0.2751297238231752,0.7248702761768248,0,1,1
301,0.0,train,2.726470920735403e-06,0.9999972735290792,0,1,1
302,0.0,train,0.0011160145256247091,0.9988839854743752,0,1,1
303,1.0,dev,0.9999407908140929,5.9209185907118233e-05,1,1,1
304,0.0,dev,0.0028449091577172885,0.9971550908422828,0,1,1
305,0.0,train,0.5813031051514762,0.41869689484852374,1,1,1
306,0.0,train,0.0003625898934495393,0.9996374101065505,0,1,1
307,0.0,test,7.224442781292096e-07,0.9999992775557219,0,1,1
308,1.0,train,0.9998534687530309,0.00014653124696910775,1,1,1
309,0.0,train,0.0018969204694564547,0.9981030795305436,0,1,1
310,0.0,dev,0.00043733445562980927,0.9995626655443702,0,1,1
311,0.0,train,6.439036647910485e-06,0.9999935609633521,0,1,1
312,0.0,train,8.714334925511825e-07,0.9999991285665075,0,1,1
313,1.0,train,0.9852713875558432,0.01472861244415683,1,1,1
314,1.0,train,0.9999379495095243,6.205049047560527e-05,1,1,1
315,1.0,train,0.9999426123970899,5.7387602910211886e-05,1,1,1
316,1.0,dev,0.0002868539969228201,0.9997131460030773,0,1,1
317,1.0,train,0.9994207084573287,0.0005792915426714446,1,1,1
318,1.0,train,0.9999955048197109,4.4951802890887315e-06,1,1,1
319,1.0,dev,0.9999989488504601,1.0511495399371338e-06,1,1,1
320,0.0,train,0.999993037743646,6.962256353883349e-06,1,1,1
321,1.0,train,0.9993638087606312,0.0006361912393686283,1,1,1
322,1.0,train,0.9954615673663714,0.0045384326336286775,1,1,1
323,1.0,train,0.9532750466836962,0.0467249533163039,1,1,1
324,0.0,train,0.2782568056728001,0.7217431943271999,0,1,1
325,1.0,train,0.9996430293516688,0.00035697064833110394,1,1,1
326,1.0,train,0.24220562872535945,0.7577943712746406,0,1,1
327,0.0,train,0.9920620054878803,0.007937994512119665,1,1,1
328,0.0,train,0.9504109777182593,0.049589022281740745,1,1,1
329,1.0,train,0.9964619139429115,0.0035380860570885376,1,1,1
330,0.0,train,0.00225184701166641,0.9977481529883336,0,1,1
331,1.0,dev,0.9999995034717956,4.965282043737343e-07,1,1,1
332,0.0,train,0.023330764733947133,0.976669235266053,0,1,1
333,0.0,train,5.896418430582951e-07,0.9999994103581571,0,1,1
334,1.0,train,0.9999982119352044,1.7880647954920245e-06,1,1,1
335,0.0,train,9.570826018484297e-07,0.9999990429173983,0,1,1
336,0.0,train,0.9999881568663124,1.184313368762924e-05,1,1,1
337,0.0,train,0.0037654132256962746,0.9962345867743037,0,1,1
338,0.0,dev,2.0785167957329975e-05,0.9999792148320428,0,1,1
339,1.0,train,0.3311197396289915,0.6688802603710086,0,1,1
340,1.0,train,0.9999566809484197,4.33190515802475e-05,1,1,1
341,0.0,dev,0.6039318337259583,0.3960681662740417,1,1,1
342,0.0,train,1.191108619020785e-06,0.999998808891381,0,1,1
343,1.0,train,0.02262920530617002,0.9773707946938299,0,1,1
344,1.0,train,0.001000504162609839,0.9989994958373902,0,1,1
345,1.0,train,0.013222821363445087,0.986777178636555,0,1,1
346,1.0,test,0.999977874321261,2.2125678739162573e-05,1,1,1
347,0.0,train,1.1544623081669216e-06,0.9999988455376919,0,1,1
348,0.0,train,0.00010720884564781033,0.9998927911543523,0,1,1
349,1.0,train,0.966914023279772,0.03308597672022805,1,1,1
350,1.0,train,0.9481545384777481,0.051845461522251765,1,1,1
351,1.0,train,0.9219218359276639,0.07807816407233607,1,1,1
352,1.0,train,0.9999987121046356,1.2878953643869218e-06,1,1,1
353,1.0,train,0.9978510502211027,0.0021489497788973943,1,1,1
354,0.0,train,0.9674102566433705,0.032589743356629446,1,1,1
355,1.0,train,0.9997868124069487,0.00021318759305130405,1,1,1
356,1.0,train,0.41869690935568665,0.5813030906443133,0,1,1
357,1.0,dev,0.005220126003077935,0.9947798739969221,0,1,1
358,1.0,train,0.9999975938983237,2.4061016764259143e-06,1,1,1
359,0.0,dev,0.999992353461368,7.646538631962276e-06,1,1,1
360,1.0,train,0.9999994877103964,5.122896037294611e-07,1,1,1
361,1.0,train,0.9854964196696611,0.014503580330338982,1,1,1
362,0.0,test,0.9979170287988048,0.002082971201195257,1,1,1
363,0.0,train,7.07189337125271e-06,0.9999929281066287,0,1,1
364,1.0,train,0.8558511396138365,0.14414886038616348,1,1,1
365,0.0,train,0.9579122756889438,0.04208772431105632,1,1,1
366,0.0,train,0.013848612657595611,0.9861513873424044,0,1,1
367,0.0,test,0.9999165037498092,8.349625019064479e-05,1,1,1
368,0.0,train,0.10521053109182897,0.8947894689081711,0,1,1
369,0.0,train,7.646537350121258e-06,0.9999923534626499,0,1,1
370,0.0,dev,0.027169237049631305,0.9728307629503687,0,1,1
371,1.0,test,0.9999349718447385,6.502815526152698e-05,1,1,1
372,1.0,train,0.3486451488696663,0.6513548511303336,0,1,1
373,1.0,train,0.991812091913459,0.00818790808654098,1,1,1
374,0.0,test,0.007815890175955166,0.9921841098240447,0,1,1
375,1.0,train,0.9986749775827868,0.0013250224172131609,1,1,1
376,0.0,train,0.9999898700082267,1.0129991773346224e-05,1,1,1
377,,,6.083588191472352e-07,0.9999993916411809,0,1,1
378,0.0,train,2.0611536181902033e-09,0.9999999979388463,0,0,1
379,0.0,train,1.1659531009807045e-05,0.9999883404689901,0,1,1
380,0.0,train,2.5071582640390857e-05,0.9999749284173596,0,1,1
381,1.0,train,0.9998118580099867,0.00018814199001323216,1,1,1
382,1.0,train,0.42250464935739196,0.577495350642608,0,1,1
383,0.0,train,0.07369627174050787,0.926303728259492,0,1,1
384,0.0,train,0.9496693617046215,0.050330638295378434,1,1,1
385,1.0,train,0.9999263140707376,7.36859292624457e-05,1,1,1
386,0.0,train,0.29421497216298875,0.7057850278370112,0,1,1
387,1.0,train,0.9999986918236607,1.308176339130632e-06,1,1,1
388,1.0,test,0.9999942280803783,5.771919621626216e-06,1,1,1
389,1.0,train,0.16026602029529713,0.8397339797047029,0,1,1
390,0.0,train,0.006903838275551822,0.9930961617244481,0,1,1
391,1.0,test,0.2689414330889798,0.7310585669110203,0,1,1
392,1.0,train,0.998272541668782,0.001727458331217991,1,1,1
393,0.0,test,0.30735801686526387,0.6926419831347361,0,1,1
394,0.0,train,7.527990566455189e-06,0.9999924720094335,0,1,1
395,0.0,train,1.4367502085865912e-06,0.9999985632497913,0,1,1
396,1.0,dev,0.999998211936237,1.788063763029801e-06,1,1,1
397,1.0,train,0.9999972305943541,2.76940564601386e-06,1,1,1
398,1.0,train,0.31405054499180746,0.6859494550081925,0,1,1
399,1.0,train,0.9999580136942657,4.1986305734361304e-05,1,1,1
400,1.0,train,0.9998927911934876,0.00010720880651237447,1,1,1
401,1.0,train,0.96095171090821,0.039048289091790075,1,1,1
402,0.0,train,1.2411496820383451e-05,0.9999875885031797,0,1,1
403,1.0,train,0.9999970976886527,2.9023113473076923e-06,1,1,1
404,0.0,train,1.577962357270316e-06,0.9999984220376428,0,1,1
405,0.0,train,0.0007321811744419655,0.9992678188255582,0,1,1
406,1.0,test,0.9999951395532093,4.8604467908222096e-06,1,1,1
407,0.0,dev,0.3007455914759599,0.6992544085240401,0,1,1
408,1.0,test,0.9998766054194176,0.00012339458058247078,1,1,1
409,1.0,train,0.9995891515235613,0.0004108484764385947,1,1,1
410,1.0,train,0.9999995262095973,4.7379040261756853e-07,1,1,1
411,1.0,train,0.999993037742038,6.962257961930755e-06,1,1,1
412,0.0,train,2.058049477620517e-06,0.9999979419505224,0,1,1
413,0.0,train,0.865224072151174,0.13477592784882603,1,1,1
414,0.0,train,5.507604382583129e-06,0.9999944923956173,0,1,1
415,0.0,train,0.03904828937136209,0.9609517106286379,0,1,1
416,1.0,train,0.999848817939717,0.00015118206028303662,1,1,1
417,0.0,train,0.008847353514896936,0.991152646485103,0,1,1
418,1.0,train,0.9999929281016496,7.071898350396992e-06,1,1,1
419,1.0,train,0.9999994194994762,5.805005238101206e-07,1,1,1
420,1.0,train,0.9999981261254121,1.8738745878496615e-06,1,1,1
421,1.0,train,0.0005527785381337246,0.9994472214618663,0,1,1
422,1.0,train,0.9525741281688026,0.047425871831197425,1,1,1
423,1.0,test,0.9998665799339274,0.00013342006607264319,1,1,1
424,0.0,train,0.00048029726050051306,0.9995197027394994,0,1,1
425,1.0,dev,0.9999988455381693,1.1544618307890685e-06,1,1,1
426,1.0,train,0.9984268879516727,0.0015731120483273898,1,1,1
427,0.0,test,0.8006920020959544,0.19930799790404563,1,1,1
428,1.0,train,0.97935406850754,0.020645931492460103,1,1,1
429,0.0,test,0.0003740956493092331,0.9996259043506909,0,1,1
430,0.0,train,0.01098694263059318,0.9890130573694068,0,1,1
431,0.0,test,0.000755405565242023,0.999244594434758,0,1,1
432,0.0,train,0.998189788893021,0.0018102111069789018,1,1,1
433,1.0,train,0.999995574509724,4.425490275892618e-06,1,1,1
434,0.0,test,0.9999956431202114,4.356879788700516e-06,1,1,1
435,0.0,dev,2.026142382162943e-06,0.9999979738576178,0,1,1
436,1.0,train,0.7401743505760728,0.25982564942392716,1,1,1
437,0.0,train,0.0020190140805980386,0.997980985919402,0,1,1
438,0.0,train,0.9697854122776628,0.030214587722337254,1,1,1
439,0.0,train,0.00020662986182449467,0.9997933701381755,0,1,1
440,1.0,train,0.10818896318842186,0.8918110368115783,0,1,1
441,0.0,train,3.480812818507583e-05,0.999965191871815,0,1,1
442,1.0,train,0.9997131459047928,0.00028685409520716145,1,1,1
443,0.0,train,0.9966755630836578,0.0033244369163422795,1,1,1
444,1.0,dev,0.28776780354463427,0.7122321964553657,0,1,1
445,1.0,train,0.999995643118296,4.35688170390835e-06,1,1,1
446,0.0,train,0.0001795279479492191,0.9998204720520507,0,1,1
447,1.0,train,0.5467381667555714,0.45326183324442865,1,1,1
448,0.0,train,0.007121428113564034,0.9928785718864359,0,1,1
449,1.0,train,0.9998488179346491,0.00015118206535104397,1,1,1
450,0.0,train,0.0013885232343662508,0.9986114767656337,0,1,1
451,1.0,train,0.9905874098566368,0.009412590143363117,1,1,1
452,0.0,train,0.048857782776979074,0.951142217223021,0,1,1
453,1.0,train,0.9908743628803028,0.009125637119697194,1,1,1
454,1.0,train,0.9965703968653173,0.0034296031346825106,1,1,1
455,1.0,train,0.9086178882719769,0.09138211172802314,1,1,1
456,1.0,dev,0.9664104904802131,0.033589509519786835,1,1,1
457,0.0,train,0.23651623644570763,0.7634837635542924,0,1,1
458,1.0,test,0.9999900270558055,9.972944194448864e-06,1,1,1
459,1.0,train,0.49218813572079556,0.5078118642792044,0,1,1
460,1.0,train,0.0016743991044403962,0.9983256008955597,0,1,1
461,0.0,test,0.001548761324713956,0.9984512386752861,0,1,1
462,1.0,train,0.12765262532179067,0.8723473746782093,0,1,1
463,1.0,train,0.0019267349498801579,0.9980732650501198,0,1,1
464,1.0,train,0.015663647103414512,0.9843363528965855,0,1,1
465,0.0,train,0.9999124970304246,8.750296957530075e-05,1,1,1
466,0.0,train,0.0002694790351247755,0.9997305209648752,0,1,1
467,0.0,train,0.9372107896491795,0.0627892103508204,1,1,1
468,1.0,train,0.9956005871309692,0.004399412869030701,1,1,1
469,1.0,train,0.00034599143825368413,0.9996540085617464,0,1,1
470,1.0,train,0.00020027385622957932,0.9997997261437704,0,1,1
471,1.0,train,0.00010889688406633827,0.9998911031159337,0,1,1
472,1.0,train,0.9999931456853928,6.854314607150903e-06,1,1,1
473,0.0,train,7.967304310056005e-05,0.9999203269568994,0,1,1
474,1.0,train,0.6442251064863697,0.35577489351363034,1,1,1
475,0.0,train,0.0004173158849956255,0.9995826841150044,0,1,1
476,0.0,train,0.00048029740357152274,0.9995197025964284,0,1,1
477,1.0,train,0.9995626655052866,0.00043733449471345824,1,1,1
478,1.0,train,0.9999538872515139,4.61127484861921e-05,1,1,1
479,0.0,train,2.0698390718901728e-07,0.9999997930160929,0,1,1
480,1.0,train,0.9999972305930127,2.769406987199668e-06,1,1,1
481,0.0,train,0.8333246035907932,0.16667539640920673,1,1,1
482,0.0,train,0.0033766120808662167,0.9966233879191339,0,1,1
483,1.0,train,0.4455295350395727,0.5544704649604273,0,1,1
484,1.0,train,0.9820137895115189,0.017986210488481234,1,1,1
485,1.0,test,0.6113819591324418,0.38861804086755836,1,1,1
486,0.0,test,0.0007793661394384792,0.9992206338605614,0,1,1
487,1.0,train,0.9817357195106375,0.01826428048936249,1,1,1
488,1.0,train,0.9988664308177528,0.0011335691822471669,1,1,1
489,1.0,dev,0.9999715902663671,2.8409733632936395e-05,1,1,1
490,1.0,dev,0.9989350373675747,0.0010649626324252448,1,1,1
491,0.0,train,0.9857180652357771,0.014281934764223,1,1,1
492,1.0,dev,0.08035747322699913,0.9196425267730007,0,1,1
493,0.0,train,7.64654008471569e-06,0.9999923534599152,0,1,1
494,1.0,train,0.9999952890928193,4.710907180791846e-06,1,1,1
495,1.0,train,0.7879312006227324,0.21206879937726766,1,1,1
496,1.0,train,0.9987156921331146,0.0012843078668853712,1,1,1
497,0.0,train,0.02887090861744589,0.9711290913825542,0,1,1
498,0.0,train,0.9744347879327917,0.02556521206720831,1,1,1
499,1.0,train,0.9987744327704969,0.001225567229503116,1,1,1
500,1.0,train,0.999906854082065,9.31459179350727e-05,1,1,1
501,0.0,train,0.0007437027751860179,0.9992562972248139,0,1,1
502,1.0,train,0.9999493552898823,5.064471011761319e-05,1,1,1
503,1.0,train,0.9999623635488935,3.7636451106614225e-05,1,1,1
504,1.0,train,0.9974090212517077,0.0025909787482923346,1,1,1
505,1.0,train,0.9961155225575293,0.0038844774424705683,1,1,1
506,1.0,train,0.9585377275846999,0.04146227241530006,1,1,1
507,1.0,train,0.9999988273578699,1.1726421301667875e-06,1,1,1
508,1.0,train,0.006692851122412387,0.9933071488775878,0,1,1
509,0.0,train,0.9441768612215684,0.05582313877843163,1,1,1
510,1.0,dev,0.9999973158008792,2.6841991206385212e-06,1,1,1
511,1.0,dev,0.9999873930539009,1.2606946099059487e-05,1,1,1
512,1.0,test,0.8006920068519376,0.19930799314806233,1,1,1
513,0.0,train,0.026355347492871044,0.9736446525071291,0,1,1
514,0.0,train,0.9149009480320036,0.0850990519679964,1,1,1
515,0.0,dev,3.480810536389043e-05,0.9999651918946362,0,1,1
516,1.0,train,0.99999440566485,5.594335150064492e-06,1,1,1
517,1.0,train,0.9999469249059566,5.30750940434424e-05,1,1,1
518,1.0,train,0.9999918603081027,8.139691897208228e-06,1,1,1
519,1.0,train,0.9740426429905805,0.025957357009419556,1,1,1
520,0.0,train,0.0005614787628640558,0.999438521237136,0,1,1
521,1.0,train,0.9999937590720739,6.240927926107299e-06,1,1,1
522,0.0,test,0.01032815038693814,0.9896718496130618,0,1,1
523,0.0,train,0.004829721387699981,0.9951702786123,0,1,1
524,1.0,train,0.11757213972942693,0.8824278602705732,0,1,1
525,0.0,train,3.321419692757973e-05,0.9999667858030725,0,1,1
526,0.0,train,0.9820137901695059,0.017986209830494145,1,1,1
527,1.0,train,0.5621765008857981,0.4378234991142019,1,1,1
528,0.0,train,0.9934102281905973,0.006589771809402813,1,1,1
529,1.0,train,0.9999991148429542,8.851570458245621e-07,1,1,1
530,0.0,test,0.01262494965306705,0.9873750503469328,0,1,1
531,1.0,test,0.9994296843778568,0.000570315622143147,1,1,1
532,0.0,dev,1.723156864388658e-05,0.999982768431356,0,1,1
533,0.0,dev,0.04336579629119585,0.956634203708804,0,1,1
534,1.0,train,0.665410558746814,0.33458944125318596,1,1,1
535,1.0,train,0.9999969584048699,3.041595130187551e-06,1,1,1
536,1.0,train,0.9999760764827144,2.3923517285634074e-05,1,1,1
537,1.0,train,0.999986992868917,1.3007131083030053e-05,1,1,1
538,0.0,train,0.9999329077590027,6.709224099726776e-05,1,1,1
539,1.0,train,0.6926419831347361,0.30735801686526387,1,1,1
540,1.0,train,0.7905303236047049,0.20946967639529512,1,1,1
541,0.0,dev,0.0020507436619005516,0.9979492563380994,0,1,1
542,0.0,train,0.9936116789484009,0.006388321051599197,1,1,1
543,0.0,train,3.237760744325624e-06,0.9999967622392558,0,1,1
544,1.0,train,0.9982178039957472,0.0017821960042528377,1,1,1
545,1.0,dev,0.9808759617117478,0.019124038288252102,1,1,1
546,1.0,train,0.974821156470663,0.02517884352933707,1,1,1
547,0.0,train,0.00017674512757058982,0.9998232548724295,0,1,1
548,0.0,train,0.6442250928250376,0.3557749071749625,1,1,1
549,1.0,train,0.9999008473131611,9.915268683888175e-05,1,1,1
550,1.0,train,4.331902350204157e-05,0.9999566809764979,0,1,1
551,1.0,train,0.999996958404258,3.0415957420502924e-06,1,1,1
552,0.0,train,5.7719214062885135e-06,0.9999942280785937,0,1,1
553,0.0,train,0.9693241962954524,0.030675803704547675,1,1,1
554,1.0,train,0.5506073655352404,0.44939263446475963,1,1,1
555,0.0,train,0.003273064678994644,0.9967269353210054,0,1,1
556,1.0,train,0.9999984465029053,1.5534970948519441e-06,1,1,1
557,1.0,train,0.9998232548553132,0.00017674514468666455,1,1,1
558,1.0,train,0.999963521454035,3.6478545964980526e-05,1,1,1
559,0.0,train,3.446578679087019e-06,0.9999965534213209,0,1,1
560,0.0,train,0.0001214817745255768,0.9998785182254745,0,1,1
561,1.0,train,0.9953904268976124,0.004609573102387605,1,1,1
562,0.0,train,8.750302889739093e-05,0.9999124969711025,0,1,1
563,0.0,train,0.9942697522964353,0.0057302477035647125,1,1,1
564,0.0,train,0.0033766118802840417,0.996623388119716,0,1,1
565,0.0,train,8.99095950503534e-07,0.9999991009040495,0,1,1
566,1.0,train,0.96036116089903,0.039638839100970026,1,1,1
567,0.0,train,0.0028009264676790765,0.9971990735323208,0,1,1
568,0.0,train,0.043365801236617825,0.9566341987633823,0,1,1
569,0.0,train,0.99206200419707,0.007937995802930031,1,1,1
570,1.0,train,0.999999230962125,7.690378750589617e-07,1,1,1
571,0.0,train,0.000160930786624209,0.9998390692133757,0,1,1
572,0.0,train,5.715004129696638e-07,0.999999428499587,0,1,1
573,0.0,dev,0.0159063898457867,0.9840936101542134,0,1,1
574,1.0,train,0.9992445945134933,0.0007554054865066087,1,1,1
575,0.0,train,0.009412590421239774,0.9905874095787601,0,1,1
576,1.0,train,0.9999239752140127,7.602478598735042e-05,1,1,1
577,0.0,train,0.9343951652812917,0.06560483471870812,1,1,1
578,0.0,train,8.801101953538254e-06,0.9999911988980463,0,1,1
579,1.0,train,0.9999827684284032,1.7231571596695345e-05,1,1,1
580,1.0,test,0.0015487611403731728,0.9984512388596269,0,1,1
581,1.0,train,0.9999948260826176,5.1739173824799436e-06,1,1,1
582,0.0,train,0.8397339556397749,0.160266044360225,1,1,1
583,1.0,train,0.0019267345487064141,0.9980732654512935,0,1,1
584,0.0,dev,0.5350984286266115,0.46490157137338844,1,1,1
585,1.0,dev,0.23651622568252118,0.7634837743174788,0,1,1
586,1.0,train,0.9994887420074431,0.0005112579925570023,1,1,1
587,1.0,train,0.9958660320015669,0.004133967998433043,1,1,1
588,0.0,train,0.14414884935602928,0.8558511506439708,0,1,1
589,0.0,train,8.398068531032984e-06,0.9999916019314689,0,1,1
590,0.0,train,2.0580489869443537e-06,0.9999979419510131,0,1,1
591,1.0,train,0.9941800411054963,0.005819958894503649,1,1,1
592,0.0,train,0.0075772430607274135,0.9924227569392726,0,1,1
593,1.0,train,0.9999909195267297,9.08047327032165e-06,1,1,1
594,1.0,test,0.9991440992230819,0.0008559007769182084,1,1,1
595,1.0,dev,0.9999985176415342,1.4823584657561753e-06,1,1,1
596,1.0,train,0.9999687980776801,3.120192231982822e-05,1,1,1
597,0.0,train,0.658417500561683,0.341582499438317,1,1,1
598,1.0,test,0.9911526451784085,0.008847354821591458,1,1,1
599,0.0,train,0.00011774459228387069,0.9998822554077161,0,1,1
600,0.0,train,0.4378234991142019,0.5621765008857981,0,1,1
601,0.0,train,2.014568845143143e-05,0.9999798543115486,0,1,1
602,0.0,train,0.036769467131121676,0.9632305328688783,0,1,1
603,0.0,train,0.05108273695705249,0.9489172630429474,0,1,1
604,1.0,train,0.9997933702720854,0.00020662972791463135,1,1,1
605,0.0,train,1.4144765887472556e-06,0.9999985855234111,0,1,1
606,0.0,train,5.507608650185715e-06,0.9999944923913497,0,1,1
607,0.0,train,0.0014779428042918197,0.9985220571957083,0,1,1
608,1.0,train,0.9943580907476066,0.005641909252393404,1,1,1
609,0.0,train,0.9989182844896524,0.0010817155103476622,1,1,1
610,1.0,dev,0.9998147742912292,0.00018522570877072125,1,1,1
611,1.0,train,0.35577489351363034,0.6442251064863697,0,1,1
612,1.0,train,0.9976032692545707,0.0023967307454292974,1,1,1
613,1.0,train,0.9999991285657834,8.714342164852822e-07,1,1,1
614,0.0,dev,0.9999976312006517,2.3687993483064657e-06,1,1,1
615,0.0,train,0.9799765610497293,0.020023438950270728,1,1,1
616,1.0,train,0.9998706843845377,0.0001293156154622817,1,1,1
617,1.0,train,0.9999975175191397,2.482480860232084e-06,1,1,1
618,0.0,train,9.170199911144674e-05,0.9999082980008885,0,1,1
619,0.0,train,2.7694064713588963e-06,0.9999972305935287,0,1,1
620,1.0,train,0.9999559987998492,4.400120015070326e-05,1,1,1
621,1.0,train,0.9999764473733851,2.3552626614960627e-05,1,1,1
622,0.0,train,0.0010162442831132786,0.9989837557168868,0,1,1
623,0.0,train,9.818326398445572e-06,0.9999901816736014,0,1,1
624,0.0,train,0.04401865111705817,0.955981348882942,0,1,1
625,0.0,test,0.00041731594715459203,0.9995826840528453,0,1,1
626,1.0,train,0.9999923534600862,7.64653991380351e-06,1,1,1
627,1.0,dev,0.9997507674698485,0.0002492325301514283,1,1,1
628,1.0,dev,0.9995271455795651,0.0004728544204348141,1,1,1
629,1.0,train,0.523420348936324,0.47657965106367595,1,1,1
630,0.0,train,0.1540575588075327,0.8459424411924674,0,1,1
631,0.0,train,0.9986954934504506,0.0013045065495492904,1,1,1
632,0.0,train,8.664655730156797e-06,0.9999913353442699,0,1,1
633,0.0,test,1.0289514405345398e-05,0.9999897104855947,0,1,1
634,1.0,train,0.9991704108486956,0.0008295891513043427,1,1,1
635,1.0,train,0.9999935609604735,6.439039526366284e-06,1,1,1
636,1.0,test,0.8577681158979307,0.14223188410206938,1,1,1
637,1.0,train,0.9996993835336992,0.00030061646630078176,1,1,1
638,0.0,train,0.16238002855971875,0.8376199714402812,0,1,1
639,0.0,train,0.9964063982722826,0.0035936017277175022,1,1,1
640,0.0,train,0.0007437029966619146,0.9992562970033381,0,1,1
641,1.0,train,0.9999733114750006,2.6688524999315074e-05,1,1,1
642,1.0,test,0.9999692818090526,3.071819094742942e-05,1,1,1
643,0.0,train,0.020964242653182464,0.9790357573468176,0,1,1
644,0.0,train,0.00014883852692361025,0.9998511614730764,0,1,1
645,1.0,train,0.9999971869815832,2.8130184167291415e-06,1,1,1
646,0.0,train,0.03622005898600789,0.9637799410139922,0,1,1
647,1.0,dev,0.9962927464926816,0.00370725350731839,1,1,1
648,0.0,train,0.0005527784064139189,0.9994472215935861,0,1,1
649,1.0,train,0.9719924765544211,0.028007523445578816,1,1,1
650,0.0,train,1.8925149938045503e-05,0.9999810748500618,0,1,1
651,1.0,train,0.99629274698802,0.0037072530119801623,1,1,1
652,1.0,train,0.9959298623445068,0.004070137655493202,1,1,1
653,0.0,train,6.276705256363267e-07,0.9999993723294743,0,1,1
654,1.0,test,0.9999994194995215,5.805004783969563e-07,1,1,1
655,1.0,train,0.9936116801307167,0.006388319869283359,1,1,1
656,0.0,train,0.0023967305851011695,0.997603269414899,0,1,1
657,1.0,test,0.9999921107347393,7.889265260695582e-06,1,1,1
658,1.0,test,0.9997507675199732,0.0002492324800268987,1,1,1
659,0.0,train,0.00035143837845076197,0.9996485616215492,0,1,1
660,1.0,train,0.9999857144781458,1.428552185423229e-05,1,1,1
661,1.0,train,0.004070138199119559,0.9959298618008804,0,1,1
662,0.0,train,0.6825737473266735,0.31742625267332647,1,1,1
663,1.0,train,0.9999996192984256,3.8070157441971134e-07,1,1,1
664,0.0,test,3.071819094742942e-05,0.9999692818090526,0,1,1
665,0.0,train,0.9766692313612918,0.023330768638708255,1,1,1
666,1.0,test,0.999998863435921,1.136564079028099e-06,1,1,1
667,1.0,train,0.9983515173401727,0.0016484826598274261,1,1,1
668,1.0,train,0.9999586645997675,4.133540023261027e-05,1,1,1
669,1.0,train,0.8872045996818986,0.11279540031810142,1,1,1
670,1.0,train,0.7577943658046609,0.24220563419533922,1,1,1
671,1.0,train,0.8459424295406087,0.1540575704593912,1,1,1
672,1.0,train,0.9981897889199466,0.0018102110800534837,1,1,1
673,1.0,train,0.18952109132967757,0.8104789086703224,0,1,1
674,1.0,test,0.9996140339812832,0.00038596601871674133,1,1,1
675,0.0,train,0.0003982129601239362,0.9996017870398761,0,1,1
676,1.0,dev,0.5926665855647394,0.40733341443526055,1,1,1
677,1.0,train,0.9999840633825431,1.5936617456886267e-05,1,1,1
678,0.0,train,3.6119820924708556e-06,0.9999963880179075,0,1,1
679,0.0,dev,9.36871335988108e-06,0.99999063128664,0,1,1
680,0.0,train,0.7025300573952054,0.2974699426047947,1,1,1
681,1.0,train,0.9999863686535938,1.363134640619387e-05,1,1,1
682,1.0,train,0.998901268739,0.001098731261000029,1,1,1
683,0.0,train,0.6297745935070806,0.3702254064929193,1,1,1
684,1.0,test,0.9998286918301735,0.00017130816982648678,1,1,1
685,0.0,test,9.610242409087411e-05,0.9999038975759093,0,1,1
686,0.0,train,0.0005193046788735126,0.9994806953211265,0,1,1
687,1.0,train,0.982287698963258,0.01771230103674209,1,1,1
688,1.0,train,0.9999843104466486,1.5689553351453493e-05,1,1,1
689,0.0,train,0.23934934732271168,0.7606506526772884,0,1,1
690,1.0,train,0.9994472214083552,0.0005527785916449047,1,1,1
691,1.0,train,0.9908743607244359,0.009125639275564033,1,1,1
692,1.0,train,0.9991704109351568,0.0008295890648432423,1,1,1
693,0.0,train,0.030675798166010286,0.9693242018339896,0,1,1
694,0.0,train,7.484623643230956e-05,0.9999251537635677,0,1,1
695,0.0,train,0.00036258992585584893,0.9996374100741441,0,1,1
696,0.0,train,0.1968261942204597,0.8031738057795402,0,1,1
697,0.0,train,0.9991704106819492,0.0008295893180507761,1,1,1
698,0.0,train,4.5921375322745175e-07,0.9999995407862466,0,1,1
699,1.0,dev,0.989671846414511,0.010328153585488878,1,1,1
700,1.0,train,0.9962927468504258,0.003707253149574107,1,1,1
701,1.0,train,0.9997584336063464,0.0002415663936535866,1,1,1
702,0.0,train,5.3381579326299505e-06,0.9999946618420674,0,1,1
703,0.0,train,0.9458012747599251,0.05419872524007487,1,1,1
704,0.0,train,0.004681822385457806,0.9953181776145422,0,1,1
705,1.0,train,0.9999531611258704,4.683887412967009e-05,1,1,1
706,0.0,dev,0.5621765008857981,0.4378234991142019,1,1,1
707,0.0,train,0.0017821962163285343,0.9982178037836714,0,1,1
708,0.0,train,0.00045831285967745357,0.9995416871403225,0,1,1
709,0.0,train,0.9957353649597891,0.004264635040210786,1,1,1
710,0.0,train,3.9897158529567687e-07,0.9999996010284147,0,1,1
711,0.0,test,0.00175461467109867,0.9982453853289014,0,1,1
712,0.0,train,0.577495350642608,0.42250464935739196,1,1,1
713,1.0,train,0.9999801666391459,1.9833360854063486e-05,1,1,1
714,1.0,train,0.9998785182996844,0.00012148170031561604,1,1,1
715,0.0,train,0.0065897720532732355,0.9934102279467266,0,1,1
716,0.0,train,6.108857650306368e-05,0.999938911423497,0,1,1
717,1.0,train,0.004133968090452445,0.9958660319095476,0,1,1
718,1.0,test,0.9999426123943107,5.7387605689263696e-05,1,1,1
719,0.0,train,0.015189046133224268,0.9848109538667759,0,1,1
720,0.0,train,0.002673005397197919,0.997326994602802,0,1,1
721,1.0,train,0.9999954340295609,4.565970439045488e-06,1,1,1
722,0.0,train,0.7154240079185319,0.28457599208146817,1,1,1
723,0.0,train,0.00010554681077617922,0.9998944531892238,0,1,1
724,0.0,train,9.721547348279153e-07,0.9999990278452652,0,1,1
725,0.0,train,0.2974699426047947,0.7025300573952054,0,1,1
726,0.0,train,0.00034062944951047735,0.9996593705504896,0,1,1
727,0.0,train,0.9999460891611889,5.391083881114326e-05,1,1,1
728,0.0,train,3.6688641839810597e-06,0.999996331135816,0,1,1
729,0.0,train,0.9572778018440964,0.04272219815590352,1,1,1
730,0.0,train,2.7969306359934453e-05,0.9999720306936402,0,1,1
731,1.0,dev,0.9999840633791592,1.5936620840838704e-05,1,1,1
732,0.0,test,3.5763593903799976e-07,0.9999996423640609,0,1,1
733,0.0,dev,0.4455295350395727,0.5544704649604273,0,1,1
734,1.0,train,0.9706877713685592,0.02931222863144092,1,1,1
735,0.0,train,0.00013135180489341682,0.9998686481951067,0,1,1
736,0.0,test,0.00040448135324676056,0.9995955186467533,0,1,1
737,1.0,train,0.9678992960608886,0.03210070393911135,1,1,1
738,1.0,test,0.3923368301671084,0.6076631698328917,0,1,1
739,1.0,train,0.9984021541731788,0.0015978458268213038,1,1,1
740,1.0,train,0.9985674636610804,0.0014325363389195525,1,1,1
741,0.0,train,2.0611536181902033e-09,0.9999999979388463,0,0,1
742,1.0,train,0.9998927911886956,0.00010720881130446791,1,1,1
743,1.0,dev,0.9999963311349549,3.668865045035803e-06,1,1,1
744,1.0,train,0.9998488179791348,0.00015118202086520757,1,1,1
745,1.0,train,0.29421497216298875,0.7057850278370112,0,1,1
746,1.0,train,0.9984512387328925,0.0015487612671074588,1,1,1
747,1.0,test,0.999942612385546,5.738761445396648e-05,1,1,1
748,0.0,train,0.8633916205190225,0.13660837948097748,1,1,1
749,1.0,train,0.9999605574179498,3.944258205017176e-05,1,1,1
750,1.0,test,0.022286190084872266,0.9777138099151277,0,1,1
751,0.0,train,2.5466393321916537e-05,0.9999745336066781,0,1,1
752,1.0,test,0.709019146082187,0.2909808539178129,1,1,1
753,0.0,train,0.012241277453922889,0.9877587225460772,0,1,1
754,1.0,train,0.9999296881259011,7.03118740987896e-05,1,1,1
755,0.0,dev,7.527989669055592e-06,0.9999924720103309,0,1,1
756,1.0,train,0.9999307781917407,6.922180825932917e-05,1,1,1
757,1.0,train,0.9999963880158891,3.611984110816406e-06,1,1,1
758,0.0,train,0.9999111191816346,8.888081836542849e-05,1,1,1
759,0.0,train,2.873686731431549e-07,0.9999997126313269,0,1,1
760,0.0,test,0.002019013540149714,0.9979809864598503,0,1,1
761,0.0,train,0.2254166262422842,0.7745833737577158,0,1,1
762,1.0,test,0.16451645470385742,0.8354835452961425,0,1,1
763,1.0,train,0.027585282226789985,0.9724147177732099,0,1,1
764,0.0,dev,0.14033624229926062,0.8596637577007394,0,1,1
765,0.0,train,0.2598256264980406,0.7401743735019595,0,1,1
766,0.0,train,1.9750542586015995e-07,0.9999998024945741,0,1,1
767,0.0,test,0.9869795082584565,0.013020491741543464,1,1,1
768,1.0,train,0.9999986074540216,1.3925459784808633e-06,1,1,1
769,0.0,train,0.9998840806866066,0.00011591931339329768,1,1,1
770,1.0,train,0.9732407168145568,0.026759283185443145,1,1,1
771,1.0,test,0.9999493553042202,5.064469577970661e-05,1,1,1
772,1.0,train,0.7025300449389326,0.29746995506106744,1,1,1
773,0.0,train,0.986151393040476,0.01384860695952385,1,1,1
774,0.0,train,0.00013135175401045624,0.9998686482459895,0,1,1
775,1.0,train,0.9998579763893943,0.00014202361060574995,1,1,1
776,0.0,train,3.1561262171706155e-07,0.9999996843873783,0,1,1
777,1.0,train,0.9416541561135441,0.05834584388645591,1,1,1
778,0.0,train,0.3415824860330004,0.6584175139669997,0,1,1
779,0.0,train,0.33458944125318596,0.665410558746814,0,1,1
780,0.0,train,0.02931222820745785,0.9706877717925421,0,1,1
781,1.0,train,0.14414885670945196,0.855851143290548,0,1,1
782,0.0,train,1.1300807659861063e-05,0.9999886991923402,0,1,1
783,1.0,train,0.01133175286359008,0.9886682471364099,0,1,1
784,0.0,dev,0.0003459917268716654,0.9996540082731283,0,1,1
785,1.0,train,0.9942697528058236,0.005730247194176411,1,1,1
786,1.0,train,0.8376199673867852,0.16238003261321476,1,1,1
787,1.0,train,0.9869795104606398,0.013020489539360296,1,1,1
788,0.0,train,0.030675798166010286,0.9693242018339896,0,1,1
789,0.0,train,1.2606944361393757e-05,0.9999873930556387,0,1,1
790,0.0,dev,0.0030278347546785086,0.9969721652453216,0,1,1
791,0.0,train,7.411280755461047e-06,0.9999925887192446,0,1,1
792,0.0,train,0.03308597981882656,0.9669140201811735,0,1,1
793,0.0,train,5.594337379988365e-06,0.99999440566262,0,1,1
794,0.0,train,0.01691491326672651,0.9830850867332734,0,1,1
795,0.0,train,0.9643214521983688,0.03567854780163102,1,1,1
796,1.0,train,0.9940889304870477,0.005911069512952324,1,1,1
797,1.0,test,0.9999605574250024,3.944257499756731e-05,1,1,1
798,1.0,train,0.9999959070873338,4.092912666191177e-06,1,1,1
799,1.0,dev,0.9566342049451596,0.04336579505484045,1,1,1
800,0.0,train,0.00020342706291430742,0.9997965729370857,0,1,1
801,0.0,train,0.894789473116614,0.10521052688338609,1,1,1
802,1.0,train,0.9999531611003963,4.683889960379068e-05,1,1,1
803,0.0,train,0.9998058868905807,0.00019411310941930453,1,1,1
804,0.0,train,0.8872045966995028,0.1127954033004973,1,1,1
805,1.0,train,0.9997658641595272,0.00023413584047274908,1,1,1
806,1.0,train,0.6688802735722128,0.3311197264277872,1,1,1
807,0.0,test,0.1276526286405008,0.8723473713594992,0,1,1
808,0.0,test,3.426849871252082e-05,0.9999657315012874,0,1,1
809,0.0,train,5.5943397141152395e-06,0.999994405660286,0,1,1
810,1.0,train,0.9999995947454746,4.052545253579541e-07,1,1,1
811,1.0,train,0.9989012686981139,0.0010987313018859866,1,1,1
812,0.0,test,0.9925393569774312,0.007460643022568841,1,1,1
813,0.0,train,2.8291319156418384e-07,0.9999997170868083,0,1,1
814,0.0,train,0.9996849612261383,0.00031503877386172775,1,1,1
815,1.0,train,0.9999991684721612,8.315278387056298e-07,1,1,1
816,0.0,train,0.2942149845400438,0.7057850154599563,0,1,1
817,1.0,train,0.007815890175955166,0.9921841098240447,0,1,1
818,0.0,train,0.004681821968830037,0.99531817803117,0,1,1
819,1.0,train,0.9653811571768048,0.034618842823195196,1,1,1
820,1.0,train,0.880797068590724,0.11920293140927592,1,1,1
821,1.0,train,0.9999969105052067,3.089494793284002e-06,1,1,1
822,0.0,train,6.083590004522083e-07,0.9999993916409995,0,1,1
823,1.0,train,0.9932024688520369,0.006797531147963053,1,1,1
824,1.0,train,0.9161096090086368,0.08389039099136326,1,1,1
825,0.0,test,0.9539661021814281,0.04603389781857185,1,1,1
826,1.0,train,0.47268347662043286,0.5273165233795671,0,1,1
827,0.0,train,0.00023782202229648825,0.9997621779777036,0,1,1
828,0.0,test,0.032100708568939526,0.9678992914310605,0,1,1
829,1.0,train,0.9999840633772594,1.593662274060179e-05,1,1,1
830,1.0,train,0.9975656182086154,0.0024343817913844677,1,1,1
831,1.0,train,0.868826769445233,0.13117323055476698,1,1,1
832,1.0,dev,0.9995271455513941,0.00047285444860580765,1,1,1
833,1.0,test,0.3007455789412415,0.6992544210587585,0,1,1
834,0.0,test,0.5428632831725052,0.45713671682749485,1,1,1
835,0.0,train,0.03461883883917583,0.9653811611608242,0,1,1
836,1.0,train,0.44552952031526044,0.5544704796847396,0,1,1
837,1.0,train,0.9983770327453724,0.0016229672546276025,1,1,1
838,1.0,train,0.9982992774494168,0.0017007225505833018,1,1,1
839,1.0,train,0.9664104924150547,0.033589507584945354,1,1,1
840,1.0,train,0.9994557868024075,0.000544213197592591,1,1,1
841,0.0,train,0.10970577096716554,0.8902942290328344,0,1,1
842,0.0,dev,0.6477982043529715,0.35220179564702847,1,1,1
843,1.0,train,0.9838471680195556,0.01615283198044433,1,1,1
844,1.0,train,0.9995044641483816,0.0004955358516183342,1,1,1
845,0.0,train,0.8333245911726382,0.16667540882736176,1,1,1
846,0.0,train,0.0005527784722738178,0.9994472215277262,0,1,1
847,0.0,train,0.00046552711289460136,0.9995344728871054,0,1,1
848,0.0,dev,3.426849054255501e-05,0.9999657315094574,0,1,1
849,0.0,train,1.944433306953307e-07,0.9999998055566693,0,1,1
850,0.0,train,0.8872045996818986,0.11279540031810142,1,1,1
851,1.0,train,0.9998232548750626,0.0001767451249373477,1,1,1
852,0.0,train,2.3454344583741058e-07,0.9999997654565541,0,1,1
853,1.0,train,0.9997834560162391,0.00021654398376090263,1,1,1
854,1.0,train,0.9982992776518137,0.001700722348186194,1,1,1
855,1.0,train,0.9958012049154408,0.004198795084559214,1,1,1
856,1.0,train,0.8558511469672594,0.14414885303274058,1,1,1
857,0.0,train,0.3007455914759599,0.6992544085240401,0,1,1
858,1.0,train,0.9999662627651812,3.373723481887539e-05,1,1,1
859,1.0,train,0.9999954340304456,4.565969554552212e-06,1,1,1
860,1.0,train,0.9999967112499911,3.288750008826495e-06,1,1,1
861,1.0,train,0.9998118578796468,0.00018814212035308687,1,1,1
862,1.0,test,0.9999813682591373,1.863174086271579e-05,1,1,1
863,0.0,train,6.962253760259285e-06,0.9999930377462397,0,1,1
864,1.0,train,0.9999749284177332,2.5071582266804533e-05,1,1,1
865,1.0,train,0.9850429114309508,0.0149570885690493,1,1,1
866,1.0,train,0.9449947155793358,0.05500528442066435,1,1,1
867,0.0,dev,2.8736858750065383e-07,0.9999997126314126,0,1,1
868,1.0,train,0.9099070023734244,0.09009299762657569,1,1,1
869,1.0,train,0.9999881568558563,1.1843144143739335e-05,1,1,1
870,0.0,train,0.08509904268669496,0.914900957313305,0,1,1
871,1.0,train,0.9999795370650356,2.0462934964338452e-05,1,1,1
872,0.0,train,2.3187466448272456e-05,0.9999768125335518,0,1,1
873,1.0,train,0.021287351172543503,0.9787126488274566,0,1,1
874,1.0,train,0.9933071506112032,0.0066928493887966865,1,1,1
875,0.0,train,0.0015978456841910268,0.9984021543158089,0,1,1
876,1.0,train,0.9999038975662439,9.610243375620021e-05,1,1,1
877,0.0,test,0.003429604535252269,0.9965703954647477,0,1,1
878,1.0,train,0.11596072741941771,0.8840392725805823,0,1,1
879,1.0,train,0.9999978431833125,2.156816687350534e-06,1,1,1
880,1.0,train,2.190780929673524e-06,0.9999978092190702,0,1,1
881,1.0,train,0.999988521234011,1.1478765989017916e-05,1,1,1
882,0.0,train,9.422450432040544e-07,0.9999990577549568,0,1,1
883,0.0,train,0.7981867777396212,0.20181322226037882,1,1,1
884,1.0,train,0.18010667288817792,0.8198933271118222,0,1,1
885,1.0,dev,0.9999890468779945,1.0953122005433105e-05,1,1,1
886,0.0,train,6.577931216985195e-07,0.9999993422068784,0,1,1
887,0.0,train,0.0016743993535275534,0.9983256006464725,0,1,1
888,1.0,train,0.9999985176425779,1.4823574220593392e-06,1,1,1
889,0.0,train,0.009268013380914325,0.9907319866190857,0,1,1
890,1.0,train,0.9973683257904447,0.0026316742095553723,1,1,1
891,1.0,train,0.9999830355725414,1.6964427458488475e-05,1,1,1
892,1.0,test,0.9780517450056274,0.021948254994372658,1,1,1
893,0.0,dev,0.00010071397220529185,0.9998992860277947,0,1,1
894,0.0,train,0.709019146082187,0.2909808539178129,1,1,1
895,1.0,test,0.9999963880163332,3.6119836667802886e-06,1,1,1
896,1.0,train,0.9976032694059918,0.0023967305940082876,1,1,1
897,1.0,train,0.9995955185232447,0.00040448147675526005,1,1,1
898,1.0,train,0.9994557868469848,0.0005442131530151185,1,1,1
899,0.0,train,4.181188228189047e-07,0.9999995818811772,0,1,1
900,1.0,test,0.9998557402042938,0.00014425979570626457,1,1,1
901,0.0,train,1.451047250056496e-05,0.9999854895274995,0,1,1
902,0.0,train,0.8705972784807408,0.12940272151925927,1,1,1
903,0.0,train,0.003123648414250925,0.9968763515857492,0,1,1
904,0.0,train,3.041595515434448e-06,0.9999969584044847,0,1,1
905,1.0,train,0.9986114767036481,0.0013885232963518899,1,1,1
906,0.0,test,0.9953181766424106,0.004681823357589412,1,1,1
907,1.0,test,0.9999906312851045,9.368714895518606e-06,1,1,1
908,0.0,train,5.989274525084493e-07,0.9999994010725476,0,1,1
909,0.0,dev,0.0017274583183696569,0.9982725416816303,0,1,1
910,0.0,dev,0.9999816571055788,1.8342894421188465e-05,1,1,1
911,0.0,train,0.8688267762381844,0.13117322376181567,1,1,1
912,0.0,train,0.9711290943070805,0.028870905692919474,1,1,1
913,1.0,train,0.9999546021182758,4.5397881724103546e-05,1,1,1
914,1.0,train,0.12940271816179952,0.8705972818382005,0,1,1
915,1.0,train,0.01971912753125924,0.9802808724687407,0,1,1
916,1.0,train,0.9999991009035035,8.990964964543366e-07,1,1,1
917,0.0,test,0.9830850873527446,0.016914912647255486,1,1,1
918,1.0,dev,0.9999950630114184,4.936988581625672e-06,1,1,1
919,1.0,train,0.00011061162351532677,0.9998893883764847,0,1,1
920,1.0,train,0.9999082980528095,9.170194719050484e-05,1,1,1
921,0.0,train,1.760343475653623e-06,0.9999982396565243,0,1,1
922,1.0,train,0.9999605574205945,3.944257940544495e-05,1,1,1
923,0.0,train,0.884039278690883,0.115960721309117,1,1,1
924,0.0,dev,0.0006070756527666293,0.9993929243472334,0,1,1
925,0.0,dev,0.35936414516010196,0.640635854839898,0,1,1
926,1.0,train,0.9999877809185173,1.2219081482778125e-05,1,1,1
927,0.0,train,0.08035746661981112,0.9196425333801889,0,1,1
928,1.0,train,0.9999939510799774,6.048920022584939e-06,1,1,1
929,0.0,train,0.0017274585239430143,0.9982725414760569,0,1,1
930,0.0,train,0.013020488581889464,0.9869795114181105,0,1,1
931,0.0,train,0.9996079582925166,0.0003920417074834097,1,1,1
932,1.0,train,0.9962927471531324,0.0037072528468674332,1,1,1
933,0.0,dev,0.0174424824377878,0.9825575175622122,0,1,1
934,1.0,train,0.9999979738571197,2.0261428803279204e-06,1,1,1
935,1.0,train,0.9999934595649171,6.540435082825605e-06,1,1,1
936,1.0,dev,0.9999435020709254,5.649792907457686e-05,1,1,1
937,1.0,train,0.998217804048766,0.0017821959512339172,1,1,1
938,1.0,train,0.0014103582447819746,0.998589641755218,0,1,1
939,1.0,train,0.01971912753125924,0.9802808724687407,0,1,1
940,0.0,train,0.9719924797996677,0.028007520200332342,1,1,1
941,0.0,train,0.5506073655352404,0.44939263446475963,1,1,1
942,1.0,train,0.18713267762907493,0.8128673223709252,0,1,1
943,1.0,train,0.8774767970940975,0.1225232029059025,1,1,1
944,0.0,train,0.341582499438317,0.658417500561683,0,1,1
945,0.0,train,0.002934951919137068,0.9970650480808628,0,1,1
946,1.0,train,0.9927672350195533,0.007232764980446768,1,1,1
947,1.0,train,0.9999992428849317,7.571150682265951e-07,1,1,1
948,1.0,train,0.9999711428809662,2.8857119033697353e-05,1,1,1
949,1.0,test,0.9999948260816346,5.173918365466507e-06,1,1,1
950,1.0,dev,0.8976952975813453,0.10230470241865469,1,1,1
951,1.0,train,0.9999961550665885,3.84493341154961e-06,1,1,1
952,1.0,train,0.9857180630331083,0.014281936966891829,1,1,1
953,1.0,train,0.9304582497090322,0.06954175029096783,1,1,1
954,0.0,train,0.00013765465830018159,0.9998623453416998,0,1,1
955,0.0,train,6.402004884124577e-05,0.9999359799511587,0,1,1
956,1.0,train,0.9999741325654498,2.5867434550357745e-05,1,1,1
957,0.0,test,1.4449811569705395e-07,0.9999998555018843,0,1,1
958,0.0,train,2.368798986504276e-06,0.9999976312010134,0,1,1
959,0.0,train,0.0008426424593056396,0.9991573575406943,0,1,1
960,0.0,train,4.3319051902985615e-05,0.9999566809480971,0,1,1
961,1.0,train,0.999998607453425,1.3925465750585328e-06,1,1,1
962,0.0,test,0.9999985632493366,1.4367506635324968e-06,1,1,1
963,0.0,train,0.9977127728531894,0.0022872271468106133,1,1,1
964,1.0,train,0.00027803083133891244,0.9997219691686611,0,1,1
965,1.0,train,0.9999980966157693,1.903384230602256e-06,1,1,1
966,1.0,train,0.9983515168251725,0.0016484831748275587,1,1,1
967,0.0,train,0.003324436496669387,0.9966755635033305,0,1,1
968,0.0,test,3.426847624511952e-05,0.9999657315237548,0,1,1
969,0.0,train,2.0611536181902033e-09,0.9999999979388463,0,0,1
970,1.0,test,0.9989837561102102,0.0010162438897897573,1,1,1
971,1.0,test,0.8705972549785203,0.12940274502147983,1,1,1
972,1.0,train,0.9996079582545594,0.00039204174544072335,1,1,1
973,1.0,test,0.9999932519455191,6.748054480951596e-06,1,1,1
974,1.0,train,0.047425871831197425,0.9525741281688026,0,1,1
975,1.0,test,0.9986329744560557,0.0013670255439442456,1,1,1
976,0.0,train,0.0367694702976907,0.9632305297023093,0,1,1
977,1.0,train,0.9996079582020029,0.0003920417979970096,1,1,1
978,1.0,train,0.9999895484552968,1.0451544703358919e-05,1,1,1
979,0.0,test,0.8006920020959544,0.19930799790404563,1,1,1
980,1.0,train,0.98794621817691,0.012053781823090153,1,1,1
981,0.0,dev,0.9808759645069536,0.01912403549304638,1,1,1
982,1.0,train,0.18242551491653522,0.8175744850834649,0,1,1
983,0.0,train,2.1568157071111406e-06,0.9999978431842929,0,1,1
984,0.0,train,0.006692849537392301,0.9933071504626076,0,1,1
985,0.0,train,3.07181817929777e-05,0.999969281818207,0,1,1
986,0.0,train,0.026355355140369525,0.9736446448596305,0,1,1
987,1.0,train,0.9999775259108156,2.2474089184526746e-05,1,1,1
988,1.0,test,0.9999961550636235,3.844936376502432e-06,1,1,1
989,1.0,train,0.9971550904195641,0.0028449095804357924,1,1,1
990,0.0,test,0.20946968133032526,0.7905303186696747,0,1,1
991,1.0,train,0.9999824970682126,1.750293178739437e-05,1,1,1
992,1.0,dev,0.9944450748847338,0.00555492511526622,1,1,1
993,0.0,train,0.0005884088536082017,0.9994115911463917,0,1,1
994,1.0,train,0.9998286918078413,0.0001713081921587051,1,1,1
995,0.0,train,0.9626731158685837,0.037326884131416216,1,1,1
996,1.0,train,0.999989548452104,1.0451547895999161e-05,1,1,1
997,0.0,train,9.132549107639171e-07,0.9999990867450892,0,1,1
998,1.0,train,0.004755200050875163,0.9952447999491247,0,1,1
999,0.0,train,0.0005614786457962382,0.9994385213542037,0,1,1
1000,0.0,dev,7.411280313717576e-06,0.9999925887196862,0,1,1
1001,0.0,train,0.00043733445562980927,0.9995626655443702,0,1,1
1002,1.0,train,0.9999771719992355,2.2828000764525205e-05,1,1,1
1003,1.0,train,0.9999053873402588,9.461265974108644e-05,1,1,1
1004,0.0,train,0.001151399428577736,0.9988486005714223,0,1,1
1005,0.0,train,3.6119823077609945e-06,0.9999963880176923,0,1,1
1006,0.0,train,0.031143830534778462,0.9688561694652216,0,1,1
1007,1.0,train,0.9999973157998894,2.68420011057872e-06,1,1,1
1008,1.0,train,0.999343627187114,0.0006563728128860704,1,1,1
1009,0.0,train,0.0011335691400662941,0.9988664308599338,0,1,1
1010,1.0,train,0.9711290940981857,0.02887090590181421,1,1,1
1011,0.0,train,1.6536902759933299e-06,0.999998346309724,0,1,1
1012,1.0,train,1.8342888954681024e-05,0.9999816571110454,0,1,1
1013,1.0,train,0.9715639677785088,0.028436032221491245,1,1,1
1014,0.0,train,0.25683200276421697,0.743167997235783,0,1,1
1015,0.0,train,0.037326887344129464,0.9626731126558706,0,1,1
1016,1.0,train,0.996234585740195,0.0037654142598048976,1,1,1
1017,1.0,train,0.9999871945312726,1.280546872732759e-05,1,1,1
1018,0.0,train,0.0001376546747076377,0.9998623453252924,0,1,1
1019,0.0,train,0.965381163650836,0.034618836349163955,1,1,1
1020,1.0,dev,0.9273632856092016,0.07263671439079847,1,1,1
1021,1.0,train,0.999996606853885,3.393146114938738e-06,1,1,1
1022,1.0,train,0.9999990125358024,9.874641977126864e-07,1,1,1
1023,0.0,train,9.170197724999396e-05,0.9999082980227502,0,1,1
1024,0.0,train,2.4300247985140785e-05,0.999975699752015,0,1,1
1025,1.0,train,0.9833429627976309,0.016657037202369013,1,1,1
1026,0.0,train,0.9702399032573291,0.0297600967426709,1,1,1
1027,1.0,train,0.9996749640893986,0.00032503591060135663,1,1,1
1028,1.0,train,0.9465966762263737,0.05340332377362639,1,1,1
1029,0.0,train,0.015663647333165047,0.984336352666835,0,1,1
1030,0.0,train,0.15203223393803664,0.8479677660619633,0,1,1
1031,1.0,train,0.9996485616581942,0.0003514383418057673,1,1,1
1032,1.0,test,0.9999835574985799,1.6442501420086485e-05,1,1,1
1033,1.0,dev,0.01243164829198241,0.9875683517080176,0,1,1
1034,1.0,train,0.9449947163538936,0.05500528364610642,1,1,1
1035,0.0,train,0.12421302132013365,0.8757869786798664,0,1,1
1036,1.0,train,0.9998665799841204,0.00013342001587947404,1,1,1
1037,1.0,train,0.9997658641455749,0.0002341358544250656,1,1,1
1038,1.0,train,0.9999830355739319,1.6964426068168948e-05,1,1,1
1039,0.0,dev,5.0937034851955594e-06,0.9999949062965148,0,1,1
1040,1.0,train,0.999997704079966,2.2959200340418108e-06,1,1,1
1041,0.0,train,5.738759521437677e-05,0.9999426124047855,0,1,1
1042,0.0,dev,0.9992206339359901,0.0007793660640098223,1,1,1
1043,0.0,train,0.013636834078828257,0.9863631659211718,0,1,1
1044,1.0,train,0.9998686481412881,0.00013135185871195423,1,1,1
1045,0.0,train,0.000535780474511601,0.9994642195254885,0,1,1
1046,1.0,train,0.9999573525251421,4.264747485801146e-05,1,1,1
1047,1.0,train,0.983847164585839,0.01615283541416115,1,1,1
1048,1.0,train,0.9999452402432505,5.475975674946463e-05,1,1,1
1049,1.0,train,0.28457601635158564,0.7154239836484143,0,1,1
1050,1.0,train,0.9999307781370758,6.92218629242886e-05,1,1,1
1051,0.0,train,0.4960938294709195,0.5039061705290805,0,1,1
1052,1.0,dev,0.9999531611190656,4.683888093439957e-05,1,1,1
1053,1.0,train,0.9999954340311259,4.5659688741728866e-06,1,1,1
1054,0.0,train,0.136608397056381,0.8633916029436189,0,1,1
1055,1.0,train,0.9999840633856896,1.5936614310404823e-05,1,1,1
1056,0.0,train,0.00024156632707671667,0.9997584336729234,0,1,1
1057,1.0,train,0.9999997342274565,2.6577254343850487e-07,1,1,1
1058,1.0,test,0.9967269353939245,0.0032730646060754012,1,1,1
1059,1.0,train,0.06954175221934784,0.9304582477806521,0,1,1
1060,1.0,train,0.9991306325586563,0.0008693674413436736,1,1,1
1061,0.0,train,0.002019014260747512,0.9979809857392526,0,1,1
1062,0.0,train,0.00020662976331608105,0.9997933702366839,0,1,1
1063,0.0,train,0.14414884567931804,0.855851154320682,0,1,1
1064,1.0,dev,0.32423539898095244,0.6757646010190476,0,1,1
1065,1.0,train,0.9994023305576919,0.0005976694423080281,1,1,1
1066,1.0,train,0.9920620074827686,0.007937992517231329,1,1,1
1067,1.0,train,0.9998601778785218,0.00013982212147817588,1,1,1
1068,1.0,train,0.9999053873360298,9.461266397020185e-05,1,1,1
1069,1.0,dev,0.9664104962847373,0.03358950371526272,1,1,1
1070,1.0,train,0.9995826842424301,0.00041731575756977284,1,1,1
1071,0.0,train,0.5851011542032312,0.41489884579676883,1,1,1
1072,0.0,train,7.002169365117068e-07,0.9999992997830636,0,1,1
1073,0.0,train,0.042722195108838804,0.9572778048911613,0,1,1
1074,1.0,train,0.9997219690775409,0.0002780309224591953,1,1,1
1075,1.0,train,0.40356685373537454,0.5964331462646254,0,1,1
1076,0.0,train,0.0005357805543063438,0.9994642194456936,0,1,1
1077,1.0,train,0.05261895334771377,0.9473810466522863,0,1,1
1078,0.0,dev,0.00010554689569683155,0.9998944531043031,0,1,1
1079,0.0,train,0.0001334199711529036,0.9998665800288471,0,1,1
1080,1.0,train,0.9999538872381154,4.61127618846794e-05,1,1,1
1081,0.0,train,0.023330772203925487,0.9766692277960746,0,1,1
1082,0.0,train,0.005554924868321146,0.9944450751316788,0,1,1
1083,0.0,test,0.10374863240870877,0.8962513675912913,0,1,1
1084,0.0,train,0.004331501506445335,0.9956684984935545,0,1,1
1085,1.0,train,0.9999702268846177,2.9773115382297942e-05,1,1,1
1086,0.0,train,0.0001852257874183948,0.9998147742125817,0,1,1
1087,1.0,train,0.8976952811593496,0.1023047188406505,1,1,1
1088,1.0,test,0.9999190724134824,8.092758651771697e-05,1,1,1
1089,0.0,train,0.0008040860792954051,0.9991959139207045,0,1,1
1090,0.0,test,4.9369874781283035e-06,0.999995063012522,0,1,1
1091,1.0,train,0.9674102566433705,0.032589743356629446,1,1,1
1092,1.0,train,0.9732407140980368,0.02675928590196323,1,1,1
1093,0.0,train,0.001548760817776854,0.9984512391822231,0,1,1
1094,0.0,train,6.439039718263383e-06,0.9999935609602817,0,1,1
1095,1.0,train,0.9999443779194446,5.562208055539846e-05,1,1,1
1096,1.0,train,0.9994385212287741,0.0005614787712260437,1,1,1
1097,0.0,train,0.5926665855647394,0.40733341443526055,1,1,1
1098,0.0,train,0.013428253162691485,0.9865717468373084,0,1,1
1099,1.0,train,0.9996646499669445,0.0003353500330555962,1,1,1
1100,0.0,test,0.0010987311710509273,0.998901268828949,0,1,1
1101,0.0,test,0.2909808785120009,0.7090191214879991,0,1,1
1102,1.0,dev,0.9999987901341093,1.2098658908538261e-06,1,1,1
1103,1.0,train,0.9994887420797802,0.0005112579202198005,1,1,1
1104,0.0,train,0.926303728259492,0.07369627174050787,1,1,1
1105,1.0,test,0.9728307684643189,0.027169231535681047,1,1,1
1106,0.0,test,7.338211992209746e-07,0.9999992661788006,0,1,1
1107,1.0,train,0.999548789379582,0.000451210620417928,1,1,1
1108,1.0,test,0.00010391070659219579,0.9998960892934078,0,1,1
1109,1.0,train,0.9923043544146899,0.007695645585310122,1,1,1
1110,0.0,train,0.003324436990402207,0.9966755630095978,0,1,1
1111,1.0,test,0.02556520798387394,0.974434792016126,0,1,1
1112,0.0,train,0.29421497216298875,0.7057850278370112,0,1,1
1113,1.0,train,0.8688267762381844,0.13117322376181567,1,1,1
1114,0.0,dev,1.3497025141259855e-06,0.9999986502974858,0,1,1
1115,0.0,train,0.00045121070442454133,0.9995487892955753,0,1,1
1116,1.0,train,0.999980776832986,1.9223167014065364e-05,1,1,1
1117,1.0,train,0.8872045996818986,0.11279540031810142,1,1,1
1118,1.0,dev,0.9989677690938525,0.001032230906147535,1,1,1
1119,1.0,test,0.9986114769515906,0.001388523048409351,1,1,1
1120,0.0,train,3.169325442919291e-05,0.9999683067455709,0,1,1
1121,1.0,train,0.20181321265898594,0.7981867873410141,0,1,1
1122,1.0,test,0.9999943175674544,5.68243254562747e-06,1,1,1
1123,1.0,train,0.927363286612953,0.07263671338704698,1,1,1
1124,0.0,train,0.0008693673928062171,0.9991306326071938,0,1,1
1125,1.0,test,0.999998517641385,1.4823586148557832e-06,1,1,1
1126,0.0,test,1.5534972916173914e-06,0.9999984465027085,0,1,1
1127,0.0,dev,0.9985896415296149,0.0014103584703850992,1,1,1
1128,1.0,train,0.02758528062793511,0.9724147193720649,0,1,1
1129,0.0,train,0.0020829705042795417,0.9979170294957204,0,1,1
1130,1.0,train,0.9999980966156843,1.9033843156900017e-06,1,1,1
1131,1.0,train,0.01472861038986852,0.9852713896101314,0,1,1
1132,1.0,train,0.9999389114728771,6.108852712282851e-05,1,1,1
1133,1.0,train,0.6926419831347361,0.30735801686526387,1,1,1
1134,1.0,test,0.8723473813156294,0.12765261868437058,1,1,1
1135,0.0,train,1.922317252807473e-05,0.999980776827472,0,1,1
1136,0.0,train,0.0013250224172131609,0.9986749775827868,0,1,1
1137,1.0,train,0.9969721644581426,0.003027835541857365,1,1,1
1138,0.0,train,0.9947798749254807,0.005220125074519377,1,1,1
1139,0.0,train,1.5689555806237086e-05,0.9999843104441937,0,1,1
1140,1.0,train,0.9989515307796601,0.0010484692203399234,1,1,1
1141,0.0,train,1.01299933960278e-05,0.999989870006604,0,1,1
1142,0.0,train,0.679178699175393,0.32082130082460697,1,1,1
1143,0.0,dev,5.014734523953063e-06,0.9999949852654759,0,1,1
1144,0.0,train,0.000552778571063681,0.9994472214289364,0,1,1
1145,0.0,test,0.0001293156395460795,0.9998706843604539,0,1,1
1146,1.0,train,0.9999239751828615,7.60248171385721e-05,1,1,1
1147,1.0,dev,0.9998644792315385,0.00013552076846134987,1,1,1
1148,1.0,train,0.9951702776812286,0.004829722318771372,1,1,1
1149,1.0,train,0.9111796991580949,0.0888203008419051,1,1,1
1150,0.0,train,0.0035936020478559492,0.9964063979521441,0,1,1
1151,0.0,test,7.112436985392046e-07,0.9999992887563014,0,1,1
1152,0.0,train,0.002590979056360816,0.9974090209436391,0,1,1
1153,0.0,train,0.3629691917376782,0.6370308082623217,0,1,1
1154,0.0,train,2.1782648564791708e-05,0.9999782173514352,0,1,1
1155,0.0,train,0.9999190724514656,8.092754853447716e-05,1,1,1
1156,1.0,dev,0.9991832617433278,0.0008167382566720396,1,1,1
1157,1.0,train,0.9999964991443858,3.500855614233754e-06,1,1,1
1158,0.0,train,1.8266246544611546e-07,0.9999998173375345,0,1,1
1159,1.0,train,0.9971990735115109,0.002800926488489154,1,1,1
1160,0.0,train,0.904650527388829,0.09534947261117097,1,1,1
1161,1.0,test,0.03567855497919691,0.9643214450208032,0,1,1
1162,1.0,train,0.9999177981003172,8.220189968272056e-05,1,1,1
1163,0.0,train,0.00037998460531281857,0.9996200153946871,0,1,1
1164,0.0,train,1.0451546805829213e-05,0.9999895484531942,0,1,1
1165,0.0,train,7.934493333912313e-07,0.9999992065506668,0,1,1
1166,0.0,train,0.00027803083133891244,0.9997219691686611,0,1,1
1167,0.0,train,0.9999933565651472,6.643434852827566e-06,1,1,1
1168,0.0,train,1.5381732286313315e-07,0.9999998461826772,0,1,1
1169,0.0,train,4.965282894604376e-07,0.9999995034717105,0,1,1
1170,0.0,train,0.00016603850911742392,0.9998339614908824,0,1,1
1171,1.0,train,0.8774767906859264,0.12252320931407355,1,1,1
1172,1.0,train,0.9996374100687431,0.0003625899312569009,1,1,1
1173,0.0,train,0.0008559005857732394,0.9991440994142269,0,1,1
1174,1.0,train,0.9999274563488023,7.254365119782143e-05,1,1,1
1175,1.0,train,0.9962345856004506,0.003765414399549328,1,1,1
1176,0.0,train,0.009559397371909419,0.9904406026280905,0,1,1
1177,0.0,train,0.9997584336171428,0.0002415663828573362,1,1,1
1178,0.0,dev,0.0012065897840779663,0.998793410215922,0,1,1
1179,1.0,train,0.9999861539944047,1.384600559534688e-05,1,1,1
1180,0.0,test,2.9773112609543182e-05,0.9999702268873905,0,1,1
1181,1.0,train,0.9974885368408226,0.0025114631591774024,1,1,1
1182,1.0,train,0.99999557450918,4.4254908199360325e-06,1,1,1
1183,1.0,train,0.9999980966148192,1.903385180748965e-06,1,1,1
1184,1.0,train,0.9999907765284467,9.223471553228434e-06,1,1,1
1185,0.0,train,1.1300813722019816e-05,0.9999886991862781,0,1,1
1186,0.0,test,0.04336579876390677,0.9566342012360932,0,1,1
1187,1.0,train,0.9399133439350607,0.06008665606493926,1,1,1
1188,0.0,train,0.727975460709318,0.2720245392906821,1,1,1
1189,1.0,train,0.41489886026626094,0.585101139733739,0,1,1
1190,1.0,test,0.9946981059557457,0.005301894044254283,1,1,1
1191,1.0,test,0.9814534375221806,0.018546562477819512,1,1,1
1192,1.0,train,0.9999985855234245,1.4144765755739347e-06,1,1,1
1193,0.0,train,0.9999949062967424,5.093703257490433e-06,1,1,1
1194,0.0,test,0.02002343953506683,0.9799765604649332,0,1,1
1195,0.0,train,1.216795867459244e-07,0.9999998783204133,0,1,1
1196,0.0,train,0.8615381987656671,0.13846180123433283,1,1,1
1197,0.0,train,0.5583269943353745,0.44167300566462553,1,1,1
1198,0.0,train,1.6187585295509483e-05,0.9999838124147045,0,1,1
1199,0.0,train,0.7431680086124811,0.25683199138751883,1,1,1
1200,1.0,train,0.9999082979885915,9.170201140851623e-05,1,1,1
1201,1.0,train,0.05419873440629664,0.9458012655937033,0,1,1
1202,1.0,dev,0.868826769445233,0.13117323055476698,1,1,1
1203,0.0,train,0.004399412901664677,0.9956005870983353,0,1,1
1204,1.0,train,0.0367694702976907,0.9632305297023093,0,1,1
1205,1.0,train,0.9999724643111421,2.753568885791996e-05,1,1,1
1206,0.0,train,0.04603390501676544,0.9539660949832346,0,1,1
1207,1.0,train,0.9553191322715435,0.0446808677284564,1,1,1
1208,0.0,test,2.977311527138775e-05,0.9999702268847287,0,1,1
1209,0.0,train,5.391084724569723e-05,0.9999460891527543,0,1,1
1210,1.0,train,0.998967769209094,0.0010322307909058268,1,1,1
1211,1.0,test,0.9995271455408301,0.0004728544591699307,1,1,1
1212,1.0,train,0.6334102636778401,0.3665897363221599,1,1,1
1213,1.0,test,0.9999991009034969,8.990965031531216e-07,1,1,1
1214,1.0,train,0.22815650216092537,0.7718434978390747,0,1,1
1215,1.0,train,0.8311430436757313,0.16885695632426873,1,1,1
1216,1.0,train,0.9992083702689541,0.0007916297310458056,1,1,1
1217,1.0,train,0.9999942280804429,5.771919557120361e-06,1,1,1
1218,0.0,dev,0.05419873135088923,0.9458012686491107,0,1,1
1219,0.0,train,0.99984881799096,0.0001511820090398608,1,1,1
1220,0.0,train,0.17781087383497526,0.8221891261650248,0,1,1
1221,1.0,train,4.75764400783647e-05,0.9999524235599216,0,1,1
1222,1.0,train,0.006589770297406386,0.9934102297025936,0,1,1
1223,1.0,dev,0.9936116783335965,0.006388321666403518,1,1,1
1224,1.0,train,0.992184111788489,0.007815888211510972,1,1,1
1225,1.0,train,0.9999967622368433,3.2377631566384497e-06,1,1,1
1226,1.0,dev,0.9861513916159584,0.013848608384041575,1,1,1
1227,0.0,dev,1.4285519353035592e-05,0.999985714480647,0,1,1
1228,1.0,train,0.9999970976874959,2.9023125041834616e-06,1,1,1
1229,0.0,train,0.9983515167393391,0.0016484832606609298,1,1,1
1230,0.0,train,2.0611536181902033e-09,0.9999999979388463,0,0,1
1231,0.0,train,0.7025300698514778,0.2974699301485223,1,1,1
1232,1.0,train,0.9999764473843523,2.3552615647675066e-05,1,1,1
1233,0.0,train,0.00040448147374285716,0.9995955185262572,0,1,1
1234,1.0,train,0.9973683261228948,0.0026316738771050884,1,1,1
1235,0.0,train,0.9830850879722155,0.016914912027784484,1,1,1
1236,1.0,train,0.9998686482200588,0.00013135177994119332,1,1,1
1237,1.0,train,0.999887646670815,0.00011235332918489909,1,1,1
1238,1.0,train,0.0004583127777622952,0.9995416872222377,0,1,1
1239,1.0,train,0.9999979738586745,2.0261413254497616e-06,1,1,1
1240,1.0,train,0.006097561831348407,0.9939024381686515,0,1,1
1241,1.0,train,1.7880643225576416e-06,0.9999982119356774,0,1,1
1242,0.0,train,0.0010322312211416022,0.9989677687788583,0,1,1
1243,1.0,train,0.9999930377459026,6.96225409743036e-06,1,1,1
1244,1.0,train,0.9994207082998837,0.0005792917001163356,1,1,1
1245,1.0,train,0.9489172680991056,0.051082731900894476,1,1,1
1246,1.0,train,0.018833133194638092,0.9811668668053619,0,1,1
1247,1.0,train,0.9998822553594721,0.00011774464052780605,1,1,1
1248,1.0,train,0.999496664330841,0.0005033356691591875,1,1,1
1249,0.0,train,0.001700722411435288,0.9982992775885648,0,1,1
1250,1.0,train,0.997326994304869,0.002673005695131057,1,1,1
1251,1.0,train,0.9653811604138205,0.03461883958617943,1,1,1
1252,1.0,dev,0.9999798543180025,2.014568199738824e-05,1,1,1
1253,1.0,train,0.8333245911726382,0.16667540882736176,1,1,1
1254,0.0,test,3.269928706510244e-05,0.9999673007129349,0,1,1
1255,0.0,train,0.002757623023050844,0.9972423769769493,0,1,1
1256,1.0,test,0.930458262243501,0.06954173775649894,1,1,1
1257,0.0,train,0.13296425394084313,0.8670357460591569,0,1,1
1258,0.0,train,0.000954731853210855,0.9990452681467891,0,1,1
1259,1.0,train,0.857768108626046,0.14223189137395395,1,1,1
1260,1.0,train,0.9996749642685467,0.00032503573145339204,1,1,1
1261,0.0,test,0.9981613349447682,0.0018386650552316831,1,1,1
1262,0.0,train,0.00023413583175255171,0.9997658641682474,0,1,1
1263,1.0,train,0.9755769076381063,0.024423092361893627,1,1,1
1264,0.0,train,0.00011412242625215536,0.9998858775737479,0,1,1
1265,0.0,train,0.41111085480195975,0.5888891451980403,0,1,1
1266,0.0,train,0.9780517482043893,0.02194825179561078,1,1,1
1267,0.0,dev,0.0005193048026211149,0.9994806951973789,0,1,1
1268,1.0,dev,0.999992703617816,7.296382184065352e-06,1,1,1
1269,0.0,train,0.8221891348788759,0.17781086512112398,1,1,1
1270,0.0,dev,0.002934951395867108,0.9970650486041329,0,1,1
1271,0.0,train,0.0003859660905807735,0.9996140339094192,0,1,1
1272,0.0,train,0.008847354168244174,0.9911526458317558,0,1,1
1273,1.0,train,0.10087862273005653,0.8991213772699436,0,1,1
1274,0.0,train,3.905485135817003e-06,0.9999960945148643,0,1,1
1275,0.0,train,2.7969293023506094e-05,0.9999720307069765,0,1,1
1276,1.0,train,0.9989182850048963,0.001081714995103586,1,1,1
1277,0.0,train,1.715957125827094e-07,0.9999998284042874,0,1,1
1278,1.0,train,0.9886682475537669,0.011331752446232992,1,1,1
1279,1.0,train,0.9995044641151698,0.0004955358848301378,1,1,1
1280,1.0,train,0.9925393580256878,0.007460641974312049,1,1,1
1281,0.0,train,0.6757646140788307,0.3242353859211693,1,1,1
1282,0.0,train,0.6959583124210896,0.30404168757891037,1,1,1
1283,1.0,train,0.5660185205547239,0.43398147944527604,1,1,1
1284,1.0,train,0.9987744325333769,0.0012255674666230487,1,1,1
1285,1.0,dev,0.7879312006227324,0.21206879937726766,1,1,1
1286,0.0,train,0.0010322310367548194,0.9989677689632452,0,1,1
1287,1.0,train,0.9773708026035288,0.022629197396471325,1,1,1
1288,1.0,train,0.9999970519824086,2.9480175912580998e-06,1,1,1
1289,0.0,train,0.07585818628900447,0.9241418137109955,0,1,1
1290,0.0,train,5.2553932011204505e-06,0.9999947446067988,0,1,1
1291,0.0,train,1.3211964528748547e-05,0.9999867880354714,0,1,1
1292,1.0,train,0.9848109492973944,0.01518905070260567,1,1,1
1293,1.0,train,0.9995761153243,0.00042388467569993174,1,1,1
1294,0.0,train,0.0021827164453451808,0.9978172835546547,0,1,1
1295,1.0,test,0.9988304896653178,0.0011695103346822365,1,1,1
1296,1.0,train,0.9999959070893922,4.0929106078162605e-06,1,1,1
1297,1.0,train,0.9999469249277047,5.307507229538658e-05,1,1,1
1298,1.0,train,0.01243164865786858,0.9875683513421315,0,1,1
1299,1.0,test,0.9902915215128427,0.00970847848715727,1,1,1
1300,1.0,train,0.9921841093618227,0.0078158906381774,1,1,1
1301,1.0,train,0.9871787838473909,0.012821216152609128,1,1,1
1302,0.0,train,0.9828232887236732,0.017176711276326882,1,1,1
1303,0.0,train,0.9999956431197082,4.3568802918482556e-06,1,1,1
1304,1.0,train,0.9999651918751863,3.4808124813763406e-05,1,1,1
1305,1.0,train,0.9999971869818661,2.8130181337885754e-06,1,1,1
1306,0.0,train,0.0003406291653640547,0.9996593708346361,0,1,1
1307,1.0,train,0.9915543741819549,0.008445625818045185,1,1,1
1308,1.0,train,0.7718435083355187,0.22815649166448124,1,1,1
1309,1.0,dev,0.01665703708033163,0.9833429629196683,0,1,1
1310,0.0,train,5.507605859829804e-06,0.9999944923941401,0,1,1
1311,1.0,train,0.9999893838692426,1.0616130757246163e-05,1,1,1
1312,0.0,train,3.689884522179759e-07,0.9999996310115478,0,1,1
1313,1.0,train,0.9999980052708061,1.9947291939309223e-06,1,1,1
1314,1.0,train,0.9978842962061603,0.0021157037938398606,1,1,1
1315,0.0,dev,0.004982268696217389,0.9950177313037827,0,1,1
1316,0.0,train,0.9999986712230224,1.328776977673721e-06,1,1,1
1317,0.0,test,0.1208532451561875,0.8791467548438124,0,1,1
1318,1.0,train,0.9999307781427484,6.922185725150778e-05,1,1,1
1319,1.0,train,0.9998557401215445,0.00014425987845543027,1,1,1
1320,0.0,train,0.15203223393803664,0.8479677660619633,0,1,1
1321,1.0,train,0.0017274585496396856,0.9982725414503604,0,1,1
1322,1.0,test,0.9840936089879457,0.01590639101205418,1,1,1
1323,1.0,train,0.9998534687655841,0.00014653123441590502,1,1,1
1324,1.0,train,0.9998977001357476,0.00010229986425225704,1,1,1
1325,0.0,train,0.008061991528271641,0.9919380084717284,0,1,1
1326,1.0,train,0.992304351057838,0.007695648942162,1,1,1
1327,0.0,train,0.00011591932936927111,0.9998840806706306,0,1,1
1328,1.0,train,0.9953181767812865,0.004681823218713454,1,1,1
1329,1.0,train,0.9999952890922928,4.7109077072743e-06,1,1,1
1330,0.0,train,0.9966755633305242,0.0033244366694758663,1,1,1
1331,1.0,test,0.9848109484058074,0.015189051594192442,1,1,1
1332,1.0,train,0.9999900270536879,9.972946312098368e-06,1,1,1
1333,1.0,train,0.14414886038616348,0.8558511396138365,0,1,1
1334,1.0,train,0.9999987901344111,1.2098655888784174e-06,1,1,1
1335,0.0,train,0.7217432062975979,0.2782567937024021,1,1,1
1336,0.0,train,0.003429603516656025,0.996570396483344,0,1,1
1337,1.0,train,0.9999930377450207,6.962254979262476e-06,1,1,1
1338,1.0,dev,0.9999895484557639,1.0451544236143355e-05,1,1,1
1339,0.0,train,0.0003920419060293982,0.9996079580939706,0,1,1
1340,0.0,dev,2.430023857072166e-05,0.9999756997614292,0,1,1
1341,0.0,train,0.9984021545178684,0.0015978454821314891,1,1,1
1342,1.0,train,0.9999702268971504,2.977310284944847e-05,1,1,1
1343,0.0,train,1.2679284275147869e-06,0.9999987320715724,0,1,1
1344,0.0,dev,0.009412589587609823,0.9905874104123901,0,1,1
1345,1.0,dev,2.406101264109289e-06,0.999997593898736,0,1,1
1346,1.0,train,0.9572778030629224,0.042722196937077614,1,1,1
1347,0.0,train,0.9664104945917512,0.033589505408248815,1,1,1
1348,0.0,train,0.9372107896491795,0.0627892103508204,1,1,1
1349,1.0,train,7.690379409513685e-07,0.999999230962059,0,1,1
1350,0.0,test,0.999802830638256,0.00019716936174402045,1,1,1
1351,,,0.004681822316019842,0.9953181776839802,0,1,1
1352,0.0,train,0.00037998460531281857,0.9996200153946871,0,1,1
1353,1.0,test,0.999997097686977,2.9023130231559198e-06,1,1,1
1354,1.0,train,0.9984268878931619,0.0015731121068381926,1,1,1
1355,1.0,train,0.9999516743587524,4.8325641247567086e-05,1,1,1
1356,0.0,train,0.00781588740262233,0.9921841125973777,0,1,1
1357,1.0,train,0.9998822554340309,0.00011774456596900519,1,1,1
1358,0.0,train,0.006488269788767602,0.9935117302112324,0,1,1
1359,1.0,train,0.8152324893520001,0.184767510648,1,1,1
1360,1.0,train,0.9997933701935865,0.00020662980641350623,1,1,1
1361,1.0,test,0.9891815536593563,0.010818446340643655,1,1,1
1362,0.0,train,0.5195213219520929,0.480478678047907,1,1,1
1363,0.0,train,0.9817357244536186,0.01826427554638145,1,1,1
1364,1.0,train,0.9945307261713026,0.005469273828697403,1,1,1
1365,0.0,train,0.3665897363221599,0.6334102636778401,0,1,1
1366,0.0,train,5.144221987428362e-05,0.9999485577801257,0,1,1
1367,1.0,train,0.03161876635612757,0.9683812336438724,0,1,1
1368,0.0,dev,1.01299933960278e-05,0.999989870006604,0,1,1
1369,1.0,train,0.010013572395809293,0.9899864276041906,0,1,1
1370,0.0,train,0.0003682979040718781,0.999631702095928,0,1,1
1371,0.0,dev,3.6478549633962555e-05,0.9999635214503659,0,1,1
1372,0.0,train,0.00012339453186234573,0.9998766054681377,0,1,1
1373,1.0,train,0.03210070440209414,0.9678992955979059,0,1,1
1374,0.0,dev,0.9999274563552877,7.254364471238439e-05,1,1,1
1375,1.0,train,0.9999977040812232,2.2959187767586525e-06,1,1,1
1376,1.0,dev,0.9678992914310605,0.032100708568939526,1,1,1
1377,1.0,test,0.9999965534218345,3.4465781655085828e-06,1,1,1
1378,1.0,train,0.8311430478583168,0.16885695214168314,1,1,1
1379,1.0,train,0.9968273171103881,0.0031726828896118543,1,1,1
1380,0.0,train,3.446580117107048e-06,0.9999965534198829,0,1,1
1381,1.0,train,0.9984988177879345,0.0015011822120654355,1,1,1
1382,1.0,dev,0.9999993106391805,6.893608195311615e-07,1,1,1
1383,0.0,train,0.9980732657665016,0.0019267342334985317,1,1,1
1384,1.0,train,0.8152324848629214,0.1847675151370785,1,1,1
1385,0.0,test,0.4455295497638851,0.554470450236115,0,1,1
1386,0.0,train,8.186366350315374e-07,0.9999991813633649,0,1,1
1387,0.0,test,4.832563242666911e-05,0.9999516743675734,0,1,1
1388,0.0,train,0.8479677660619633,0.15203223393803664,1,1,1
1389,1.0,train,0.9998785182173294,0.00012148178267057524,1,1,1
1390,1.0,train,0.9314625041141347,0.06853749588586538,1,1,1
1391,1.0,train,0.9978510503169618,0.0021489496830382955,1,1,1
1392,0.0,train,0.00022341626698704794,0.999776583733013,0,1,1
1393,1.0,train,0.9998147743436612,0.00018522565633895748,1,1,1
1394,1.0,train,0.9999687980802373,3.120191976271131e-05,1,1,1
1395,1.0,train,0.912436153333645,0.08756384666635493,1,1,1
1396,0.0,train,0.02843603304485266,0.9715639669551474,0,1,1
1397,0.0,train,0.0004373345598528809,0.9995626654401472,0,1,1
1398,0.0,test,0.6723316860482762,0.3276683139517237,1,1,1
1399,1.0,test,0.9999950630091009,4.936990898970948e-06,1,1,1
1400,1.0,train,0.9999873930543237,1.2606945676384019e-05,1,1,1
1401,0.0,train,0.0003301526759174573,0.9996698473240825,0,1,1
1402,1.0,train,0.997368325888224,0.002631674111775872,1,1,1
1403,0.0,train,0.1192029188930649,0.880797081106935,0,1,1
1404,0.0,train,9.422445939071363e-07,0.9999990577554062,0,1,1
1405,1.0,train,0.9999977747182317,2.2252817682622025e-06,1,1,1
1406,1.0,train,0.905989822921759,0.09401017707824097,1,1,1
1407,0.0,train,0.00136702597113516,0.9986329740288649,0,1,1
1408,0.0,train,0.00013341997512859814,0.9998665800248714,0,1,1
1409,1.0,test,0.9926541743491095,0.007345825650890393,1,1,1
1410,1.0,dev,0.9805806528106815,0.019419347189318575,1,1,1
1411,1.0,train,0.9999924720109478,7.527989052093429e-06,1,1,1
1412,1.0,train,0.9948603888262386,0.0051396111737613956,1,1,1
1413,1.0,train,0.9999966068555284,3.3931444716856527e-06,1,1,1
1414,1.0,train,0.9999981261242952,1.8738757047641933e-06,1,1,1
1415,0.0,test,0.2538609956791998,0.7461390043208003,0,1,1
1416,1.0,train,0.7057850278370112,0.29421497216298875,1,1,1
1417,1.0,train,0.8902942304882371,0.10970576951176296,1,1,1
1418,1.0,train,0.03114383233328265,0.9688561676667173,0,1,1
1419,1.0,train,0.06754668550840877,0.9324533144915912,0,1,1
1420,0.0,train,0.00011235324715858762,0.9998876467528414,0,1,1
1421,1.0,train,0.008847355605608263,0.9911526443943917,0,1,1
1422,0.0,train,0.0025509126487742867,0.9974490873512257,0,1,1
1423,0.0,train,4.6112750891048506e-05,0.9999538872491089,0,1,1
1424,1.0,dev,0.9999733114624737,2.668853752621909e-05,1,1,1
1425,1.0,train,0.00035143820046082397,0.9996485617995391,0,1,1
1426,1.0,train,0.9967775155084735,0.003222484491526504,1,1,1
1427,0.0,train,0.9964063978454312,0.0035936021545687705,1,1,1
1428,1.0,train,0.9995044640450561,0.0004955359549439527,1,1,1
1429,1.0,train,0.9978172832301146,0.0021827167698853724,1,1,1
1430,0.0,train,0.9991959139326767,0.0008040860673232232,1,1,1
1431,0.0,train,1.3363876888670853e-07,0.9999998663612312,0,1,1
1432,1.0,train,0.9999798543177023,2.014568229757625e-05,1,1,1
1433,1.0,train,0.9998088956826987,0.00019110431730134274,1,1,1
1434,0.0,train,0.8479677545357569,0.15203224546424318,1,1,1
1435,0.0,train,1.3497027554712981e-06,0.9999986502972444,0,1,1
1436,1.0,train,0.9999850289095034,1.4971090496666309e-05,1,1,1
1437,0.0,train,0.0025509125729450952,0.997449087427055,0,1,1
1438,1.0,train,0.9999239751839941,7.602481600580018e-05,1,1,1
1439,0.0,train,0.007937995040178426,0.9920620049598216,0,1,1
1440,0.0,train,0.00043733423415586445,0.9995626657658442,0,1,1
1441,0.0,train,2.5466400911301024e-05,0.9999745335990886,0,1,1
1442,1.0,train,0.9046505428129514,0.09534945718704857,1,1,1
1443,1.0,train,0.9999850289169767,1.4971083023377864e-05,1,1,1
1444,1.0,train,0.9875683517080176,0.01243164829198241,1,1,1
1445,0.0,test,2.5071604308407224e-05,0.9999749283956915,0,1,1
1446,1.0,test,0.9996317021480454,0.0003682978519544525,1,1,1
1447,0.0,train,2.0611536181902033e-09,0.9999999979388463,0,0,1
1448,0.0,train,0.0028009275498032983,0.9971990724501966,0,1,1
1449,0.0,train,0.48438008427698437,0.5156199157230156,0,1,1
1450,0.0,test,0.8128673087708699,0.18713269122913015,1,1,1
1451,0.0,train,0.04336579381848507,0.9566342061815148,0,1,1
1452,1.0,train,0.33458944125318596,0.665410558746814,0,1,1
1453,0.0,train,0.0015011822567369915,0.998498817743263,0,1,1
1454,0.0,train,0.003945406338128548,0.9960545936618715,0,1,1
1455,1.0,train,0.8976952962128457,0.10230470378715426,1,1,1
1456,0.0,train,0.0010484693295891264,0.998951530670411,0,1,1
1457,1.0,train,0.9997131459688913,0.00028685403110867414,1,1,1
1458,0.0,train,0.11124119766818044,0.8887588023318196,0,1,1
1459,1.0,train,0.9999850289118456,1.4971088154291915e-05,1,1,1
1460,0.0,dev,6.40200679194885e-05,0.9999359799320806,0,1,1
1461,0.0,train,0.037326884131416216,0.9626731158685837,0,1,1
1462,0.0,train,0.9184802429095673,0.08151975709043274,1,1,1
1463,1.0,train,0.9994296843693633,0.0005703156306366653,1,1,1
1464,0.0,train,0.30735801686526387,0.6926419831347361,0,1,1
1465,1.0,train,0.7431680086124811,0.25683199138751883,1,1,1
1466,0.0,train,0.00017674521183435842,0.9998232547881656,0,1,1
1467,1.0,train,0.999998005270769,1.9947292310855753e-06,1,1,1
1468,0.0,train,1.3211957441394013e-05,0.9999867880425586,0,1,1
1469,1.0,train,0.1259227615549033,0.8740772384450968,0,1,1
1470,0.0,train,0.14414886406287503,0.855851135937125,0,1,1
1471,1.0,train,0.9999989154832423,1.0845167577849256e-06,1,1,1
1472,1.0,train,0.9999469249298794,5.307507012058148e-05,1,1,1
1473,0.0,train,0.38861802670584894,0.6113819732941511,0,1,1
1474,1.0,train,0.008985427160277512,0.9910145728397224,0,1,1
1475,1.0,train,0.30404168757891037,0.6959583124210896,0,1,1
1476,1.0,dev,0.008985430875604156,0.9910145691243958,0,1,1
1477,1.0,test,0.9999957771683172,4.2228316827643185e-06,1,1,1
1478,1.0,train,0.9999756997590756,2.43002409243261e-05,1,1,1
1479,1.0,train,0.18010666848732088,0.8198933315126791,0,1,1
1480,1.0,train,0.998674977360957,0.0013250226390430521,1,1,1
1481,0.0,test,6.577928080385977e-07,0.9999993422071919,0,1,1
1482,1.0,train,0.9994115911288661,0.000588408871133834,1,1,1
1483,0.0,train,0.019719128683433958,0.980280871316566,0,1,1
1484,1.0,train,0.9994806951780434,0.0005193048219566804,1,1,1
1485,1.0,train,0.9999917321306233,8.26786937660604e-06,1,1,1
1486,1.0,train,0.983085085866014,0.01691491413398598,1,1,1
1487,0.0,train,0.03021458706739398,0.9697854129326061,0,1,1
1488,1.0,train,0.9976403396511846,0.002359660348815279,1,1,1
1489,0.0,test,4.133541008733145e-05,0.9999586645899126,0,1,1
1490,1.0,train,0.00014883846483259344,0.9998511615351674,0,1,1
1491,0.0,train,6.205051451435159e-05,0.9999379494854856,0,1,1
1492,1.0,dev,0.712232184238947,0.2877678157610531,1,1,1
1493,0.0,train,1.1843137614184267e-05,0.9999881568623858,0,1,1
1494,1.0,test,0.9999986712226956,1.3287773043786059e-06,1,1,1
1495,1.0,train,0.3998116407397951,0.600188359260205,0,1,1
1496,0.0,train,0.8104788995148792,0.18952110048512089,1,1,1
1497,1.0,dev,0.5926665999540697,0.4073334000459302,1,1,1
1498,0.0,train,0.9993929243946968,0.0006070756053032686,1,1,1
1499,1.0,train,0.9999936607884625,6.339211537509704e-06,1,1,1
1500,0.0,test,0.0010649627671696315,0.9989350372328304,0,1,1
1501,1.0,train,0.999996033012223,3.966987776989723e-06,1,1,1
1502,0.0,train,2.9649067831595425e-07,0.9999997035093218,0,1,1
1503,1.0,train,0.995668497593847,0.00433150240615302,1,1,1
1504,1.0,test,0.9995826843325607,0.0004173156674393153,1,1,1
1505,0.0,train,0.00039204171916258277,0.9996079582808375,0,1,1
1506,1.0,train,0.9999972735302167,2.7264697831664266e-06,1,1,1
1507,0.0,train,1.1478770179620664e-05,0.9999885212298205,0,1,1
1508,0.0,train,0.0004442181736614631,0.9995557818263386,0,1,1
1509,1.0,train,0.9999959070898647,4.0929101351525365e-06,1,1,1
1510,,,1.4367509793185628e-06,0.9999985632490206,0,1,1
1511,0.0,train,0.5583270090337583,0.44167299096624174,1,1,1
1512,1.0,dev,0.9950177295677974,0.004982270432202579,1,1,1
1513,1.0,dev,0.9999914696768589,8.530323141013637e-06,1,1,1
1514,1.0,train,0.9973683263282318,0.00263167367176817,1,1,1
1515,0.0,test,1.3211959803845102e-05,0.999986788040196,0,1,1
1516,1.0,train,0.7853085758631159,0.21469142413688413,1,1,1
1517,1.0,train,0.960951703359765,0.0390482966402351,1,1,1
1518,0.0,train,0.600188359260205,0.3998116407397951,1,1,1
1519,1.0,train,0.9637799420543365,0.03622005794566347,1,1,1
1520,1.0,train,0.9999919864995862,8.013500413818186e-06,1,1,1
1521,1.0,train,0.9995271455443515,0.00047285445564855636,1,1,1
1522,1.0,train,0.9996898441357239,0.00031015586427605844,1,1,1
1523,0.0,train,0.00015356242510448345,0.9998464375748954,0,1,1
1524,0.0,train,1.3420008705477849e-05,0.9999865799912946,0,1,1
1525,1.0,train,0.9989515309513373,0.001048469048662627,1,1,1
1526,1.0,train,0.019719126379084587,0.9802808736209153,0,1,1
1527,1.0,train,0.9992327076556898,0.0007672923443100707,1,1,1
1528,0.0,train,0.9974090209628935,0.002590979037106535,1,1,1
1529,0.0,train,0.00025315638723640244,0.9997468436127636,0,1,1
1530,0.0,test,0.02033235452992065,0.9796676454700793,0,1,1
1531,0.0,train,1.586999418335374e-07,0.9999998413000583,0,1,1
1532,0.0,train,0.999726278363515,0.0002737216364849216,1,1,1
1533,1.0,dev,0.0018675658667855663,0.9981324341332144,0,1,1
1534,1.0,train,0.9999995262095092,4.737904908678745e-07,1,1,1
1535,0.0,train,0.00010554687682556958,0.9998944531231745,0,1,1
1536,0.0,train,9.132550196322933e-07,0.9999990867449804,0,1,1
1537,1.0,train,0.9988839855740433,0.001116014425956595,1,1,1
1538,1.0,train,0.9999509133979236,4.908660207642343e-05,1,1,1
1539,1.0,test,0.9993436270111765,0.0006563729888234451,1,1,1
1540,0.0,train,2.9023128501650905e-06,0.99999709768715,0,1,1
1541,1.0,dev,0.9991306325748354,0.0008693674251645211,1,1,1
1542,1.0,train,0.9999566809800481,4.3319019951924874e-05,1,1,1
1543,1.0,train,0.9999943175666924,5.682433307696781e-06,1,1,1
1544,1.0,dev,0.8596637397236823,0.14033626027631768,1,1,1
1545,0.0,train,0.9173026652376182,0.08269733476238185,1,1,1
1546,1.0,dev,0.9999524235634661,4.757643653381247e-05,1,1,1
1547,0.0,train,7.602482620074808e-05,0.9999239751737992,0,1,1
1548,1.0,train,0.9960545939839468,0.003945406016053065,1,1,1
1549,0.0,test,1.4593766560043224e-06,0.9999985406233439,0,1,1
1550,1.0,train,0.9999452402191803,5.475978081967866e-05,1,1,1
1551,1.0,dev,0.9998960892934078,0.00010391070659219579,1,1,1
1552,1.0,train,0.9985220571627225,0.0014779428372775926,1,1,1
1553,0.0,train,0.8397339676722393,0.16026603232776068,1,1,1
1554,1.0,train,0.9740426443092215,0.02595735569077852,1,1,1
1555,0.0,train,1.6373775456573642e-07,0.9999998362622454,0,1,1
1556,1.0,train,0.08151974928043641,0.9184802507195635,0,1,1
1557,0.0,train,0.9998088956015553,0.0001911043984446229,1,1,1
1558,1.0,train,0.9334308165850442,0.06656918341495573,1,1,1
1559,1.0,train,0.9993537966900344,0.0006462033099656413,1,1,1
1560,1.0,train,0.9999097196434786,9.028035652128746e-05,1,1,1
1561,0.0,train,0.22815651265736978,0.7718434873426302,0,1,1
1562,1.0,dev,0.9987355779989081,0.0012644220010918238,1,1,1
1563,1.0,test,0.9999138534639188,8.614653608112644e-05,1,1,1
1564,1.0,train,0.523420348936324,0.47657965106367595,1,1,1
1565,1.0,train,0.9999749284122228,2.507158777720339e-05,1,1,1
1566,1.0,train,0.9999778743305746,2.212566942539348e-05,1,1,1
1567,1.0,train,0.7217432122827968,0.2782567877172032,1,1,1
1568,1.0,train,0.9999580137092804,4.1986290719521394e-05,1,1,1
1569,1.0,dev,0.603931819468636,0.39606818053136394,1,1,1
1570,1.0,dev,0.00044421841185286894,0.9995557815881471,0,1,1
1571,0.0,train,0.5467381519846138,0.45326184801538616,1,1,1
1572,0.0,train,0.0018102108107993235,0.9981897891892008,0,1,1
1573,0.0,train,0.9449947101574299,0.055005289842570144,1,1,1
1574,0.0,train,0.9995416870925387,0.0004583129074613026,1,1,1
1575,1.0,train,0.9999995111696443,4.888303556405607e-07,1,1,1
1576,0.0,train,0.014281935603334895,0.9857180643966651,0,1,1
1577,1.0,train,0.7431680086124811,0.25683199138751883,1,1,1
1578,0.0,train,0.9997388096595037,0.000261190340496344,1,1,1
1579,1.0,train,0.9999847931589495,1.5206841050465529e-05,1,1,1
1580,0.0,train,6.502818336056141e-05,0.9999349718166395,0,1,1
1581,0.0,train,3.844934829570239e-06,0.9999961550651705,0,1,1
1582,0.0,test,4.9086639378422356e-05,0.9999509133606216,0,1,1
1583,1.0,train,0.9999985855243702,1.4144756297298008e-06,1,1,1
1584,1.0,train,0.979976554032175,0.020023445967825088,1,1,1
1585,1.0,train,0.9999988810565857,1.1189434143261536e-06,1,1,1
1586,0.0,train,0.588889130767832,0.411110869232168,1,1,1
1587,0.0,train,0.0373268852023206,0.9626731147976793,0,1,1
1588,0.0,train,0.9998232548658462,0.00017674513415369528,1,1,1
1589,1.0,train,0.9999893838644179,1.0616135582072646e-05,1,1,1
1590,0.0,train,0.8723473779969194,0.1276526220030806,1,1,1
1591,1.0,train,0.9999986712221709,1.3287778290866195e-06,1,1,1
1592,1.0,test,0.9566342024724488,0.0433657975275513,1,1,1
1593,1.0,train,0.9999827684251295,1.7231574870462175e-05,1,1,1
1594,1.0,train,0.9859363730600632,0.014063626939936907,1,1,1
1595,0.0,train,0.008847353253558055,0.9911526467464419,0,1,1
1596,1.0,dev,0.9915543732460541,0.008445626753945881,1,1,1
1597,0.0,train,0.00017674511703762158,0.9998232548829624,0,1,1
1598,0.0,train,0.0005527787357134919,0.9994472212642864,0,1,1
1599,0.0,train,0.1008786146206548,0.8991213853793453,0,1,1
1600,0.0,train,0.04084571182343415,0.9591542881765658,0,1,1
1601,1.0,train,0.9945307253607747,0.005469274639225395,1,1,1
1602,0.0,train,1.5381720367624805e-07,0.9999998461827962,0,1,1
1603,,,0.9945307249352473,0.005469275064752637,1,1,1
1604,1.0,dev,0.11757213045354989,0.8824278695464501,0,1,1
1605,1.0,test,0.9985449371805454,0.0014550628194546663,1,1,1
1606,0.0,train,0.002934951395867108,0.9970650486041329,0,1,1
1607,1.0,train,0.9998960893259206,0.00010391067407938569,1,1,1
1608,0.0,train,0.0583458389742937,0.9416541610257062,0,1,1
1609,1.0,train,0.9957353652761742,0.0042646347238257725,1,1,1
1610,1.0,train,0.019719124074735486,0.9802808759252645,0,1,1
1611,1.0,train,0.9817357232512719,0.01826427674872807,1,1,1
1612,1.0,train,0.98677717951149,0.013222820488509986,1,1,1
1613,0.0,train,5.043473480785894e-07,0.999999495652652,0,1,1
1614,1.0,train,0.9990889487988176,0.0009110512011823215,1,1,1
1615,1.0,train,0.00036829783823934167,0.9996317021617606,0,1,1
1616,0.0,train,0.0003150387973265517,0.9996849612026734,0,1,1
1617,1.0,train,0.9999967622377479,3.237762252020929e-06,1,1,1
1618,0.0,dev,0.5660185351961015,0.43398146480389854,1,1,1
1619,1.0,train,0.9967269351265541,0.0032730648734459657,1,1,1
1620,1.0,dev,0.9999349718321424,6.502816785764437e-05,1,1,1
1621,1.0,train,0.9993929243155912,0.0006070756844088717,1,1,1
1622,1.0,train,0.9972850146318614,0.0027149853681386845,1,1,1
1623,0.0,train,0.8558511579973932,0.14414884200260686,1,1,1
1624,0.0,test,0.0001852258094949407,0.9998147741905051,0,1,1
1625,0.0,train,9.721546189381596e-07,0.9999990278453811,0,1,1
1626,0.0,train,0.0024726237446964848,0.9975273762553034,0,1,1
1627,0.0,train,1.3845997961556914e-05,0.9999861540020384,0,1,1
1628,1.0,train,0.02843603469157556,0.9715639653084244,0,1,1
1629,1.0,train,0.993902437220431,0.00609756277956907,1,1,1
1630,0.0,train,0.00013982206731444948,0.9998601779326856,0,1,1
1631,1.0,train,0.9999697580320029,3.024196799711259e-05,1,1,1
1632,0.0,train,0.9976403391600828,0.002359660839917265,1,1,1
1633,1.0,train,0.13846179767920994,0.86153820232079,0,1,1
1634,1.0,train,0.9902915215128427,0.00970847848715727,1,1,1
1635,1.0,train,0.9999923534624221,7.64653757800409e-06,1,1,1
1636,1.0,train,0.9997584336801209,0.0002415663198792183,1,1,1
1637,0.0,train,0.999941708723482,5.8291276518101075e-05,1,1,1
1638,1.0,dev,0.9999918603066472,8.139693352686842e-06,1,1,1
1639,1.0,train,0.9933071497691615,0.006692850230838542,1,1,1
1640,1.0,train,0.9811668670807123,0.018833132919287787,1,1,1
1641,0.0,dev,0.005730246514992079,0.994269753485008,0,1,1
1642,1.0,dev,0.9999978766221388,2.1233778612598425e-06,1,1,1
1643,0.0,dev,0.03846619642746417,0.9615338035725358,0,1,1
1644,1.0,train,0.9999640869985514,3.591300144857118e-05,1,1,1
1645,1.0,train,0.9999883404669053,1.1659533094669536e-05,1,1,1
1646,1.0,train,0.9728307696458797,0.02716923035412042,1,1,1
1647,0.0,train,0.9591542887603537,0.040845711239646296,1,1,1
1648,0.0,train,2.3187470594418783e-05,0.9999768125294055,0,1,1
1649,0.0,train,0.00020342699017793307,0.999796573009822,0,1,1
1650,1.0,train,0.9999954340316872,4.565968312860019e-06,1,1,1
1651,1.0,train,0.9999934595646247,6.540435375203931e-06,1,1,1
1652,0.0,train,2.0611536181902033e-09,0.9999999979388463,0,0,1
1653,1.0,train,0.9999830355718464,1.696442815364829e-05,1,1,1
1654,1.0,train,0.9603611580627726,0.03963884193722745,1,1,1
1655,0.0,dev,0.990440599242064,0.009559400757936145,1,1,1
1656,0.0,train,1.0451549920600795e-05,0.9999895484500795,0,1,1
1657,1.0,train,0.9951702792568878,0.0048297207431122,1,1,1
1658,0.0,train,0.9998665800054899,0.00013341999451011076,1,1,1
1659,1.0,train,0.9999919864983323,8.01350166761808e-06,1,1,1
1660,0.0,train,1.8058513955751953e-05,0.9999819414860442,0,1,1
1661,0.0,dev,0.9983515169600534,0.001648483039946556,1,1,1
1662,0.0,train,0.06008665354025422,0.9399133464597458,0,1,1
1663,1.0,train,0.9999978766205883,2.12337941165611e-06,1,1,1
1664,1.0,train,0.999998771081659,1.2289183409976134e-06,1,1,1
1665,0.0,train,0.9987551568090708,0.0012448431909292633,1,1,1
1666,0.0,train,3.9442579699303466e-05,0.9999605574203007,0,1,1
1667,1.0,train,0.999045268239174,0.0009547317608261605,1,1,1
1668,0.0,train,0.008985428752560176,0.9910145712474399,0,1,1
1669,0.0,train,2.6165194282222803e-07,0.9999997383480571,0,1,1
1670,1.0,train,0.999997398384208,2.6016157920320148e-06,1,1,1
1671,1.0,train,0.9999968124358284,3.187564171666671e-06,1,1,1
1672,1.0,train,0.020332353342658753,0.9796676466573412,0,1,1
1673,0.0,train,0.12421301483609337,0.8757869851639067,0,1,1
1674,0.0,train,2.796930135877307e-05,0.9999720306986412,0,1,1
1675,1.0,dev,0.11757213972942693,0.8824278602705732,0,1,1
1676,1.0,train,0.9999407908136517,5.920918634823492e-05,1,1,1
1677,0.0,train,3.7853248658738304e-06,0.9999962146751342,0,1,1
1678,1.0,train,0.9999877809263465,1.2219073653500682e-05,1,1,1
1679,0.0,train,6.240928809574041e-06,0.9999937590711904,0,1,1
1680,1.0,train,0.9901401432417147,0.009859856758285403,1,1,1
1681,1.0,train,0.9732407152622597,0.026759284737740304,1,1,1
1682,1.0,train,0.9924227580037871,0.007577241996212817,1,1,1
1683,1.0,train,0.256831980010821,0.743168019989179,0,1,1
1684,1.0,test,0.9999964991461985,3.500853801443789e-06,1,1,1
1685,0.0,train,0.004829721172837378,0.9951702788271626,0,1,1
1686,0.0,train,0.00024923259884061496,0.9997507674011594,0,1,1
1687,1.0,train,0.9999973574141299,2.64258587006452e-06,1,1,1
1688,0.0,train,2.0611536181902033e-09,0.9999999979388463,0,0,1
1689,1.0,train,0.9997694932754314,0.0002305067245686593,1,1,1
1690,1.0,train,0.999853468710459,0.00014653128954084666,1,1,1
1691,1.0,train,0.9999893838612937,1.0616138706346703e-05,1,1,1
1692,1.0,train,0.9981324339943297,0.00186756600567021,1,1,1
1693,1.0,train,0.47268347662043286,0.5273165233795671,0,1,1
1694,0.0,train,0.990587408258846,0.00941259174115401,1,1,1
1695,1.0,train,0.9799765587105447,0.020023441289455244,1,1,1
1696,1.0,train,0.999864479216395,0.0001355207836049243,1,1,1
1697,0.0,train,0.0009697519677825861,0.9990302480322174,0,1,1
1698,1.0,train,4.198630072941407e-05,0.9999580136992706,0,1,1
1699,0.0,dev,0.0014779431121590633,0.9985220568878409,0,1,1
1700,0.0,test,0.00010229987301658466,0.9998977001269833,0,1,1
1701,1.0,train,0.1422318986458388,0.8577681013541613,0,1,1
1702,0.0,train,0.7606506472514406,0.23934935274855942,1,1,1
1703,1.0,dev,0.9999756997567221,2.4300243277930767e-05,1,1,1
1704,1.0,train,0.999989710485978,1.0289514022035066e-05,1,1,1
1705,0.0,train,0.031618770006199386,0.9683812299938005,0,1,1
1706,1.0,train,0.9989515305689651,0.001048469431034825,1,1,1
1707,0.0,train,0.0008693675222394405,0.9991306324777606,0,1,1
1708,1.0,train,0.9999933565664588,6.643433541154069e-06,1,1,1
1709,0.0,train,4.157365124209179e-06,0.9999958426348758,0,1,1
1710,1.0,dev,0.9999741325797111,2.5867420288902552e-05,1,1,1
1711,0.0,test,0.8267117855317474,0.1732882144682526,1,1,1
1712,1.0,train,0.9999986712226461,1.3287773538793532e-06,1,1,1
1713,1.0,train,0.9974490872753964,0.0025509127246034803,1,1,1
1714,0.0,train,0.011869121046339474,0.9881308789536605,0,1,1
1715,0.0,train,0.028007519794676562,0.9719924802053235,0,1,1
1716,1.0,train,0.9981897885429906,0.001810211457009375,1,1,1
1717,0.0,train,0.028870905275130015,0.97112909472487,0,1,1
1718,1.0,train,0.9999984942988803,1.505701119614556e-06,1,1,1
1719,1.0,train,0.00218271696460951,0.9978172830353904,0,1,1
1720,0.0,train,0.9947798731070533,0.005220126892946706,1,1,1
1721,0.0,test,0.9992083704133434,0.0007916295866567348,1,1,1
1722,0.0,train,0.9999988455377994,1.15446220064937e-06,1,1,1
1723,0.0,train,9.22347120963052e-06,0.9999907765287904,0,1,1
1724,1.0,train,0.001000504222184871,0.9989994957778152,0,1,1
1725,0.0,train,0.3775406547908327,0.6224593452091672,0,1,1
1726,1.0,dev,0.41489884579676883,0.5851011542032312,0,1,1
1727,1.0,train,0.9999398584669889,6.014153301111467e-05,1,1,1
1728,0.0,train,0.02976009222491408,0.9702399077750858,0,1,1
1729,1.0,train,0.00019411310580436797,0.9998058868941956,0,1,1
1730,1.0,dev,0.9998464375428647,0.00015356245713518563,1,1,1
1731,1.0,train,0.9999946618420872,5.338157912743868e-06,1,1,1
1732,1.0,test,0.9999960945179777,3.905482022330305e-06,1,1,1
1733,0.0,train,0.09807933137938006,0.90192066862062,0,1,1
1734,1.0,test,0.9949396672928243,0.005060332707175502,1,1,1
1735,1.0,train,0.7745833789613196,0.22541662103868038,1,1,1
1736,0.0,dev,0.9979492561093809,0.0020507438906190215,1,1,1
1737,1.0,train,0.5389832206876841,0.4610167793123159,1,1,1
1738,1.0,train,0.9999788875202639,2.1112479736087986e-05,1,1,1
1739,0.0,train,0.9879462222582661,0.012053777741733895,1,1,1
1740,1.0,train,0.9999706884601303,2.9311539869890693e-05,1,1,1
1741,1.0,train,0.9999697580441698,3.0241955830191116e-05,1,1,1
1742,1.0,train,0.8376199633332891,0.16238003666671086,1,1,1
1743,1.0,train,0.9999931456844227,6.854315577448167e-06,1,1,1
1744,0.0,test,0.0302145861941363,0.9697854138058638,0,1,1
1745,0.0,dev,0.995929863008939,0.0040701369910610885,1,1,1
1746,0.0,train,0.016152832927676483,0.9838471670723236,0,1,1
1747,0.0,dev,0.7606506472514406,0.23934935274855942,1,1,1
1748,1.0,dev,0.9999897104819149,1.0289518085125298e-05,1,1,1
1749,1.0,test,0.9999922330453656,7.766954634404595e-06,1,1,1
1750,0.0,dev,0.5851011542032312,0.41489884579676883,1,1,1
1751,1.0,train,0.9848109527522926,0.015189047247707413,1,1,1
1752,0.0,train,0.870597268408361,0.12940273159163906,1,1,1
1753,0.0,test,2.178265505638642e-05,0.9999782173449436,0,1,1
1754,1.0,dev,0.006589772248369581,0.9934102277516303,0,1,1
1755,0.0,train,0.8104789086703224,0.18952109132967757,1,1,1
1756,1.0,train,0.9952447998433432,0.004755200156656751,1,1,1
1757,0.0,train,0.11596072436426733,0.8840392756357327,0,1,1
1758,0.0,train,0.9999966068544159,3.3931455840415007e-06,1,1,1
1759,1.0,train,0.9999898700095473,1.0129990452559088e-05,1,1,1
1760,1.0,train,0.9999942280806794,5.771919320598895e-06,1,1,1
1761,1.0,train,0.9998977001723294,0.00010229982767072386,1,1,1
1762,1.0,train,0.9999966068546813,3.393145318592912e-06,1,1,1
1763,0.0,train,0.28140560742914383,0.7185943925708561,0,1,1
1764,0.0,train,4.88830146221685e-07,0.9999995111698536,0,1,1
1765,1.0,train,0.999620015558829,0.0003799844411711053,1,1,1
1766,1.0,train,0.9759464485047915,0.0240535514952084,1,1,1
1767,1.0,test,0.9998911030834833,0.00010889691651660943,1,1,1
1768,1.0,train,0.9986954934310375,0.001304506568962595,1,1,1
1769,0.0,train,0.8757869884059266,0.12421301159407334,1,1,1
1770,0.0,train,0.003376613083777268,0.9966233869162227,0,1,1
1771,0.0,dev,0.009559399629260435,0.9904406003707394,0,1,1
1772,0.0,test,0.005469273463959846,0.99453072653604,0,1,1
1773,1.0,train,0.9999307781502264,6.922184977375198e-05,1,1,1
1774,0.0,train,0.0014103587484541162,0.9985896412515458,0,1,1
1775,0.0,dev,9.170194172514426e-05,0.999908298058275,0,1,1
1776,0.0,train,0.21206879439743004,0.7879312056025699,0,1,1
1777,1.0,train,0.10669059394565118,0.8933094060543487,0,1,1
1778,0.0,train,0.006003596152265355,0.9939964038477346,0,1,1
1779,1.0,train,0.9990302481765815,0.0009697518234184261,1,1,1
1780,0.0,train,0.10521053670308635,0.8947894632969136,0,1,1
1781,0.0,train,0.00019716945721192088,0.9998028305427881,0,1,1
1782,1.0,train,0.9999871945244988,1.2805475501223194e-05,1,1,1
1783,1.0,dev,0.9998204719744846,0.0001795280255153799,1,1,1
1784,0.0,dev,8.664650049216888e-06,0.9999913353499508,0,1,1
1785,1.0,train,0.999996388018513,3.61198148696741e-06,1,1,1
1786,0.0,dev,6.083590367132096e-07,0.9999993916409633,0,1,1
1787,1.0,train,0.9184802373309982,0.08151976266900196,1,1,1
1788,0.0,test,0.9184802518352774,0.0815197481647227,1,1,1
1789,0.0,test,0.011687257307221111,0.9883127426927789,0,1,1
1790,0.0,test,0.005554924539061064,0.9944450754609391,0,1,1
1791,1.0,train,0.9999984220377955,1.577962204433e-06,1,1,1
1792,0.0,train,0.76908023177796,0.2309197682220399,1,1,1
1793,1.0,train,0.9915543733084475,0.008445626691552497,1,1,1
1794,0.0,train,1.892515388606513e-05,0.9999810748461139,0,1,1
1795,1.0,train,0.9999692818273616,3.071817263852871e-05,1,1,1
1796,1.0,test,0.999878518244027,0.00012148175597308235,1,1,1
1797,1.0,train,0.9994806952283157,0.0005193047716842115,1,1,1
1798,0.0,dev,0.9918120906428505,0.008187909357149616,1,1,1
1799,1.0,train,0.9890130592314803,0.01098694076851977,1,1,1
1800,0.0,train,0.23091976292927183,0.7690802370707283,0,1,1
1801,1.0,train,0.003483423882723175,0.9965165761172768,0,1,1
1802,0.0,train,0.49218813572079556,0.5078118642792044,0,1,1
1803,0.0,test,0.0005703157920135376,0.9994296842079866,0,1,1
1804,1.0,dev,0.9916842234272324,0.008315776572767572,1,1,1
1805,0.0,train,0.6224593312018546,0.37754066879814546,1,1,1
1806,1.0,train,0.9997621778731857,0.00023782212681446518,1,1,1
1807,1.0,dev,0.9990302481549269,0.0009697518450730488,1,1,1
1808,0.0,train,0.07159119548287624,0.9284088045171238,0,1,1
1809,1.0,train,0.9674102580527664,0.032589741947233596,1,1,1
1810,0.0,train,0.00014425986448478857,0.9998557401355151,0,1,1
1811,1.0,train,0.998567463224105,0.0014325367758950631,1,1,1
1812,0.0,dev,0.020023441289455244,0.9799765587105447,0,1,1
1813,0.0,train,0.999999765456672,2.3454332788224075e-07,1,1,1
1814,0.0,dev,0.341582512843634,0.658417487156366,0,1,1
1815,0.0,train,0.0018969199616279456,0.9981030800383721,0,1,1
1816,1.0,train,0.7248702761768248,0.2751297238231752,1,1,1
1817,1.0,train,0.999959936324486,4.006367551400542e-05,1,1,1
1818,1.0,train,0.9997730662337858,0.00022693376621413778,1,1,1
1819,0.0,train,0.9999318512565599,6.814874344010688e-05,1,1,1
1820,0.0,dev,1.045155178946419e-05,0.9999895484482105,0,1,1
1821,1.0,train,0.9998876467691629,0.00011235323083703278,1,1,1
1822,1.0,train,0.9996698472773612,0.0003301527226387836,1,1,1
1823,1.0,dev,0.9999983719482346,1.628051765429387e-06,1,1,1
1824,1.0,train,0.9972423778170076,0.0027576221829923465,1,1,1
1825,0.0,dev,0.00010720884564781033,0.9998927911543523,0,1,1
1826,0.0,train,0.3665897501624599,0.6334102498375401,0,1,1
1827,0.0,train,9.570824877554086e-07,0.9999990429175122,0,1,1
1828,0.0,train,0.9046505299595163,0.09534947004048376,1,1,1
1829,1.0,test,0.9805806513919241,0.01941934860807577,1,1,1
1830,0.0,train,0.5583269796369904,0.44167302036300954,1,1,1
1831,1.0,train,0.9999798543038186,2.0145696181276572e-05,1,1,1
1832,0.0,train,0.11124121534690626,0.8887587846530938,0,1,1
1833,1.0,train,0.9967775161546376,0.003222483845362283,1,1,1
1834,1.0,train,0.9999935609629444,6.439037055691646e-06,1,1,1
1835,1.0,train,0.9997175920219236,0.00028240797807645303,1,1,1
1836,0.0,train,0.9572778006252706,0.04272219937472948,1,1,1
1837,0.0,train,2.0145698057453026e-05,0.9999798543019425,0,1,1
1838,1.0,test,0.9959298631901476,0.0040701368098523495,1,1,1
1839,1.0,train,0.8311430436757313,0.16885695632426873,1,1,1
1840,1.0,dev,0.9999991148432509,8.851567490528484e-07,1,1,1
1841,0.0,train,0.0008426421080241361,0.9991573578919759,0,1,1
1842,1.0,test,0.9999969105047233,3.0894952766716756e-06,1,1,1
1843,1.0,train,0.0010987309420896108,0.9989012690579104,0,1,1
1844,1.0,dev,0.99999413718601,5.862813990045796e-06,1,1,1
1845,1.0,train,0.9912886140624868,0.008711385937513229,1,1,1
1846,0.0,train,1.1726422830617504e-06,0.999998827357717,0,1,1
1847,0.0,train,0.8872045907347107,0.1127954092652892,1,1,1
1848,1.0,train,0.9585377320263431,0.04146226797365689,1,1,1
1849,1.0,test,0.9999994010724961,5.98927503825529e-07,1,1,1
1850,0.0,train,8.530324857007391e-06,0.999991469675143,0,1,1
1851,1.0,dev,0.9999969584049605,3.0415950395412296e-06,1,1,1
1852,1.0,train,0.5039061705290805,0.4960938294709195,1,1,1
1853,0.0,train,1.7330514621445795e-06,0.9999982669485378,0,1,1
1854,1.0,train,0.999999362445234,6.375547659816784e-07,1,1,1
1855,0.0,train,0.1208532229911838,0.8791467770088162,0,1,1
1856,1.0,train,0.44167299096624174,0.5583270090337583,0,1,1
1857,1.0,dev,0.9219218273467448,0.07807817265325535,1,1,1
1858,0.0,test,3.7479926201656613e-07,0.999999625200738,0,1,1
1859,0.0,train,8.664653147910923e-06,0.9999913353468521,0,1,1
1860,1.0,train,0.9999959705420176,4.0294579823759305e-06,1,1,1
1861,0.0,test,0.999996033014558,3.9669854420470635e-06,1,1,1
1862,0.0,train,0.983847164941051,0.016152835058949034,1,1,1
1863,0.0,train,1.0953127391445242e-05,0.9999890468726086,0,1,1
1864,0.0,test,0.3960681662740417,0.6039318337259583,0,1,1
1865,1.0,train,0.9425067260443809,0.057493273955619005,1,1,1
1866,1.0,train,0.9981324341748798,0.0018675658251201752,1,1,1
1867,1.0,train,0.047425871831197425,0.9525741281688026,0,1,1
1868,1.0,train,0.9999940448579671,5.9551420329539395e-06,1,1,1
1869,1.0,train,0.9999973983841887,2.6016158114155125e-06,1,1,1
1870,0.0,test,0.00011959856379467605,0.9998804014362053,0,1,1
1871,0.0,train,1.4510471635685976e-05,0.9999854895283643,0,1,1
1872,0.0,train,0.9984512390670102,0.0015487609329898173,1,1,1
1873,1.0,train,0.999988521230633,1.1478769367156747e-05,1,1,1
1874,1.0,train,0.5350984434543458,0.46490155654565424,1,1,1
1875,1.0,test,0.959154287592778,0.040845712407222005,1,1,1
1876,0.0,train,3.269927342234568e-05,0.9999673007265776,0,1,1
1877,0.0,train,0.9999914696797826,8.530320217469512e-06,1,1,1
1878,1.0,test,0.010489093115860562,0.9895109068841395,0,1,1
1879,0.0,train,1.0188091242324908e-06,0.9999989811908757,0,1,1
1880,1.0,train,0.7879311956428947,0.21206880435710532,1,1,1
1881,1.0,train,0.9867771776644048,0.013222822335595264,1,1,1
1882,0.0,train,0.9314625022115512,0.06853749778844886,1,1,1
1883,1.0,dev,0.9996698473904759,0.0003301526095240049,1,1,1
1884,0.0,train,0.008187908449571998,0.991812091550428,0,1,1
1885,1.0,dev,0.05419873287859291,0.945801267121407,0,1,1
1886,0.0,train,0.013222819030284943,0.9867771809697151,0,1,1
1887,0.0,train,0.23651623644570763,0.7634837635542924,0,1,1
1888,1.0,train,0.22815651265736978,0.7718434873426302,0,1,1
1889,1.0,train,0.07921033063001552,0.9207896693699845,0,1,1
1890,0.0,test,0.011158031248084033,0.988841968751916,0,1,1
1891,0.0,train,3.0415973283616766e-06,0.9999969584026717,0,1,1
1892,1.0,train,0.013636833878394664,0.9863631661216054,0,1,1
1893,0.0,train,0.9999975938984043,2.4061015957552642e-06,1,1,1
1894,0.0,train,1.1015952286798208e-06,0.9999988984047712,0,1,1
1895,1.0,train,0.9959298619518878,0.0040701380481122295,1,1,1
1896,1.0,train,0.999997909541751,2.0904582490581554e-06,1,1,1
1897,1.0,train,0.9999893838682541,1.0616131745939937e-05,1,1,1
1898,0.0,train,0.22541661063147309,0.774583389368527,0,1,1
1899,0.0,train,0.0006563728128860704,0.999343627187114,0,1,1
1900,0.0,train,0.6113819874558603,0.38861801254413975,1,1,1
1901,0.0,train,0.9998706843122862,0.00012931568771368856,1,1,1
1902,1.0,train,0.9999981261247419,1.8738752579983006e-06,1,1,1
1903,1.0,train,0.25386100696924885,0.746138993030751,0,1,1
1904,0.0,train,0.05921024908116555,0.9407897509188345,0,1,1
1905,1.0,train,0.999943502067979,5.6497932021007075e-05,1,1,1
1906,1.0,train,0.999954602136371,4.5397863629057814e-05,1,1,1
1907,0.0,train,0.20181322226037882,0.7981867777396212,0,1,1
1908,1.0,train,0.999480695118103,0.000519304881896938,1,1,1
1909,1.0,train,0.9999753171057068,2.468289429325074e-05,1,1,1
1910,1.0,dev,0.9967269353453118,0.0032730646546882294,1,1,1
1911,1.0,train,0.99058741124602,0.009412588753979946,1,1,1
1912,0.0,train,0.7248702761768248,0.2751297238231752,1,1,1
1913,1.0,train,0.9967775157956575,0.0032224842043423896,1,1,1
1914,1.0,dev,0.3415824860330004,0.6584175139669997,0,1,1
1915,1.0,dev,0.9999753170878688,2.4682912131300532e-05,1,1,1
1916,1.0,test,0.9999985406233874,1.4593766125115728e-06,1,1,1
1917,0.0,train,0.914900945711678,0.0850990542883219,1,1,1
1918,1.0,dev,9.170200730949288e-05,0.9999082979926905,0,1,1
1919,0.0,test,2.7108806212872495e-05,0.9999728911937871,0,1,1
1920,0.0,test,2.5466393321916537e-05,0.9999745336066781,0,1,1
1921,1.0,test,0.9994115910938148,0.0005884089061851003,1,1,1
1922,1.0,train,0.9997933702705462,0.00020662972945382469,1,1,1
1923,1.0,train,0.999790116884437,0.00020988311556302942,1,1,1
1924,1.0,train,0.9999895484522987,1.0451547701325947e-05,1,1,1
1925,0.0,train,0.997817283781833,0.002182716218167076,1,1,1
1926,0.0,train,0.3276683008207139,0.672331699179286,0,1,1
1927,1.0,train,0.006903838684211726,0.9930961613157884,0,1,1
1928,0.0,train,0.0012843084259436643,0.9987156915740564,0,1,1
1929,0.0,train,0.008711382913558587,0.9912886170864414,0,1,1
1930,0.0,train,0.0026316735837666385,0.9973683264162333,0,1,1
1931,0.0,train,0.999954602132143,4.5397867856871585e-05,1,1,1
1932,1.0,train,0.978384664716301,0.021615335283698984,1,1,1
1933,1.0,train,0.9947798750415504,0.005220124958449569,1,1,1
1934,0.0,train,0.04958902579319586,0.9504109742068042,0,1,1
1935,0.0,train,0.022629202010461903,0.9773707979895382,0,1,1
1936,1.0,train,0.0021157037781099892,0.9978842962218899,0,1,1
1937,1.0,train,0.999699383574003,0.00030061642599709423,1,1,1
1938,0.0,test,0.11436853221906973,0.8856314677809304,0,1,1
1939,0.0,train,0.0024343817190108532,0.9975656182809892,0,1,1
1940,0.0,train,0.0008426423589394808,0.9991573576410606,0,1,1
1941,1.0,train,0.9999635214696623,3.647853033783902e-05,1,1,1
1942,0.0,train,2.1444942029959295e-05,0.9999785550579701,0,1,1
1943,0.0,train,0.5583269796369904,0.44167302036300954,1,1,1
1944,1.0,train,0.9998286918237929,0.00017130817620712027,1,1,1
1945,1.0,train,0.9998557401849497,0.00014425981505022112,1,1,1
1946,0.0,test,9.08047259377984e-06,0.9999909195274063,0,1,1
1947,1.0,train,0.9999957771658632,4.222834136833397e-06,1,1,1
1948,1.0,test,0.9999785550472653,2.144495273480942e-05,1,1,1
1949,1.0,train,0.9899864271610316,0.01001357283896838,1,1,1
1950,1.0,train,0.9979170291782367,0.0020829708217633388,1,1,1
1951,0.0,train,0.2974699301485223,0.7025300698514778,0,1,1
1952,0.0,train,0.24220563966531902,0.757794360334681,0,1,1
1953,0.0,train,0.0006667024680918505,0.9993332975319082,0,1,1
1954,0.0,train,0.9046505338155469,0.09534946618445303,1,1,1
1955,0.0,test,0.0440186542523378,0.9559813457476622,0,1,1
1956,0.0,train,1.5381743288187823e-07,0.9999998461825671,0,1,1
1957,1.0,test,0.9908743617349987,0.009125638265001389,1,1,1
1958,1.0,train,0.9999979095420781,2.0904579219811833e-06,1,1,1
1959,1.0,train,0.9956005878162827,0.00439941218371727,1,1,1
1960,1.0,train,0.991152646485103,0.008847353514896936,1,1,1
1961,1.0,train,0.9999923534599723,7.646540027744962e-06,1,1,1
1962,0.0,train,1.3287768687721108e-06,0.9999986712231312,0,1,1
1963,0.0,train,0.018546562884679048,0.9814534371153208,0,1,1
1964,0.0,train,3.4808112625175065e-05,0.9999651918873748,0,1,1
1965,0.0,test,0.0025909797495150336,0.9974090202504848,0,1,1
1966,0.0,train,0.33458944125318596,0.665410558746814,0,1,1
1967,0.0,train,0.4493926197162523,0.5506073802837478,0,1,1
1968,1.0,train,0.6370308082623217,0.3629691917376782,1,1,1
1969,1.0,test,0.9997388096225388,0.0002611903774610632,1,1,1
1970,1.0,train,0.9719924797996677,0.028007520200332342,1,1,1
1971,1.0,train,0.9997658642170806,0.00023413578291945229,1,1,1
1972,1.0,dev,0.3007455914759599,0.6992544085240401,0,1,1
1973,1.0,train,0.9999955745077952,4.425492204774114e-06,1,1,1
1974,1.0,train,0.9799765576871515,0.020023442312848555,1,1,1
1975,0.0,train,2.4439926999163305e-06,0.9999975560073001,0,1,1
1976,1.0,train,0.9999962146765724,3.7853234275332796e-06,1,1,1
1977,1.0,train,0.6297746074044134,0.3702253925955866,1,1,1
1978,0.0,train,0.9999971426848505,2.8573151494085515e-06,1,1,1
1979,0.0,train,0.999870684379721,0.00012931562027904088,1,1,1
1980,1.0,train,0.9995344729980441,0.00046552700195597084,1,1,1
1981,1.0,test,0.9999865799923944,1.3420007605637232e-05,1,1,1
1982,1.0,train,0.07921033063001552,0.9207896693699845,0,1,1
1983,0.0,train,0.9972850151160205,0.002714984883979576,1,1,1
1984,1.0,train,0.9999443779463802,5.5622053619811665e-05,1,1,1
1985,0.0,train,0.9972850143494351,0.0027149856505648707,1,1,1
1986,0.0,test,0.00028685408238746286,0.9997131459176125,0,1,1
1987,1.0,dev,0.9845754506337406,0.015424549366259371,1,1,1
1988,1.0,train,0.9981324338415566,0.0018675661584433298,1,1,1
1989,1.0,train,0.9933071484813326,0.006692851518667466,1,1,1
1990,0.0,train,0.006097563637483128,0.993902436362517,0,1,1
1991,1.0,train,0.9966233878188427,0.003376612181157308,1,1,1
1992,0.0,train,0.028007519794676562,0.9719924802053235,0,1,1
1993,1.0,train,0.9998259945761389,0.00017400542386114627,1,1,1
1994,0.0,train,0.01406362456384003,0.98593637543616,0,1,1
1995,0.0,train,0.26588048473393133,0.7341195152660688,0,1,1
1996,1.0,train,0.9999875884998044,1.2411500195601312e-05,1,1,1
1997,1.0,train,0.9995044640302952,0.0004955359697047569,1,1,1
1998,1.0,train,0.9998390691726156,0.00016093082738459857,1,1,1
1999,1.0,train,0.9999949852631596,5.0147368404283745e-06,1,1,1
2000,0.0,train,6.605211729737159e-05,0.9999339478827026,0,1,1
2001,1.0,train,0.9997997262228389,0.00020027377716113853,1,1,1
2002,0.0,train,0.72487026428967,0.2751297357103299,1,1,1
2003,1.0,train,0.16451647518562237,0.8354835248143776,0,1,1
2004,0.0,train,0.03114383323253478,0.9688561667674652,0,1,1
