index,label,split,p_yes,p_no,pred_yes,saw_yes,saw_no
0,1.0,train,0.9999329077715456,6.70922284543434e-05,1,1,1
1,0.0,train,0.06754669301670263,0.9324533069832973,0,1,1
2,0.0,train,0.000698675665185203,0.9993013243348149,0,1,1
3,1.0,train,0.787931190663057,0.2120688093369431,1,1,1
4,0.0,dev,0.026759281827183207,0.9732407181728168,0,1,1
5,1.0,train,0.9995416870317423,0.0004583129682577249,1,1,1
6,1.0,train,0.9997428581080716,0.0002571418919284504,1,1,1
7,1.0,train,0.9999807768295487,1.9223170451369716e-05,1,1,1
8,0.0,train,0.9987355781917878,0.0012644218082121291,1,1,1
9,1.0,train,0.8006920020959544,0.19930799790404563,1,1,1
10,0.0,dev,0.01912403661112862,0.9808759633888714,0,1,1
11,1.0,dev,0.29421496597446145,0.7057850340255386,0,1,1
12,0.0,train,3.647852082566919e-05,0.9999635214791743,0,1,1
13,1.0,train,0.45326184801538616,0.5467381519846138,0,1,1
14,1.0,train,0.9999959070894635,4.092910536344927e-06,1,1,1
15,0.0,train,0.031143833007721743,0.9688561669922782,0,1,1
16,0.0,train,0.028870909766367057,0.971129090233633,0,1,1
17,1.0,train,0.9678992906208406,0.03210070937915953,1,1,1
18,0.0,dev,0.004468383686483488,0.9955316163135165,0,1,1
19,1.0,train,0.3174262720448507,0.6825737279551494,0,1,1
20,1.0,train,0.9999697580520135,3.024194798647235e-05,1,1,1
21,0.0,test,6.3027575121027e-05,0.9999369724248789,0,1,1
22,0.0,train,0.948917257806212,0.05108274219378808,1,1,1
23,0.0,train,7.141902982820028e-05,0.9999285809701718,0,1,1
24,1.0,train,0.9998232548343297,0.00017674516567031616,1,1,1
25,0.0,dev,0.14223189682786755,0.8577681031721325,0,1,1
26,0.0,train,0.16885694795909764,0.8311430520409023,0,1,1
27,0.0,train,8.530324022843717e-06,0.9999914696759772,0,1,1
28,1.0,train,0.9999586646094585,4.133539054149512e-05,1,1,1
29,1.0,train,0.9835969655605173,0.01640303443948263,1,1,1
30,0.0,train,0.6619228825191872,0.33807711748081287,1,1,1
31,0.0,train,0.01826428175850648,0.9817357182414935,0,1,1
32,0.0,train,0.09670579720114003,0.90329420279886,0,1,1
33,1.0,train,0.9999138534923379,8.61465076620263e-05,1,1,1
34,0.0,train,1.7231567295865355e-05,0.9999827684327041,0,1,1
35,0.0,train,0.22270014398423357,0.7772998560157665,0,1,1
36,0.0,train,0.012053781468189553,0.9879462185318105,0,1,1
37,1.0,train,0.9986749778070815,0.0013250221929185311,1,1,1
38,1.0,train,0.2658804730998169,0.734119526900183,0,1,1
39,0.0,train,0.002434382442747099,0.9975656175572529,0,1,1
40,0.0,train,1.012999211297723e-05,0.999989870007887,0,1,1
41,0.0,train,0.09807931951600025,0.9019206804839998,0,1,1
42,0.0,train,0.9999599363199015,4.006368009855925e-05,1,1,1
43,1.0,train,0.9999986290430406,1.3709569594775482e-06,1,1,1
44,0.0,dev,0.9532750420376311,0.046724957962368814,1,1,1
45,1.0,train,0.9956005864701313,0.0043994135298687535,1,1,1
46,0.0,train,0.14223189319192514,0.8577681068080749,0,1,1
47,1.0,train,0.9993013244479562,0.0006986755520438355,1,1,1
48,0.0,train,0.002511463653796361,0.9974885363462037,0,1,1
49,1.0,dev,0.9999888743881077,1.1125611892386289e-05,1,1,1
50,1.0,dev,0.0004512105397715939,0.9995487894602284,0,1,1
51,1.0,dev,0.9273632891223316,0.07263671087766833,1,1,1
52,0.0,train,0.00043733430418070254,0.9995626656958193,0,1,1
53,0.0,train,0.007121429878375067,0.992878570121625,0,1,1
54,0.0,train,4.611276506252631e-05,0.9999538872349376,0,1,1
55,0.0,train,0.015424553609356089,0.984575446390644,0,1,1
56,1.0,train,0.9998944530988974,0.00010554690110266243,1,1,1
57,1.0,train,0.9999913353500789,8.66464992111335e-06,1,1,1
58,1.0,train,0.999267818727096,0.0007321812729039228,1,1,1
59,0.0,train,0.02161533394439043,0.9783846660556096,0,1,1
60,0.0,train,0.3998116407397951,0.600188359260205,0,1,1
61,1.0,train,0.9999989488506043,1.051149395785539e-06,1,1,1
62,0.0,train,0.034100429025267616,0.9658995709747324,0,1,1
63,1.0,train,0.9999990577552381,9.422447619546889e-07,1,1,1
64,1.0,train,0.9999782173500609,2.178264993918387e-05,1,1,1
65,0.0,train,0.0007437030354202034,0.9992562969645798,0,1,1
66,0.0,train,0.0003199982631412371,0.9996800017368587,0,1,1
67,1.0,train,0.9999651918772204,3.480812277963035e-05,1,1,1
68,1.0,test,0.9999559987948501,4.400120514995951e-05,1,1,1
69,1.0,train,0.19436781568545955,0.8056321843145405,0,1,1
70,1.0,train,0.9808759630394707,0.019124036960529334,1,1,1
71,1.0,train,0.9149009515124917,0.08509904848750824,1,1,1
72,1.0,train,0.9149009561531425,0.0850990438468576,1,1,1
73,0.0,train,0.010818446500107054,0.9891815534998929,0,1,1
74,0.0,train,0.973644646867099,0.026355353132900963,1,1,1
75,0.0,train,0.0005976692787586825,0.9994023307212413,0,1,1
76,1.0,train,0.9124361670249626,0.08756383297503753,1,1,1
77,0.0,train,0.999030248017781,0.0009697519822190032,1,1,1
78,1.0,train,0.9993736657803889,0.0006263342196110478,1,1,1
79,1.0,train,0.9999992546232057,7.453767941976566e-07,1,1,1
80,0.0,dev,0.9975656177020001,0.0024343822979998324,1,1,1
81,0.0,dev,0.9912886157353129,0.008711384264687127,1,1,1
82,0.0,train,2.4061024562423333e-06,0.9999975938975438,0,1,1
83,0.0,train,6.302760517302975e-05,0.9999369723948269,0,1,1
84,1.0,train,0.9999546021403926,4.539785960735032e-05,1,1,1
85,1.0,train,0.04603390370800289,0.953966096291997,0,1,1
86,1.0,train,0.9947798752301639,0.005220124769836137,1,1,1
87,1.0,train,0.9987551566770692,0.001244843322930709,1,1,1
88,0.0,train,0.9643214460461697,0.03567855395383027,1,1,1
89,1.0,dev,0.9802808725767572,0.019719127423242864,1,1,1
90,0.0,train,0.9372107870185259,0.06278921298147408,1,1,1
91,0.0,train,0.003884475993804079,0.9961155240061959,0,1,1
92,0.0,dev,0.20181321265898594,0.7981867873410141,0,1,1
93,1.0,test,0.9999963311378337,3.668862166311907e-06,1,1,1
94,1.0,train,0.9971990730666955,0.002800926933304592,1,1,1
95,0.0,train,0.00023050682587245184,0.9997694931741277,0,1,1
96,0.0,train,0.9985449371934003,0.001455062806599636,1,1,1
97,1.0,train,0.9973269944476286,0.002673005552371424,1,1,1
98,0.0,train,0.4610167793123159,0.5389832206876841,0,1,1
99,1.0,train,0.9983256008535261,0.001674399146473851,1,1,1
100,0.0,train,0.20181322466072713,0.798186775339273,0,1,1
101,1.0,train,0.24508500761839525,0.7549149923816048,0,1,1
102,0.0,train,0.9925393568326062,0.007460643167393804,1,1,1
103,0.0,train,2.6016171076872547e-06,0.9999973983828924,0,1,1
104,0.0,train,0.039048288812218064,0.960951711187782,0,1,1
105,0.0,train,0.8031737892899221,0.1968262107100778,1,1,1
106,1.0,train,0.9997546305823416,0.0002453694176584471,1,1,1
107,1.0,train,0.9999830355683429,1.6964431657096164e-05,1,1,1
108,1.0,train,0.9943580908103042,0.005641909189695897,1,1,1
109,0.0,train,0.031143830871997992,0.9688561691280021,0,1,1
110,0.0,dev,0.0004512106019364751,0.9995487893980635,0,1,1
111,1.0,train,0.011869119080239354,0.9881308809197605,0,1,1
112,1.0,train,0.9986329744547844,0.001367025545215647,1,1,1
113,1.0,train,0.9999788875273914,2.1112472608572917e-05,1,1,1
114,0.0,train,0.8499711699569787,0.1500288300430213,1,1,1
115,0.0,train,0.02517884206634889,0.9748211579336512,0,1,1
116,1.0,dev,0.9967775156161676,0.0032224843838324583,1,1,1
117,1.0,dev,0.999992472007402,7.527992597873814e-06,1,1,1
118,0.0,train,0.05033063473418989,0.94966936526581,0,1,1
119,0.0,train,0.9976768374093731,0.0023231625906267824,1,1,1
120,1.0,test,0.9780517446057821,0.021948255394217922,1,1,1
121,1.0,train,0.9998440197978103,0.00015598020218973347,1,1,1
122,1.0,train,0.9585377283249739,0.041462271675026176,1,1,1
123,0.0,train,0.004905406833156117,0.9950945931668438,0,1,1
124,0.0,train,0.0038244830627315036,0.9961755169372686,0,1,1
125,1.0,train,0.9924227573034486,0.00757724269655135,1,1,1
126,0.0,train,0.8688267796346598,0.1311732203653401,1,1,1
127,0.0,train,1.1659533268408093e-05,0.9999883404667315,0,1,1
128,0.0,train,0.171061193791558,0.828938806208442,0,1,1
129,1.0,train,0.9579122705824801,0.04208772941751998,1,1,1
130,1.0,train,0.9999992997832989,7.002167010937609e-07,1,1,1
131,1.0,train,0.9999993318485575,6.681514424406465e-07,1,1,1
132,1.0,train,0.05500529294080225,0.9449947070591977,0,1,1
133,0.0,train,1.154461715745336e-06,0.9999988455382843,0,1,1
134,1.0,train,0.9997621780453524,0.00023782195464769505,1,1,1
135,0.0,train,7.889260058743147e-06,0.9999921107399412,0,1,1
136,0.0,train,0.10087862610897409,0.899121373891026,0,1,1
137,1.0,train,0.950410972802222,0.049589027197777955,1,1,1
138,1.0,train,0.9688561684535629,0.031143831546437056,1,1,1
139,1.0,train,0.9999443779446321,5.5622055368034454e-05,1,1,1
140,1.0,train,0.8670357666736773,0.1329642333263228,1,1,1
141,0.0,train,0.0016743993441867841,0.9983256006558132,0,1,1
142,0.0,train,0.7634837581726991,0.23651624182730094,1,1,1
143,1.0,dev,0.9752018397593696,0.024798160240630397,1,1,1
144,0.0,train,0.04084571182343415,0.9591542881765658,0,1,1
145,0.0,train,0.037326884399142314,0.9626731156008578,0,1,1
146,0.0,dev,0.16238003666671086,0.8376199633332891,0,1,1
147,0.0,train,0.18952109819626,0.8104789018037399,0,1,1
148,1.0,train,0.995017729406203,0.004982270593796976,1,1,1
149,0.0,train,0.0008167380073837049,0.9991832619926162,0,1,1
150,0.0,test,0.14414885303274058,0.8558511469672594,0,1,1
151,0.0,dev,0.8376199673867852,0.16238003261321476,1,1,1
152,1.0,train,0.9196425355825848,0.08035746441741523,1,1,1
153,0.0,train,0.00039204179361731887,0.9996079582063826,0,1,1
154,0.0,train,0.00013765462266524455,0.9998623453773346,0,1,1
155,0.0,train,0.00037409555666852363,0.9996259044433315,0,1,1
156,1.0,train,0.9999865799905103,1.3420009489739254e-05,1,1,1
157,0.0,train,0.00048029730878697404,0.9995197026912129,0,1,1
158,1.0,train,0.8539127510928476,0.1460872489071524,1,1,1
159,1.0,train,0.9999274563756222,7.254362437784076e-05,1,1,1
160,1.0,train,0.9999893838664323,1.0616133567608454e-05,1,1,1
161,1.0,train,0.998866430967495,0.0011335690325050755,1,1,1
162,1.0,train,0.9998511615388402,0.00014883846115979973,1,1,1
163,0.0,train,0.9957353662055551,0.00426463379444493,1,1,1
164,1.0,train,0.9994806952497057,0.0005193047502942443,1,1,1
165,0.0,dev,0.009559401040105091,0.9904405989598949,0,1,1
166,1.0,test,0.9766692295786831,0.023330770421316798,1,1,1
167,0.0,train,6.922184912911788e-05,0.9999307781508708,0,1,1
168,,,6.179392608301527e-07,0.999999382060739,0,1,1
169,0.0,train,0.0017274584853980079,0.998272541514602,0,1,1
170,0.0,train,0.028007521315885773,0.9719924786841141,0,1,1
171,1.0,train,0.9998822553541818,0.00011774464581819336,1,1,1
172,1.0,train,0.9999566809586464,4.3319041353485045e-05,1,1,1
173,0.0,train,0.001622967124849057,0.998377032875151,0,1,1
174,1.0,train,0.2974699363766584,0.7025300636233416,0,1,1
175,0.0,train,8.398071284111719e-06,0.9999916019287157,0,1,1
176,0.0,test,0.0053849376026341815,0.9946150623973659,0,1,1
177,0.0,train,0.005469274477119787,0.9945307255228801,0,1,1
178,1.0,dev,0.9763105287867851,0.023689471213214873,1,1,1
179,0.0,train,0.012821216105458753,0.9871787838945412,0,1,1
180,1.0,train,0.9504109794739868,0.04958902052601327,1,1,1
181,1.0,train,0.9995761151631035,0.0004238848368965253,1,1,1
182,1.0,train,0.9999443779480378,5.5622051962237515e-05,1,1,1
183,0.0,test,0.986777179997565,0.013222820002434953,1,1,1
184,1.0,train,0.006289901962260023,0.9937100980377399,0,1,1
185,1.0,train,0.8221891305219503,0.17781086947804958,1,1,1
186,1.0,train,0.0009850085221934815,0.9990149914778065,0,1,1
187,1.0,train,0.38491214448393346,0.6150878555160665,0,1,1
188,1.0,train,0.3923368301671084,0.6076631698328917,0,1,1
189,1.0,train,0.9990746151828789,0.000925384817121081,1,1,1
190,0.0,train,0.8104789018037399,0.18952109819626,1,1,1
191,1.0,dev,0.9999953621275666,4.637872433486593e-06,1,1,1
192,1.0,train,0.5583269943353745,0.44167300566462553,1,1,1
193,1.0,train,0.999998517641352,1.4823586479890315e-06,1,1,1
194,1.0,train,0.9999702268758905,2.9773124109545247e-05,1,1,1
195,0.0,train,0.46879062662624377,0.5312093733737563,0,1,1
196,0.0,dev,0.010013571121727025,0.989986428878273,0,1,1
197,1.0,train,0.9991704108220626,0.0008295891779374514,1,1,1
198,1.0,train,0.9999871945256585,1.2805474341431836e-05,1,1,1
199,1.0,test,0.9927672369321255,0.00723276306787432,1,1,1
200,1.0,dev,0.9099070035949656,0.09009299640503438,1,1,1
201,1.0,test,0.8558511524823263,0.14414884751767362,1,1,1
202,1.0,train,0.8031738010682209,0.19682619893177905,1,1,1
203,1.0,train,0.9951702784601055,0.00482972153989433,1,1,1
204,0.0,dev,0.23370635691404026,0.7662936430859597,0,1,1
205,1.0,dev,0.6224593312018546,0.37754066879814546,1,1,1
206,0.0,train,0.0014779433155713848,0.9985220566844286,0,1,1
207,0.0,train,0.9997901168573213,0.00020988314267864647,1,1,1
208,0.0,train,0.022286185376880985,0.9777138146231191,0,1,1
209,1.0,train,0.9999985176419506,1.48235804934728e-06,1,1,1
210,1.0,test,0.9999692818004631,3.07181995368823e-05,1,1,1
211,1.0,train,0.9993228056856579,0.0006771943143420063,1,1,1
212,1.0,train,0.008577485350352902,0.9914225146496473,0,1,1
213,0.0,train,0.9304582607972163,0.0695417392027837,1,1,1
214,1.0,train,0.9416541634817872,0.05834583651821274,1,1,1
215,0.0,train,6.605213611997426e-05,0.99993394786388,0,1,1
216,1.0,train,0.9999979419503019,2.058049698041488e-06,1,1,1
217,1.0,test,0.9998313473074936,0.00016865269250657567,1,1,1
218,1.0,train,0.8006920068519376,0.19930799314806233,1,1,1
219,1.0,train,0.9362850115261094,0.06371498847389043,1,1,1
220,1.0,train,0.9899864295430114,0.010013570456988512,1,1,1
221,0.0,train,0.7799929002541067,0.22000709974589314,1,1,1
222,0.0,train,1.3420015704465697e-05,0.9999865799842955,0,1,1
223,0.0,train,5.307507061485536e-05,0.9999469249293852,0,1,1
224,0.0,train,0.8006919949619793,0.19930800503802076,1,1,1
225,0.0,train,0.0017274585881846933,0.9982725414118152,0,1,1
226,1.0,train,0.9998028305677108,0.00019716943228928667,1,1,1
227,1.0,train,0.9999973983843874,2.601615612734667e-06,1,1,1
228,0.0,train,0.2568319970758679,0.7431680029241321,0,1,1
229,0.0,train,0.411110869232168,0.588889130767832,0,1,1
230,1.0,train,0.6477982179521103,0.35220178204788966,1,1,1
231,1.0,dev,0.8459424353665382,0.15405756463346185,1,1,1
232,1.0,train,0.9970189674818991,0.002981032518100852,1,1,1
233,0.0,train,0.00021995342977676783,0.9997800465702232,0,1,1
234,0.0,train,0.09401017073241301,0.9059898292675869,0,1,1
235,0.0,train,0.9971104186132649,0.0028895813867350715,1,1,1
236,1.0,train,0.9999227780484895,7.722195151054086e-05,1,1,1
237,0.0,train,0.927363293639213,0.07263670636078697,1,1,1
238,1.0,dev,0.9999942280773412,5.771922658777744e-06,1,1,1
239,1.0,train,0.9995121429162731,0.00048785708372702804,1,1,1
240,1.0,train,0.3140505321516081,0.6859494678483918,0,1,1
241,0.0,train,0.16238003463996278,0.8376199653600371,0,1,1
242,0.0,train,0.16026602831693945,0.8397339716830606,0,1,1
243,1.0,train,0.9999984465016267,1.5534983732852434e-06,1,1,1
244,0.0,train,0.014728614552505646,0.9852713854474944,0,1,1
245,1.0,train,0.9999485577945098,5.14422054902581e-05,1,1,1
246,1.0,train,0.0037654144833959885,0.9962345855166039,0,1,1
247,1.0,train,0.0070117955889996576,0.9929882044110003,0,1,1
248,0.0,train,0.7549149813536518,0.24508501864634827,1,1,1
249,1.0,train,0.9946150631156534,0.005384936884346695,1,1,1
250,1.0,train,0.9850429118151534,0.014957088184846635,1,1,1
251,1.0,train,0.0803574677210091,0.9196425322789908,0,1,1
252,1.0,train,0.8633915959134572,0.13660840408654296,1,1,1
253,1.0,train,0.9334308175109686,0.06656918248903143,1,1,1
254,0.0,train,0.8991213671331905,0.1008786328668095,1,1,1
255,0.0,test,0.1276526269811457,0.8723473730188542,0,1,1
256,0.0,train,0.8615382058759129,0.13846179412408716,1,1,1
257,1.0,train,0.9999979095421863,2.09045781368562e-06,1,1,1
258,1.0,train,0.3923368301671084,0.6076631698328917,0,1,1
259,1.0,test,0.9972423774366763,0.0027576225633236776,1,1,1
260,0.0,train,0.003649987437638804,0.9963500125623612,0,1,1
261,1.0,train,0.6187804337438501,0.38121956625614994,1,1,1
262,0.0,train,0.0014103583916863305,0.9985896416083136,0,1,1
263,1.0,train,0.9999838124192272,1.6187580772824244e-05,1,1,1
264,1.0,train,0.9999989488503045,1.0511496955915097e-06,1,1,1
265,1.0,test,0.9999910603004825,8.939699517466323e-06,1,1,1
266,0.0,train,0.09268776861426219,0.9073122313857378,0,1,1
267,1.0,test,0.9780517460052406,0.021948253994759522,1,1,1
268,0.0,train,0.9999524235610238,4.757643897623046e-05,1,1,1
269,1.0,train,0.9999524235326729,4.757646732711883e-05,1,1,1
270,1.0,train,0.04885778346944646,0.9511422165305534,0,1,1
271,1.0,train,0.8128673201042492,0.18713267989575072,1,1,1
272,1.0,test,0.9956005858990364,0.004399414100963444,1,1,1
273,0.0,train,0.056652421724346355,0.9433475782756536,0,1,1
274,0.0,train,0.0008559006176307311,0.9991440993823693,0,1,1
275,0.0,test,0.012624949328002238,0.9873750506719978,0,1,1
276,0.0,train,0.21733752104706247,0.7826624789529376,0,1,1
277,1.0,train,0.99993985849661,6.0141503389997396e-05,1,1,1
278,1.0,train,0.9938070087014861,0.00619299129851382,1,1,1
279,1.0,train,0.0875638484521791,0.9124361515478209,0,1,1
280,1.0,train,0.8354835350552604,0.16451646494473965,1,1,1
281,0.0,train,8.349625361188468e-05,0.9999165037463881,0,1,1
282,1.0,train,0.743168019989179,0.256831980010821,1,1,1
283,1.0,train,0.9980429826541579,0.001957017345842194,1,1,1
284,0.0,train,1.8162219403456092e-06,0.9999981837780596,0,1,1
285,0.0,train,0.003483425001303435,0.9965165749986966,0,1,1
286,1.0,test,0.9999988984049994,1.1015950005365764e-06,1,1,1
287,1.0,train,0.9999992775561789,7.224438211108136e-07,1,1,1
288,0.0,test,0.2146914191122419,0.785308580887758,0,1,1
289,0.0,train,0.45326184801538616,0.5467381519846138,0,1,1
290,1.0,train,0.999595518505735,0.00040448149426485224,1,1,1
291,0.0,dev,1.7330513927414135e-06,0.9999982669486073,0,1,1
292,0.0,train,0.9998259945366449,0.00017400546335522734,1,1,1
293,0.0,train,9.461264987315122e-05,0.9999053873501268,0,1,1
294,1.0,train,0.9998746625202766,0.00012533747972340748,1,1,1
295,0.0,train,0.04023794521321183,0.9597620547867882,0,1,1
296,0.0,train,0.012241273309868076,0.9877587266901319,0,1,1
297,1.0,train,0.9999962146747445,3.7853252554244895e-06,1,1,1
298,1.0,train,0.9999957771660848,4.222833915121568e-06,1,1,1
299,1.0,train,0.9999959070889534,4.092911046650271e-06,1,1,1
300,0.0,train,0.2942149783515162,0.7057850216484838,0,1,1
301,0.0,train,3.9442603648780775e-05,0.9999605573963513,0,1,1
302,0.0,train,0.007937992282538615,0.9920620077174613,0,1,1
303,1.0,dev,0.9999711428895594,2.8857110440573785e-05,1,1,1
304,0.0,dev,0.0010649628186895485,0.9989350371813105,0,1,1
305,0.0,train,0.8902942290328344,0.10970577096716554,1,1,1
306,0.0,train,0.003483423947380984,0.996516576052619,0,1,1
307,0.0,test,2.0145689051807645e-05,0.9999798543109483,0,1,1
308,1.0,train,0.998012225691542,0.001987774308458028,1,1,1
309,0.0,train,0.02128735156061072,0.9787126484393892,0,1,1
310,0.0,dev,0.0008426422256406945,0.9991573577743593,0,1,1
311,0.0,train,1.520683855790815e-05,0.9999847931614421,0,1,1
312,0.0,train,0.00012533757074654624,0.9998746624292534,0,1,1
313,1.0,train,0.992988204320218,0.007011795679782024,1,1,1
314,1.0,train,0.9999339478724608,6.60521275390812e-05,1,1,1
315,1.0,train,0.9999053873985854,9.461260141455567e-05,1,1,1
316,1.0,dev,5.920913958988369e-05,0.9999407908604101,0,1,1
317,1.0,train,0.9974090200555353,0.0025909799444646902,1,1,1
318,1.0,train,0.9999955745075882,4.425492411881632e-06,1,1,1
319,1.0,dev,0.9999687980974906,3.120190250944216e-05,1,1,1
320,0.0,train,0.9997933701797337,0.00020662982026625192,1,1,1
321,1.0,train,0.9996849614424546,0.000315038557545464,1,1,1
322,1.0,train,0.9603611617499072,0.03963883825009283,1,1,1
323,1.0,train,0.9977829867988472,0.0022170132011526773,1,1,1
324,0.0,train,0.9099069987088003,0.09009300129119967,1,1,1
325,1.0,train,0.9979492566354334,0.0020507433645665786,1,1,1
326,1.0,train,0.18242552380635632,0.8175744761936437,0,1,1
327,0.0,train,0.9706877713685592,0.02931222863144092,1,1,1
328,0.0,train,0.9632305344521627,0.03676946554783727,1,1,1
329,1.0,train,0.990291525040696,0.009708474959304055,1,1,1
330,0.0,train,0.0028009272272469963,0.9971990727727531,0,1,1
331,1.0,dev,0.9999992309619453,7.690380546515948e-07,1,1,1
332,0.0,train,0.1895210959073992,0.8104789040926008,0,1,1
333,0.0,train,0.00012148178040807562,0.999878518219592,0,1,1
334,1.0,train,0.9999984942983627,1.5057016374107197e-06,1,1,1
335,0.0,train,7.071894530418263e-06,0.9999929281054696,0,1,1
336,0.0,train,0.9977829866731764,0.0022170133268234688,1,1,1
337,0.0,train,0.01115803013830037,0.9888419698616997,0,1,1
338,0.0,dev,1.7061825778377743e-06,0.9999982938174222,0,1,1
339,1.0,train,0.47657965106367595,0.523420348936324,0,1,1
340,1.0,train,0.9999798543135185,2.0145686481447098e-05,1,1,1
341,0.0,dev,0.8596637541053281,0.14033624589467186,1,1,1
342,0.0,train,9.368720052121461e-06,0.999990631279948,0,1,1
343,1.0,train,0.42250463481418826,0.5774953651858118,0,1,1
344,1.0,train,0.0020829708914549107,0.9979170291085452,0,1,1
345,1.0,train,0.1329642384799526,0.8670357615200474,0,1,1
346,1.0,test,0.9999667858159942,3.32141840056958e-05,1,1,1
347,0.0,train,8.139690320440022e-06,0.9999918603096797,0,1,1
348,0.0,train,1.1478767293235953e-05,0.9999885212327068,0,1,1
349,1.0,train,0.9770226301317896,0.022977369868210328,1,1,1
350,1.0,train,0.9546474213811631,0.04535257861883677,1,1,1
351,1.0,train,0.9984268876031676,0.0015731123968323894,1,1,1
352,1.0,train,0.9999991148432888,8.851567112350713e-07,1,1,1
353,1.0,train,0.999392924276886,0.0006070757231141169,1,1,1
354,0.0,train,0.8267118026095992,0.17328819739040088,1,1,1
355,1.0,train,0.9999426123931149,5.738760688505767e-05,1,1,1
356,1.0,train,0.47268347662043286,0.5273165233795671,0,1,1
357,1.0,dev,0.10970578406578957,0.8902942159342103,0,1,1
358,1.0,train,0.9999990125364046,9.874635954591779e-07,1,1,1
359,0.0,dev,0.9999111191116118,8.888088838833068e-05,1,1,1
360,1.0,train,0.9999973157991742,2.6842008258482387e-06,1,1,1
361,1.0,train,0.9920620054658779,0.007937994534122113,1,1,1
362,0.0,test,0.9956005868984521,0.004399413101547782,1,1,1
363,0.0,train,4.757646099122827e-05,0.9999524235390087,0,1,1
364,1.0,train,0.9907319856100071,0.00926801438999293,1,1,1
365,0.0,train,0.7981867729389246,0.2018132270610754,1,1,1
366,0.0,train,0.010328150615406019,0.9896718493845941,0,1,1
367,0.0,test,0.998611476710105,0.0013885232898950524,1,1,1
368,0.0,train,0.07263671439079847,0.9273632856092016,0,1,1
369,0.0,train,8.349627942669908e-05,0.9999165037205733,0,1,1
370,0.0,dev,0.3998116407397951,0.600188359260205,0,1,1
371,1.0,test,0.9994472212372737,0.0005527787627263564,1,1,1
372,1.0,train,0.3451052709578724,0.6548947290421275,0,1,1
373,1.0,train,0.9961755156084653,0.003824484391534604,1,1,1
374,0.0,test,0.00806199038131318,0.9919380096186868,0,1,1
375,1.0,train,0.999130632461177,0.0008693675388230737,1,1,1
376,0.0,train,0.9999768125250381,2.318747496190967e-05,1,1,1
377,,,2.7694053416679396e-06,0.9999972305946583,0,1,1
378,0.0,train,1.3709568289246095e-06,0.9999986290431709,0,1,1
379,0.0,train,6.40200779355682e-05,0.9999359799220644,0,1,1
380,0.0,train,0.0007793662221199001,0.9992206337778801,0,1,1
381,1.0,train,0.5926665999540697,0.4073334000459302,1,1,1
382,1.0,train,0.11596070603336647,0.8840392939666335,0,1,1
383,0.0,train,0.5467381519846138,0.45326184801538616,1,1,1
384,0.0,train,0.9621075692960508,0.037892430703949105,1,1,1
385,1.0,train,0.9999617708729795,3.822912702033151e-05,1,1,1
386,0.0,train,0.01342825234837684,0.9865717476516233,0,1,1
387,1.0,train,0.9999983971896995,1.6028103006119517e-06,1,1,1
388,1.0,test,0.9996485616815064,0.00035143831849366344,1,1,1
389,1.0,train,0.5660185351961015,0.43398146480389854,1,1,1
390,0.0,train,0.7248702702332475,0.2751297297667525,1,1,1
391,1.0,test,0.33458943461801643,0.6654105653819835,0,1,1
392,1.0,train,0.999504464165103,0.0004955358348971146,1,1,1
393,0.0,test,0.18713268896245422,0.8128673110375457,0,1,1
394,0.0,train,0.00010720876418222525,0.9998927912358178,0,1,1
395,0.0,train,8.092754913738558e-05,0.9999190724508626,0,1,1
396,1.0,dev,0.9999987121048255,1.2878951744249158e-06,1,1,1
397,1.0,train,0.9999617708803138,3.822911968626092e-05,1,1,1
398,1.0,train,0.5273165233795671,0.47268347662043286,1,1,1
399,1.0,train,0.9999285809752598,7.141902474023105e-05,1,1,1
400,1.0,train,0.9999501404308971,4.985956910280443e-05,1,1,1
401,1.0,train,0.7981867729389246,0.2018132270610754,1,1,1
402,0.0,train,7.141904153385641e-05,0.9999285809584662,0,1,1
403,1.0,train,0.9999978766213536,2.1233786463455663e-06,1,1,1
404,0.0,train,4.785093180238966e-06,0.9999952149068199,0,1,1
405,0.0,train,0.0060035963968049005,0.9939964036031952,0,1,1
406,1.0,test,0.9999972735292619,2.7264707379117853e-06,1,1,1
407,0.0,dev,0.5851011542032312,0.41489884579676883,1,1,1
408,1.0,test,0.9996430293210941,0.0003569706789060308,1,1,1
409,1.0,train,0.9993013243754546,0.0006986756245453418,1,1,1
410,1.0,train,0.9999918603085131,8.139691486907337e-06,1,1,1
411,1.0,train,0.999986368650255,1.3631349744981273e-05,1,1,1
412,0.0,train,1.5206844364434494e-05,0.9999847931556356,0,1,1
413,0.0,train,0.6959583187272712,0.30404168127272885,1,1,1
414,0.0,train,2.857315902492734e-06,0.9999971426840976,0,1,1
415,0.0,train,0.37387580881868504,0.626124191181315,0,1,1
416,1.0,train,0.926303737923174,0.07369626207682609,1,1,1
417,0.0,train,0.016152834585332888,0.9838471654146671,0,1,1
418,1.0,train,0.999988340468135,1.1659531864926382e-05,1,1,1
419,1.0,train,0.99994437793997,5.5622060029962145e-05,1,1,1
420,1.0,train,0.9999990278455709,9.721544290329061e-07,1,1,1
421,1.0,train,0.0001055468320063359,0.9998944531679936,0,1,1
422,1.0,train,0.9976032694705683,0.0023967305294316826,1,1,1
423,1.0,test,0.9999768125254753,2.318747452462068e-05,1,1,1
424,0.0,train,0.020964239135993927,0.9790357608640061,0,1,1
425,1.0,dev,0.9999983719479584,1.6280520415744187e-06,1,1,1
426,1.0,train,0.9974490876569122,0.002550912343087872,1,1,1
427,0.0,test,0.8397339656668287,0.16026603433317138,1,1,1
428,1.0,train,0.9433475754883879,0.056652424511612155,1,1,1
429,0.0,test,0.00044421843501037345,0.9995557815649896,0,1,1
430,0.0,train,0.27202456289736326,0.7279754371026367,0,1,1
431,0.0,test,0.0028009269567159326,0.997199073043284,0,1,1
432,0.0,train,0.999103060753945,0.0008969392460550168,1,1,1
433,1.0,train,0.999997556007188,2.4439928120162283e-06,1,1,1
434,0.0,test,0.9995826841936744,0.00041731580632569667,1,1,1
435,0.0,dev,1.3211957810526968e-05,0.9999867880421895,0,1,1
436,1.0,train,0.9407897471835636,0.05921025281643645,1,1,1
437,0.0,train,0.0002611902826173862,0.9997388097173827,0,1,1
438,0.0,train,0.9674102524151826,0.03258974758481733,1,1,1
439,0.0,train,0.0015978457555061636,0.9984021542444937,0,1,1
440,1.0,train,0.18713268442910244,0.8128673155708976,0,1,1
441,0.0,train,7.722192251163186e-05,0.9999227780774883,0,1,1
442,1.0,train,0.9996800018807571,0.0003199981192428956,1,1,1
443,0.0,train,0.9449947163538936,0.05500528364610642,1,1,1
444,1.0,dev,0.9241418126663687,0.07585818733363135,1,1,1
445,1.0,train,0.9999697580354742,3.024196452587813e-05,1,1,1
446,0.0,train,0.023689472591767836,0.9763105274082322,0,1,1
447,1.0,train,0.943347579470196,0.05665242052980391,1,1,1
448,0.0,train,0.027169233504948872,0.9728307664950511,0,1,1
449,1.0,train,0.9976032689595223,0.002396731040477617,1,1,1
450,0.0,train,0.004829722802212356,0.9951702771977876,0,1,1
451,1.0,train,0.9822876976345556,0.017712302365444396,1,1,1
452,0.0,train,0.03358950371526272,0.9664104962847373,0,1,1
453,1.0,train,0.931462509346239,0.06853749065376102,1,1,1
454,1.0,train,0.9979170289565787,0.002082971043421262,1,1,1
455,1.0,train,0.5467381519846138,0.45326184801538616,1,1,1
456,1.0,dev,0.8152324893520001,0.184767510648,1,1,1
457,0.0,train,0.02128735241435862,0.9787126475856414,0,1,1
458,1.0,test,0.9999879703657035,1.2029634296530665e-05,1,1,1
459,1.0,train,0.5926665999540697,0.4073334000459302,1,1,1
460,1.0,train,0.048857778968408566,0.9511422210315913,0,1,1
461,0.0,test,0.0003625900122726889,0.9996374099877273,0,1,1
462,1.0,train,0.12940273494909915,0.8705972650509008,0,1,1
463,1.0,train,0.6261241772283034,0.37387582277169656,1,1,1
464,1.0,train,0.008315778416031976,0.9916842215839681,0,1,1
465,0.0,train,0.9997219689344534,0.00027803106554657466,1,1,1
466,0.0,train,0.0004173157637856672,0.9995826842362143,0,1,1
467,0.0,train,0.256831980010821,0.743168019989179,0,1,1
468,1.0,train,0.9952447992703597,0.004755200729640399,1,1,1
469,1.0,train,0.004198794313544602,0.9958012056864554,0,1,1
470,1.0,train,0.008315777371515431,0.9916842226284845,0,1,1
471,1.0,train,0.00030534899920466534,0.9996946510007955,0,1,1
472,1.0,train,0.9999635214755351,3.647852446492316e-05,1,1,1
473,0.0,train,0.0003301527582945372,0.9996698472417056,0,1,1
474,1.0,train,0.46879062662624377,0.5312093733737563,0,1,1
475,0.0,train,0.0020829712166822757,0.9979170287833178,0,1,1
476,0.0,train,0.00018522580604548024,0.9998147741939546,0,1,1
477,1.0,train,0.9999111191492511,8.888085074894466e-05,1,1,1
478,1.0,train,0.9999741325682924,2.58674317077022e-05,1,1,1
479,0.0,train,0.00014425985964879756,0.9998557401403512,0,1,1
480,1.0,train,0.9999984942985704,1.5057014296962588e-06,1,1,1
481,0.0,train,0.668880247169804,0.331119752830196,1,1,1
482,0.0,train,0.01081844785554605,0.989181552144454,0,1,1
483,1.0,train,0.679178699175393,0.32082130082460697,1,1,1
484,1.0,train,0.9073122269997507,0.09268777300024937,1,1,1
485,1.0,test,0.8947894527758053,0.1052105472241947,1,1,1
486,0.0,test,0.0007437029745143222,0.9992562970254858,0,1,1
487,1.0,train,0.9899864277611428,0.01001357223885712,1,1,1
488,1.0,train,0.9974090212505043,0.0025909787494957266,1,1,1
489,1.0,dev,0.9999914696826107,8.530317389259302e-06,1,1,1
490,1.0,dev,0.9956684978167656,0.0043315021832343575,1,1,1
491,0.0,train,0.918480237888855,0.08151976211114502,1,1,1
492,1.0,dev,0.024423088722692065,0.975576911277308,0,1,1
493,0.0,train,0.0001559802783708723,0.9998440197216291,0,1,1
494,1.0,train,0.9999485578014922,5.144219850783917e-05,1,1,1
495,1.0,train,0.9669140216112958,0.033085978388704126,1,1,1
496,1.0,train,0.9993436270631025,0.0006563729368974789,1,1,1
497,0.0,train,0.5350984286266115,0.46490157137338844,1,1,1
498,0.0,train,0.8333245870332532,0.16667541296674696,1,1,1
499,1.0,train,0.9362850079703713,0.06371499202962878,1,1,1
500,1.0,train,0.9999706884682512,2.931153174882648e-05,1,1,1
501,0.0,train,0.00046552696902107,0.999534473030979,0,1,1
502,1.0,train,0.9999901816720927,9.818327907195664e-06,1,1,1
503,1.0,train,0.99997717201298,2.282798702010283e-05,1,1,1
504,1.0,train,0.9324533032291502,0.06754669677084987,1,1,1
505,1.0,train,0.9994725216883761,0.0005274783116240082,1,1,1
506,1.0,train,0.8438951025545426,0.1561048974454574,1,1,1
507,1.0,train,0.9999983719490224,1.6280509775539425e-06,1,1,1
508,1.0,train,0.22000710997428738,0.7799928900257126,0,1,1
509,0.0,train,0.8807970670261975,0.11920293297380237,1,1,1
510,1.0,dev,0.9999984705863417,1.5294136582406915e-06,1,1,1
511,1.0,dev,0.9999955745075707,4.425492429398189e-06,1,1,1
512,1.0,test,0.6992544147913994,0.3007455852086007,1,1,1
513,0.0,train,0.0747700346611247,0.9252299653388754,0,1,1
514,0.0,train,0.36658972248186006,0.6334102775181399,0,1,1
515,0.0,dev,0.00014883841660119645,0.9998511615833988,0,1,1
516,1.0,train,0.9999978431829857,2.1568170142644885e-06,1,1,1
517,1.0,train,0.999290329614439,0.0007096703855610964,1,1,1
518,1.0,train,0.9999885212277038,1.1478772296303246e-05,1,1,1
519,1.0,train,0.9991306326779776,0.0008693673220224314,1,1,1
520,0.0,train,0.0003982130891334857,0.9996017869108667,0,1,1
521,1.0,train,0.9999753170916615,2.468290833841515e-05,1,1,1
522,0.0,test,0.0044683835041953906,0.9955316164958046,0,1,1
523,0.0,train,0.04958902333517725,0.9504109766648227,0,1,1
524,1.0,train,0.31742626558767584,0.682573734412324,0,1,1
525,0.0,train,0.00020027384205693197,0.999799726157943,0,1,1
526,0.0,train,0.8902942348544448,0.1097057651455553,1,1,1
527,1.0,train,0.3040416686603661,0.6959583313396339,0,1,1
528,0.0,train,0.9926541750689638,0.007345824931036159,1,1,1
529,1.0,train,0.9999989488502856,1.0511497143140895e-06,1,1,1
530,0.0,test,0.06465348790566186,0.9353465120943382,0,1,1
531,1.0,test,0.9995694428335021,0.00043055716649778564,1,1,1
532,0.0,dev,1.6701426980965933e-05,0.9999832985730189,0,1,1
533,0.0,dev,0.03622005404437219,0.9637799459556278,0,1,1
534,1.0,train,0.8577681122619883,0.1422318877380116,1,1,1
535,1.0,train,0.9999921107368123,7.889263187812644e-06,1,1,1
536,1.0,train,0.9999493552805674,5.064471943253822e-05,1,1,1
537,1.0,train,0.9999946618450155,5.338154984519137e-06,1,1,1
538,0.0,train,0.9977829864527376,0.002217013547262416,1,1,1
539,1.0,train,0.9863631639418898,0.013636836058110143,1,1,1
540,1.0,train,0.9664104941080409,0.033589505891959144,1,1,1
541,0.0,dev,0.004264634249248295,0.9957353657507517,0,1,1
542,0.0,train,0.9755769090139021,0.02442309098609785,1,1,1
543,0.0,train,8.530317341592846e-06,0.9999914696826584,0,1,1
544,1.0,train,0.9984512391231766,0.0015487608768234968,1,1,1
545,1.0,dev,0.9711290940981857,0.02887090590181421,1,1,1
546,1.0,train,0.9697854138058638,0.0302145861941363,1,1,1
547,0.0,train,0.0024726226145155086,0.9975273773854844,0,1,1
548,0.0,train,0.09268777362681897,0.907312226373181,0,1,1
549,1.0,train,0.9991306324077857,0.0008693675922142848,1,1,1
550,1.0,train,0.000698675546841934,0.9993013244531581,0,1,1
551,1.0,train,0.9999804741085996,1.952589140047996e-05,1,1,1
552,0.0,train,4.75764409645028e-05,0.9999524235590355,0,1,1
553,0.0,train,0.8311430478583168,0.16885695214168314,1,1,1
554,1.0,train,0.9902915255063008,0.009708474493699154,1,1,1
555,0.0,train,0.027585281227505677,0.9724147187724943,0,1,1
556,1.0,train,0.999989710484016,1.0289515984104974e-05,1,1,1
557,1.0,train,0.999937949532393,6.20504676070229e-05,1,1,1
558,1.0,train,0.9997175918147935,0.0002824081852064491,1,1,1
559,0.0,train,1.1843138761268006e-05,0.9999881568612388,0,1,1
560,0.0,train,0.002217012503782922,0.9977829874962172,0,1,1
561,1.0,train,0.9998313472731795,0.0001686527268205991,1,1,1
562,0.0,train,0.00021995336874562014,0.9997800466312544,0,1,1
563,0.0,train,0.995735366015724,0.004264633984275894,1,1,1
564,0.0,train,0.008577483425820986,0.9914225165741791,0,1,1
565,0.0,train,2.2827995024394202e-05,0.9999771720049756,0,1,1
566,1.0,train,0.9407897463535033,0.059210253646496694,1,1,1
567,0.0,train,0.0011879053747753765,0.9988120946252247,0,1,1
568,0.0,train,0.2254166054278696,0.7745833945721305,0,1,1
569,0.0,train,0.9890130583206834,0.010986941679316506,1,1,1
570,1.0,train,0.9999994103580512,5.8964194890628e-07,1,1,1
571,0.0,train,0.00036829797059018213,0.9996317020294099,0,1,1
572,0.0,train,8.750297022719166e-05,0.9999124970297728,0,1,1
573,0.0,dev,0.9252299570920387,0.07477004290796138,1,1,1
574,1.0,train,0.994939666945842,0.005060333054158091,1,1,1
575,0.0,train,0.024423090586673284,0.9755769094133266,0,1,1
576,1.0,train,0.9998686482640003,0.00013135173599960532,1,1,1
577,0.0,train,0.9632305337924608,0.036769466207539105,1,1,1
578,0.0,train,3.944258961703004e-05,0.9999605574103829,0,1,1
579,1.0,train,0.9990889488026323,0.0009110511973676286,1,1,1
580,1.0,test,0.012624950953326379,0.9873750490466735,0,1,1
581,1.0,train,0.9999950630114741,4.936988525876059e-06,1,1,1
582,0.0,train,0.9719924808138071,0.028007519186192893,1,1,1
583,1.0,train,0.014728614930927262,0.9852713850690726,0,1,1
584,0.0,dev,0.5350984286266115,0.46490157137338844,1,1,1
585,1.0,dev,0.8670357683915538,0.13296423160844623,1,1,1
586,1.0,train,0.9996374098873858,0.0003625901126141432,1,1,1
587,1.0,train,0.9381240194661944,0.061875980533805566,1,1,1
588,0.0,train,0.3451052709578724,0.6548947290421275,0,1,1
589,0.0,train,7.602481614739667e-05,0.9999239751838527,0,1,1
590,0.0,train,1.5206846941966412e-05,0.9999847931530581,0,1,1
591,1.0,train,0.9958660318482012,0.004133968151798713,1,1,1
592,0.0,train,0.004905406687680738,0.9950945933123192,0,1,1
593,1.0,train,0.9999952890900524,4.710909947567482e-06,1,1,1
594,1.0,test,0.9579122758391339,0.04208772416086621,1,1,1
595,1.0,dev,0.999998671222641,1.3287773591388078e-06,1,1,1
596,1.0,train,0.999889388428347,0.00011061157165297229,1,1,1
597,0.0,train,0.7431680086124811,0.25683199138751883,1,1,1
598,1.0,test,0.9425067228145364,0.05749327718546351,1,1,1
599,0.0,train,0.00016865272634946824,0.9998313472736505,0,1,1
600,0.0,train,0.9390248216946319,0.06097517830536819,1,1,1
601,0.0,train,9.028035769830308e-05,0.9999097196423016,0,1,1
602,0.0,train,0.005819958635845411,0.9941800413641546,0,1,1
603,0.0,train,0.0007672925499560307,0.9992327074500439,0,1,1
604,1.0,train,0.9999435020444206,5.6497955579300656e-05,1,1,1
605,0.0,train,4.0929104515322816e-06,0.9999959070895483,0,1,1
606,0.0,train,0.00023413572187809228,0.9997658642781219,0,1,1
607,0.0,train,0.23651623106411435,0.7634837689358857,0,1,1
608,1.0,train,0.9449947093828719,0.05500529061712816,1,1,1
609,0.0,train,0.9985220569070826,0.001477943092917359,1,1,1
610,1.0,dev,0.9996374100115257,0.0003625899884742993,1,1,1
611,1.0,train,0.033085975409282604,0.9669140245907175,0,1,1
612,1.0,train,0.9219218343187416,0.07807816568125839,1,1,1
613,1.0,train,0.9999995407863654,4.5921363449393466e-07,1,1,1
614,0.0,dev,0.9999901816719409,9.81832805921368e-06,1,1,1
615,0.0,train,0.8757870013740061,0.12421299862599397,1,1,1
616,1.0,train,0.9999795370714842,2.0462928515858305e-05,1,1,1
617,1.0,train,0.9999970519839889,2.948016011196088e-06,1,1,1
618,0.0,train,0.0002694792591823881,0.9997305207408176,0,1,1
619,0.0,train,2.01456975321236e-05,0.9999798543024678,0,1,1
620,1.0,train,0.9998365353473195,0.000163464652680392,1,1,1
621,1.0,train,0.9999657315251511,3.4268474848885904e-05,1,1,1
622,0.0,train,0.02635534978712036,0.9736446502128796,0,1,1
623,0.0,train,1.241149813810538e-05,0.9999875885018619,0,1,1
624,0.0,train,0.022977370411809046,0.9770226295881911,0,1,1
625,0.0,test,0.0030753692218706353,0.9969246307781294,0,1,1
626,1.0,train,0.9999911988999153,8.801100084715297e-06,1,1,1
627,1.0,dev,0.9830850903881521,0.01691490961184779,1,1,1
628,1.0,dev,0.9976403394944268,0.0023596605055732685,1,1,1
629,1.0,train,0.7772998663336157,0.22270013366638422,1,1,1
630,0.0,train,0.02595735757455145,0.9740426424254486,0,1,1
631,0.0,train,0.9740426405416754,0.02595735945832451,1,1,1
632,0.0,train,0.000698675503926248,0.9993013244960737,0,1,1
633,0.0,test,0.0003982131454824974,0.9996017868545175,0,1,1
634,1.0,train,0.9989515304919053,0.001048469508094545,1,1,1
635,1.0,train,0.9999678076660575,3.219233394239888e-05,1,1,1
636,1.0,test,0.9869795128782534,0.013020487121746584,1,1,1
637,1.0,train,0.9991959141971871,0.0008040858028128777,1,1,1
638,0.0,train,0.37387582974820255,0.6261241702517976,0,1,1
639,0.0,train,0.8962513835254865,0.10374861647451346,1,1,1
640,0.0,train,0.0041339674923263695,0.9958660325076737,0,1,1
641,1.0,train,0.9999938558276138,6.144172386303488e-06,1,1,1
642,1.0,test,0.9999953621257508,4.637874249227508e-06,1,1,1
643,0.0,train,0.13477592089824647,0.8652240791017536,0,1,1
644,0.0,train,0.0007554055061904615,0.9992445944938095,0,1,1
645,1.0,train,0.9999982669481237,1.7330518763443472e-06,1,1,1
646,0.0,train,0.16238003666671086,0.8376199633332891,0,1,1
647,1.0,dev,0.967410258874914,0.03258974112508605,1,1,1
648,0.0,train,0.0027576218858985486,0.9972423781141015,0,1,1
649,1.0,train,0.8596637451167997,0.14033625488320037,1,1,1
650,0.0,train,0.00045831290063503817,0.999541687099365,0,1,1
651,1.0,train,0.9966755638489435,0.003324436151056457,1,1,1
652,1.0,train,0.9978172831337667,0.0021827168662332504,1,1,1
653,0.0,train,0.00026530225240198026,0.9997346977475979,0,1,1
654,1.0,test,0.9999981551760754,1.8448239245682145e-06,1,1,1
655,1.0,train,0.9997997262804152,0.00020027371958478772,1,1,1
656,0.0,train,0.029312229267415526,0.9706877707325846,0,1,1
657,1.0,test,0.9999875885077252,1.2411492274821804e-05,1,1,1
658,1.0,test,0.9999566809566294,4.331904337059776e-05,1,1,1
659,0.0,train,0.009412589622344402,0.9905874103776556,0,1,1
660,1.0,train,0.9999263140951835,7.368590481646338e-05,1,1,1
661,1.0,train,0.1037486227096331,0.8962513772903669,0,1,1
662,0.0,train,0.45713671682749485,0.5428632831725052,0,1,1
663,1.0,train,0.9999993213262165,6.786737836227595e-07,1,1,1
664,0.0,test,0.00018235460455062443,0.9998176453954494,0,1,1
665,0.0,train,0.6654105454764747,0.3345894545235253,1,1,1
666,1.0,test,0.9999969584034077,3.0415965922139467e-06,1,1,1
667,1.0,train,0.9930961609454403,0.006903839054559786,1,1,1
668,1.0,train,0.9999263140875838,7.368591241616088e-05,1,1,1
669,1.0,train,0.8991213691605411,0.10087863083945883,1,1,1
670,1.0,train,0.6150878555160665,0.38491214448393346,1,1,1
671,1.0,train,0.8418256512199033,0.15817434878009673,1,1,1
672,1.0,train,0.9960545929884409,0.003945407011559186,1,1,1
673,1.0,train,0.07477004445424333,0.9252299555457566,0,1,1
674,1.0,test,0.9992327074050588,0.0007672925949410919,1,1,1
675,0.0,train,0.7520125682019722,0.24798743179802785,1,1,1
676,1.0,dev,0.8104789040926008,0.1895210959073992,1,1,1
677,1.0,train,0.999987970357294,1.2029642706037097e-05,1,1,1
678,0.0,train,2.111247690474378e-05,0.9999788875230953,0,1,1
679,0.0,dev,2.2827997107848996e-05,0.9999771720028923,0,1,1
680,0.0,train,0.480478678047907,0.5195213219520929,0,1,1
681,1.0,train,0.9999443779400995,5.562205990046415e-05,1,1,1
682,1.0,train,0.999343627072266,0.0006563729277340735,1,1,1
683,0.0,train,0.2568319970758679,0.7431680029241321,0,1,1
684,1.0,test,0.9999485577831918,5.1442216808246215e-05,1,1,1
685,0.0,test,0.01883312816949565,0.9811668718305044,0,1,1
686,0.0,train,0.0293122339312297,0.9706877660687704,0,1,1
687,1.0,train,0.8539127455162773,0.14608725448372273,1,1,1
688,1.0,train,0.9999785550541355,2.1444945864531857e-05,1,1,1
689,0.0,train,0.11279540180929934,0.8872045981907006,0,1,1
690,1.0,train,0.9984268881944924,0.0015731118055075824,1,1,1
691,1.0,train,0.9621075705183535,0.037892429481646554,1,1,1
692,1.0,train,0.9998804014016802,0.00011959859831985253,1,1,1
693,0.0,train,0.05184546262100774,0.9481545373789922,0,1,1
694,0.0,train,0.000767292561380808,0.9992327074386192,0,1,1
695,0.0,train,0.001455062654369028,0.9985449373456311,0,1,1
696,0.0,train,0.29421496597446145,0.7057850340255386,0,1,1
697,0.0,train,0.9893474869027681,0.010652513097231846,1,1,1
698,0.0,train,1.0030138686865084e-06,0.9999989969861314,0,1,1
699,1.0,dev,0.99101456966345,0.008985430336549973,1,1,1
700,1.0,train,0.9985674636510887,0.001432536348911369,1,1,1
701,1.0,train,0.9999501403998742,4.9859600125880256e-05,1,1,1
702,0.0,train,0.00011591938917124525,0.9998840806108288,0,1,1
703,0.0,train,0.9993013241781074,0.0006986758218925295,1,1,1
704,0.0,train,0.046724956303059874,0.9532750436969402,0,1,1
705,1.0,train,0.9991306324437843,0.0008693675562156648,1,1,1
706,0.0,dev,0.939913350667554,0.06008664933244599,1,1,1
707,0.0,train,0.026355355522744508,0.9736446444772555,0,1,1
708,0.0,train,0.008847356079285116,0.9911526439207149,0,1,1
709,0.0,train,0.936285003525698,0.06371499647430197,1,1,1
710,0.0,train,4.3568809897629574e-06,0.9999956431190101,0,1,1
711,0.0,test,0.001597845392987584,0.9984021546070124,0,1,1
712,0.0,train,0.6926419894793248,0.30735801052067535,1,1,1
713,1.0,train,0.9999692818139588,3.0718186041215114e-05,1,1,1
714,1.0,train,0.9999764473890848,2.3552610915292923e-05,1,1,1
715,0.0,train,0.1710611959045317,0.8289388040954683,0,1,1
716,0.0,train,0.0006070756007829487,0.999392924399217,0,1,1
717,1.0,train,0.012053777741733895,0.9879462222582661,0,1,1
718,1.0,test,0.999808895693153,0.0001911043068470301,1,1,1
719,0.0,train,0.2120688093369431,0.787931190663057,0,1,1
720,0.0,train,0.008985427458830493,0.9910145725411695,0,1,1
721,1.0,train,0.9998785182627492,0.00012148173725090335,1,1,1
722,0.0,train,0.734119521083126,0.26588047891687405,1,1,1
723,0.0,train,0.0020829711044013936,0.9979170288955986,0,1,1
724,0.0,train,1.7502918127505127e-05,0.9999824970818726,0,1,1
725,0.0,train,0.6654105653819835,0.33458943461801643,1,1,1
726,0.0,train,0.0005976692976725501,0.9994023307023274,0,1,1
727,0.0,train,0.9996646499726424,0.00033535002735768485,1,1,1
728,0.0,train,0.00031015589401891337,0.9996898441059812,0,1,1
729,0.0,train,0.6893056104028799,0.3106943895971202,1,1,1
730,0.0,train,1.0289515210297139e-05,0.9999897104847898,0,1,1
731,1.0,dev,0.9999990429172544,9.570827455789147e-07,1,1,1
732,0.0,test,2.0261422878135296e-06,0.9999979738577122,0,1,1
733,0.0,dev,0.19930799790404563,0.8006920020959544,0,1,1
734,1.0,train,0.9979492562199282,0.002050743780071758,1,1,1
735,0.0,train,0.000278030969054806,0.9997219690309452,0,1,1
736,0.0,test,0.02368947216097002,0.9763105278390299,0,1,1
737,1.0,train,0.8962513703624558,0.10374862963754419,1,1,1
738,1.0,test,0.5389832206876841,0.4610167793123159,1,1,1
739,1.0,train,0.9905874106728995,0.00941258932710048,1,1,1
740,1.0,train,0.9879462223691724,0.012053777630827493,1,1,1
741,0.0,train,9.276366672468998e-07,0.9999990723633329,0,1,1
742,1.0,train,0.9998960892837313,0.00010391071626862933,1,1,1
743,1.0,dev,0.9999971426851816,2.8573148184374297e-06,1,1,1
744,1.0,train,0.9996317021282444,0.0003682978717556446,1,1,1
745,1.0,train,0.23370635691404026,0.7662936430859597,0,1,1
746,1.0,train,0.9840936084339686,0.015906391566031266,1,1,1
747,1.0,test,0.9999935609628394,6.439037160635331e-06,1,1,1
748,0.0,train,0.3923368301671084,0.6076631698328917,0,1,1
749,1.0,train,0.9999928167396854,7.183260314561898e-06,1,1,1
750,1.0,test,0.1500288224422264,0.8499711775577736,0,1,1
751,0.0,train,0.00039204173011180775,0.9996079582698882,0,1,1
752,1.0,test,0.9518632322971929,0.04813676770280703,1,1,1
753,0.0,train,0.9518632259816114,0.0481367740183886,1,1,1
754,1.0,train,0.9999890468785505,1.0953121449490716e-05,1,1,1
755,0.0,dev,8.750299369526663e-05,0.9999124970063046,0,1,1
756,1.0,train,0.9996317020077228,0.000368297992277209,1,1,1
757,1.0,train,0.9999984942988026,1.505701197441727e-06,1,1,1
758,0.0,train,0.9986749776148288,0.0013250223851710686,1,1,1
759,0.0,train,1.4064039286330553e-05,0.9999859359607137,0,1,1
760,0.0,test,0.025178841334854832,0.9748211586651452,0,1,1
761,0.0,train,0.3702254064929193,0.6297745935070806,0,1,1
762,1.0,test,0.8244619242200082,0.17553807577999186,1,1,1
763,1.0,train,0.45326184801538616,0.5467381519846138,0,1,1
764,0.0,dev,0.3702254064929193,0.6297745935070806,0,1,1
765,0.0,train,0.22000709463169615,0.7799929053683038,0,1,1
766,0.0,train,8.059449897217087e-07,0.9999991940550103,0,1,1
767,0.0,test,0.7217432122827968,0.2782567877172032,1,1,1
768,1.0,train,0.9999979419517872,2.058048212835858e-06,1,1,1
769,0.0,train,0.9982725416952818,0.0017274583047183023,1,1,1
770,1.0,train,0.9748211600366964,0.025178839963303525,1,1,1
771,1.0,test,0.9999917321230775,8.267876922599422e-06,1,1,1
772,1.0,train,0.46879062662624377,0.5312093733737563,0,1,1
773,0.0,train,0.42250463481418826,0.5774953651858118,0,1,1
774,0.0,train,0.004264635103487792,0.9957353648965123,0,1,1
775,1.0,train,0.9995694429123626,0.00043055708763744936,1,1,1
776,0.0,train,3.555986137148315e-06,0.9999964440138628,0,1,1
777,1.0,train,0.6723317123102955,0.3276682876897044,1,1,1
778,0.0,train,0.07696083993021298,0.9230391600697869,0,1,1
779,0.0,train,0.7490872131147275,0.25091278688527247,1,1,1
780,0.0,train,0.22000710486009023,0.7799928951399098,0,1,1
781,1.0,train,0.43398146480389854,0.5660185351961015,0,1,1
782,0.0,train,0.0001233945654148826,0.9998766054345851,0,1,1
783,1.0,train,0.2658804614657029,0.7341195385342971,0,1,1
784,0.0,dev,0.004982270302927065,0.9950177296970729,0,1,1
785,1.0,train,0.9399133519298963,0.060086648070103596,1,1,1
786,1.0,train,0.5851011542032312,0.41489884579676883,1,1,1
787,1.0,train,0.879146761176671,0.12085323882332893,1,1,1
788,0.0,train,0.008061989919550728,0.9919380100804491,0,1,1
789,0.0,train,4.832565492896306e-05,0.9999516743450712,0,1,1
790,0.0,dev,0.0003740956670711762,0.9996259043329289,0,1,1
791,0.0,train,6.4390355325092085e-06,0.9999935609644675,0,1,1
792,0.0,train,0.08269734550098795,0.917302654499012,0,1,1
793,0.0,train,1.061613178548769e-05,0.9999893838682146,0,1,1
794,0.0,train,0.007121427771138063,0.9928785722288619,0,1,1
795,0.0,train,0.7931059438487662,0.20689405615123369,1,1,1
796,1.0,train,0.9811668715895728,0.018833128410427103,1,1,1
797,1.0,test,0.9999509133710385,4.908662896151631e-05,1,1,1
798,1.0,train,0.9999982396568079,1.7603431922346382e-06,1,1,1
799,1.0,dev,0.9719924766558351,0.02800752334416486,1,1,1
800,0.0,train,0.00035697060845076863,0.9996430293915494,0,1,1
801,0.0,train,0.8558511396138365,0.14414886038616348,1,1,1
802,1.0,train,0.999989046874562,1.095312543799546e-05,1,1,1
803,0.0,train,0.994269754747866,0.005730245252133922,1,1,1
804,0.0,train,0.9416541544761566,0.05834584552384339,1,1,1
805,1.0,train,0.999488742099768,0.0005112579002318913,1,1,1
806,1.0,train,0.9136765298777718,0.08632347012222817,1,1,1
807,0.0,test,0.15203224930631218,0.8479677506936879,0,1,1
808,0.0,test,0.0016229669829981,0.9983770330170019,0,1,1
809,0.0,train,0.001116014315906396,0.9988839856840935,0,1,1
810,1.0,train,0.9999992065500117,7.934499882918676e-07,1,1,1
811,1.0,train,0.9914225131686284,0.008577486831371581,1,1,1
812,0.0,test,0.8872045981907006,0.11279540180929934,1,1,1
813,0.0,train,5.28551782956327e-07,0.999999471448217,0,1,1
814,0.0,train,0.9968763512623948,0.0031236487376050887,1,1,1
815,1.0,train,0.9999982669476472,1.7330523528860434e-06,1,1,1
816,0.0,train,0.04336580370932901,0.956634196290671,0,1,1
817,1.0,train,0.035678549083339124,0.964321450916661,0,1,1
818,0.0,train,0.015906393986036643,0.9840936060139633,0,1,1
819,1.0,train,0.38491214448393346,0.6150878555160665,0,1,1
820,1.0,train,0.8774767954920548,0.12252320450794522,1,1,1
821,1.0,train,0.9999986712228022,1.328777197797316e-06,1,1,1
822,0.0,train,3.6478547391806835e-05,0.9999635214526083,0,1,1
823,1.0,train,0.9811668690770018,0.018833130922998192,1,1,1
824,1.0,train,0.9932024692858855,0.00679753071411445,1,1,1
825,0.0,test,0.9441768623996596,0.05582313760034026,1,1,1
826,1.0,train,0.46879062662624377,0.5312093733737563,0,1,1
827,0.0,train,0.00034599161992836746,0.9996540083800716,0,1,1
828,0.0,test,0.04885778139204432,0.9511422186079557,0,1,1
829,1.0,train,0.9999566809690952,4.331903090484266e-05,1,1,1
830,1.0,train,0.9997507674853383,0.00024923251466155524,1,1,1
831,1.0,train,0.9073122194809151,0.092687780519085,1,1,1
832,1.0,dev,0.9989182845807257,0.0010817154192742286,1,1,1
833,1.0,test,0.3276683139517237,0.6723316860482762,0,1,1
834,0.0,test,0.9890130572884471,0.010986942711552901,1,1,1
835,0.0,train,0.24508500761839525,0.7549149923816048,0,1,1
836,1.0,train,0.828938806208442,0.171061193791558,1,1,1
837,1.0,train,0.9998644792648544,0.00013552073514549212,1,1,1
838,1.0,train,0.9998876467620484,0.00011235323795155641,1,1,1
839,1.0,train,0.9334308124183848,0.06656918758161515,1,1,1
840,1.0,train,0.9997621779872807,0.0002378220127193666,1,1,1
841,0.0,train,0.024423089965346197,0.9755769100346539,0,1,1
842,0.0,dev,0.22815650216092537,0.7718434978390747,0,1,1
843,1.0,train,0.9688561676667173,0.03114383233328265,1,1,1
844,1.0,train,0.9998118578708436,0.00018814212915628596,1,1,1
845,0.0,train,0.891811041124754,0.10818895887524603,1,1,1
846,0.0,train,0.006692849797434634,0.9933071502025654,0,1,1
847,0.0,train,0.010328154537438695,0.9896718454625614,0,1,1
848,0.0,dev,0.00029137018709614695,0.9997086298129039,0,1,1
849,0.0,train,1.5294134371064442e-06,0.9999984705865629,0,1,1
850,0.0,train,0.03676946765888317,0.9632305323411169,0,1,1
851,1.0,train,0.9997262783391765,0.0002737216608234187,1,1,1
852,0.0,train,3.883109909224078e-05,0.9999611689009077,0,1,1
853,1.0,train,0.9997175918663296,0.000282408133670441,1,1,1
854,1.0,train,0.9993436272572139,0.0006563727427860357,1,1,1
855,1.0,train,0.998793410351448,0.0012065896485519859,1,1,1
856,1.0,train,0.7662936377487304,0.23370636225126956,1,1,1
857,0.0,train,0.3812195592260441,0.6187804407739559,0,1,1
858,1.0,train,0.9997219689758717,0.0002780310241282392,1,1,1
859,1.0,train,0.9999988455375072,1.1544624929627375e-06,1,1,1
860,1.0,train,0.9999937590697155,6.240930284440675e-06,1,1,1
861,1.0,train,0.9995344730015109,0.0004655269984891391,1,1,1
862,1.0,test,0.9999918603080403,8.139691959748321e-06,1,1,1
863,0.0,train,0.00030061623007646805,0.9996993837699234,0,1,1
864,1.0,train,0.9991030608056897,0.0008969391943104061,1,1,1
865,1.0,train,0.9230391627161537,0.07696083728384619,1,1,1
866,1.0,train,0.9920620071453978,0.007937992854602114,1,1,1
867,0.0,dev,1.3007123360563105e-05,0.9999869928766395,0,1,1
868,1.0,train,0.9921841116801559,0.007815888319844281,1,1,1
869,1.0,train,0.9999239752394646,7.602476053539581e-05,1,1,1
870,0.0,train,0.04023794118495175,0.9597620588150483,0,1,1
871,1.0,train,0.9999972735297482,2.726470251651807e-06,1,1,1
872,0.0,train,0.0016484829479822423,0.9983515170520179,0,1,1
873,1.0,train,0.031618767724904455,0.9683812322750955,0,1,1
874,1.0,train,0.9773708019443871,0.022629198055612774,1,1,1
875,0.0,train,0.014728616877095714,0.9852713831229043,0,1,1
876,1.0,train,0.9999737252183397,2.6274781660246552e-05,1,1,1
877,0.0,test,0.0481367717994004,0.9518632282005995,0,1,1
878,1.0,train,0.22815649691270326,0.7718435030872968,0,1,1
879,1.0,train,0.9999970976882993,2.9023117007223787e-06,1,1,1
880,1.0,train,2.994439592558334e-06,0.9999970055604074,0,1,1
881,1.0,train,0.9999702268915044,2.9773108495468775e-05,1,1,1
882,0.0,train,2.4682904775402147e-05,0.9999753170952246,0,1,1
883,0.0,train,0.1159607136712415,0.8840392863287584,0,1,1
884,1.0,train,0.7718434978390747,0.22815650216092537,1,1,1
885,1.0,dev,0.9999892166869021,1.0783313097949783e-05,1,1,1
886,0.0,train,1.497108020695296e-05,0.999985028919793,0,1,1
887,0.0,train,0.015663651928176432,0.9843363480718235,0,1,1
888,1.0,train,0.9999981261246336,1.8738753664175531e-06,1,1,1
889,0.0,train,0.2942149845400438,0.7057850154599563,0,1,1
890,1.0,train,0.9961755166888941,0.00382448331110588,1,1,1
891,1.0,train,0.9999813682475506,1.8631752449408928e-05,1,1,1
892,1.0,test,0.9863631662468764,0.013636833753123672,1,1,1
893,0.0,dev,6.014152292971173e-05,0.9999398584770702,0,1,1
894,0.0,train,0.38861802670584894,0.6113819732941511,0,1,1
895,1.0,test,0.9999977747187841,2.2252812159542045e-06,1,1,1
896,1.0,train,0.9901401452419912,0.009859854758008862,1,1,1
897,1.0,train,0.9996898441010721,0.0003101558989279285,1,1,1
898,1.0,train,0.9674102575829678,0.032589742417032205,1,1,1
899,0.0,train,1.3709576448008787e-06,0.9999986290423551,0,1,1
900,1.0,test,0.9911526465831052,0.008847353416894856,1,1,1
901,0.0,train,0.0004238847546211449,0.9995761152453788,0,1,1
902,0.0,train,0.9939024382025167,0.006097561797483387,1,1,1
903,0.0,train,0.008315779952085952,0.991684220047914,0,1,1
904,0.0,train,7.296379574695249e-06,0.9999927036204254,0,1,1
905,1.0,train,0.9496693665122261,0.05033063348777396,1,1,1
906,0.0,test,0.9711290962915805,0.028870903708419576,1,1,1
907,1.0,test,0.9999824970688483,1.7502931151671366e-05,1,1,1
908,0.0,train,4.565971527652832e-06,0.9999954340284725,0,1,1
909,0.0,dev,0.0013045067097090623,0.998695493290291,0,1,1
910,0.0,dev,0.9993332975694484,0.0006667024305515353,1,1,1
911,0.0,train,0.37754066879814546,0.6224593312018546,0,1,1
912,0.0,train,0.9546474221876089,0.045352577812391104,1,1,1
913,1.0,train,0.9997262782645682,0.00027372173543175704,1,1,1
914,1.0,train,0.1500288224422264,0.8499711775577736,0,1,1
915,1.0,train,0.3960681662740417,0.6039318337259583,0,1,1
916,1.0,train,0.9999981837776739,1.8162223260043262e-06,1,1,1
917,0.0,test,0.9525741300200605,0.04742586997993962,1,1,1
918,1.0,dev,0.999997142683486,2.857316513874826e-06,1,1,1
919,1.0,train,8.220190243852752e-05,0.9999177980975614,0,1,1
920,1.0,train,0.9996485617311571,0.00035143826884297705,1,1,1
921,0.0,train,5.862812199120476e-06,0.999994137187801,0,1,1
922,1.0,train,0.9999819414807276,1.805851927234235e-05,1,1,1
923,0.0,train,0.1500288281428225,0.8499711718571774,0,1,1
924,0.0,dev,0.011331751027219006,0.988668248972781,0,1,1
925,0.0,dev,0.13660840057146192,0.863391599428538,0,1,1
926,1.0,train,0.9999741325782326,2.58674217674441e-05,1,1,1
927,0.0,train,0.2942149783515162,0.7057850216484838,0,1,1
928,1.0,train,0.9999925887204008,7.411279599335616e-06,1,1,1
929,0.0,train,0.0009253848900937359,0.9990746151099062,0,1,1
930,0.0,train,0.03732689082456911,0.9626731091754309,0,1,1
931,0.0,train,0.9940889310671402,0.005911068932859788,1,1,1
932,1.0,train,0.9925393579636203,0.007460642036379883,1,1,1
933,0.0,dev,0.0705595976531412,0.9294404023468588,0,1,1
934,1.0,train,0.9999979738570547,2.0261429454290343e-06,1,1,1
935,1.0,train,0.9999961550652546,3.84493474542001e-06,1,1,1
936,1.0,dev,0.9999885212269861,1.14787730138908e-05,1,1,1
937,1.0,train,0.9991306326003178,0.0008693673996823567,1,1,1
938,1.0,train,0.16026603032235004,0.8397339696776499,0,1,1
939,1.0,train,0.33111974622959367,0.6688802537704063,0,1,1
940,0.0,train,0.5506073655352404,0.44939263446475963,1,1,1
941,0.0,train,0.3007455726738824,0.6992544273261176,0,1,1
942,1.0,train,0.04813676633727598,0.9518632336627241,0,1,1
943,1.0,train,0.8311430520409023,0.16885694795909764,1,1,1
944,0.0,train,0.3923368301671084,0.6076631698328917,0,1,1
945,0.0,train,0.02228618488984746,0.9777138151101525,0,1,1
946,1.0,train,0.9990889488450179,0.0009110511549821529,1,1,1
947,1.0,train,0.9999989488505658,1.0511494340872765e-06,1,1,1
948,1.0,train,0.9999715902592962,2.8409740703804263e-05,1,1,1
949,1.0,test,0.9999944056608955,5.5943391045329035e-06,1,1,1
950,1.0,dev,0.9559813460611901,0.044018653938809826,1,1,1
951,1.0,train,0.9999989488507495,1.051149250410266e-06,1,1,1
952,1.0,train,0.9904406005735485,0.009559399426451535,1,1,1
953,1.0,train,0.9932024694745155,0.006797530525484633,1,1,1
954,0.0,train,1.618758131554641e-05,0.9999838124186845,0,1,1
955,0.0,train,0.06008665059478843,0.9399133494052115,0,1,1
956,1.0,train,0.9999977747177323,2.2252822677228374e-06,1,1,1
957,0.0,test,3.785323378178467e-06,0.9999962146766219,0,1,1
958,0.0,train,2.8857123763611652e-05,0.9999711428762363,0,1,1
959,0.0,train,0.0011695102345938256,0.9988304897654062,0,1,1
960,0.0,train,0.0006667022546395084,0.9993332977453605,0,1,1
961,1.0,train,0.9999807768257891,1.9223174210922057e-05,1,1,1
962,0.0,test,0.9999379494811157,6.205051888437709e-05,1,1,1
963,0.0,train,0.994088931083558,0.005911068916442075,1,1,1
964,1.0,train,0.0064882703530933965,0.9935117296469067,0,1,1
965,1.0,train,0.9999949852659489,5.014734051083991e-06,1,1,1
966,1.0,train,0.9984512391663812,0.0015487608336186359,1,1,1
967,0.0,train,0.011869119910370476,0.9881308800896295,0,1,1
968,0.0,test,7.766949542033526e-06,0.999992233050458,0,1,1
969,0.0,train,7.112438296937912e-07,0.9999992887561702,0,1,1
970,1.0,test,0.9895109081020886,0.010489091897911355,1,1,1
971,1.0,test,0.14804719051380197,0.851952809486198,0,1,1
972,1.0,train,0.9977829868482916,0.0022170131517084335,1,1,1
973,1.0,test,0.9999251537541406,7.484624585933962e-05,1,1,1
974,1.0,train,0.09670579850281288,0.9032942014971872,0,1,1
975,1.0,test,0.9697854136967065,0.030214586303293503,1,1,1
976,0.0,train,0.6757645879592642,0.32423541204073586,1,1,1
977,1.0,train,0.9989182846431185,0.0010817153568813832,1,1,1
978,1.0,train,0.9999980966149564,1.9033850435892314e-06,1,1,1
979,0.0,test,0.9173026629768591,0.08269733702314093,1,1,1
980,1.0,train,0.9489172652098724,0.051082734790127565,1,1,1
981,0.0,dev,0.11920291576401235,0.8807970842359877,0,1,1
982,1.0,train,0.672331705744791,0.32766829425520916,1,1,1
983,0.0,train,1.473898588656058e-05,0.9999852610141133,0,1,1
984,0.0,train,0.0108184501677659,0.9891815498322342,0,1,1
985,0.0,train,0.004264635166764798,0.9957353648332351,0,1,1
986,0.0,train,0.048857777237240246,0.9511422227627597,0,1,1
987,1.0,train,0.9999782173490668,2.1782650933209243e-05,1,1,1
988,1.0,test,0.9999775259171468,2.2474082853155382e-05,1,1,1
989,1.0,train,0.9999546021462005,4.53978537993923e-05,1,1,1
990,0.0,test,0.8333245932423309,0.16667540675766923,1,1,1
991,1.0,train,0.9999929281048422,7.071895157750834e-06,1,1,1
992,1.0,dev,0.9933071485246731,0.006692851475327066,1,1,1
993,0.0,train,0.0007437029426771588,0.9992562970573229,0,1,1
994,1.0,train,0.999913853509586,8.614649041402376e-05,1,1,1
995,0.0,train,0.35936414516010196,0.640635854839898,0,1,1
996,1.0,train,0.9999203270237124,7.967297628763776e-05,1,1,1
997,0.0,train,2.0462936717601233e-05,0.9999795370632825,0,1,1
998,1.0,train,0.05419872524007487,0.9458012747599251,0,1,1
999,0.0,train,0.0042646343678926606,0.9957353656321074,0,1,1
1000,0.0,dev,5.649795022574006e-05,0.9999435020497742,0,1,1
1001,0.0,train,0.010169657191377869,0.9898303428086223,0,1,1
1002,1.0,train,0.9999941371833564,5.862816643673955e-06,1,1,1
1003,1.0,train,0.9997730661456734,0.0002269338543264956,1,1,1
1004,0.0,train,0.09009299151886935,0.9099070084811307,0,1,1
1005,0.0,train,1.6701416995200646e-05,0.9999832985830048,0,1,1
1006,0.0,train,0.2068940488158881,0.7931059511841119,0,1,1
1007,1.0,train,0.9999962146733714,3.785326628546818e-06,1,1,1
1008,1.0,train,0.9978172838031308,0.0021827161968691294,1,1,1
1009,0.0,train,0.0010005042966536662,0.9989994957033463,0,1,1
1010,1.0,train,0.9977481531316681,0.002251846868331987,1,1,1
1011,0.0,train,0.00013982209934395822,0.9998601779006561,0,1,1
1012,1.0,train,0.002115703310146372,0.9978842966898536,0,1,1
1013,1.0,train,0.9948603879976445,0.005139612002355459,1,1,1
1014,0.0,train,0.480478678047907,0.5195213219520929,0,1,1
1015,0.0,train,0.0758581868113179,0.924141813188682,0,1,1
1016,1.0,train,0.9996374099276406,0.0003625900723594101,1,1,1
1017,1.0,train,0.9999954340312525,4.565968747664867e-06,1,1,1
1018,0.0,train,0.001244843126086453,0.9987551568739135,0,1,1
1019,0.0,train,0.6723316926137812,0.3276683073862188,1,1,1
1020,1.0,dev,0.880797081106935,0.1192029188930649,1,1,1
1021,1.0,train,0.9999976311997897,2.368800210344528e-06,1,1,1
1022,1.0,train,0.9999976312009814,2.368799018492882e-06,1,1,1
1023,0.0,train,0.0002653023121799619,0.99973469768782,0,1,1
1024,0.0,train,0.00028685404499667854,0.9997131459550033,0,1,1
1025,1.0,train,0.9915543735502219,0.008445626449778143,1,1,1
1026,0.0,train,0.9822876999678863,0.01771230003211358,1,1,1
1027,1.0,train,0.9998746625234717,0.00012533747652833458,1,1,1
1028,1.0,train,0.2120688093369431,0.787931190663057,0,1,1
1029,0.0,train,0.07369627733527158,0.9263037226647285,0,1,1
1030,0.0,train,0.5621765008857981,0.4378234991142019,1,1,1
1031,1.0,train,0.9999460891635612,5.3910836438925206e-05,1,1,1
1032,1.0,test,0.9996259044480332,0.00037409555196683407,1,1,1
1033,1.0,dev,0.06278921166614723,0.9372107883338529,0,1,1
1034,1.0,train,0.9702399046556824,0.02976009534431753,1,1,1
1035,0.0,train,0.44939263446475963,0.5506073655352404,0,1,1
1036,1.0,train,0.9999640869851147,3.591301488525825e-05,1,1,1
1037,1.0,train,0.9992445942811536,0.0007554057188464042,1,1,1
1038,1.0,train,0.9998746624529757,0.0001253375470242088,1,1,1
1039,0.0,dev,1.4971083162804852e-05,0.9999850289168373,0,1,1
1040,1.0,train,0.9999968618533742,3.138146625711461e-06,1,1,1
1041,0.0,train,0.0006563728495396862,0.9993436271504604,0,1,1
1042,0.0,dev,0.9978510507523216,0.0021489492476782744,1,1,1
1043,0.0,train,0.0033766130712408783,0.9966233869287591,0,1,1
1044,1.0,train,0.9998579763112669,0.00014202368873305514,1,1,1
1045,0.0,train,0.0018969199933672233,0.9981030800066328,0,1,1
1046,1.0,train,0.9974090208846729,0.002590979115327053,1,1,1
1047,1.0,train,0.9579122684798184,0.042087731520181665,1,1,1
1048,1.0,train,0.9999936607915745,6.339208425462837e-06,1,1,1
1049,1.0,train,0.8333246035907932,0.16667539640920673,1,1,1
1050,1.0,train,0.999984553685135,1.544631486515914e-05,1,1,1
1051,0.0,train,0.8418256532040708,0.1581743467959293,1,1,1
1052,1.0,dev,0.99995801369016,4.198630983998252e-05,1,1,1
1053,1.0,train,0.9999885212370216,1.1478762978359423e-05,1,1,1
1054,0.0,train,0.5506073655352404,0.44939263446475963,1,1,1
1055,1.0,train,0.9999524235230803,4.7576476919570134e-05,1,1,1
1056,0.0,train,0.0005112580230147744,0.9994887419769853,0,1,1
1057,1.0,train,0.9999946618420961,5.338157904043709e-06,1,1,1
1058,1.0,test,0.9989677688487236,0.001032231151276294,1,1,1
1059,1.0,train,0.16451645880021026,0.8354835411997897,0,1,1
1060,1.0,train,0.9991832619439748,0.0008167380560253253,1,1,1
1061,0.0,train,0.052618948890758833,0.9473810511092412,0,1,1
1062,0.0,train,0.00015118200594274638,0.9998488179940573,0,1,1
1063,0.0,train,0.14033624949008322,0.8596637505099167,0,1,1
1064,1.0,dev,0.672331699179286,0.3276683008207139,1,1,1
1065,1.0,train,0.9998706843876988,0.00012931561230128353,1,1,1
1066,1.0,train,0.9939964031530201,0.0060035968469799965,1,1,1
1067,1.0,train,0.999954602125627,4.539787437299035e-05,1,1,1
1068,1.0,train,0.999926314101308,7.368589869210276e-05,1,1,1
1069,1.0,dev,0.9802808731888498,0.019719126811150074,1,1,1
1070,1.0,train,0.9817357245538142,0.0182642754461859,1,1,1
1071,0.0,train,0.5428632831725052,0.45713671682749485,1,1,1
1072,0.0,train,1.4510474338432968e-05,0.9999854895256615,0,1,1
1073,0.0,train,0.005819960187795013,0.994180039812205,0,1,1
1074,1.0,train,0.9875683465627423,0.012431653437257642,1,1,1
1075,1.0,train,0.9390248187084358,0.06097518129156426,1,1,1
1076,0.0,train,0.004198794811978274,0.9958012051880216,0,1,1
1077,1.0,train,0.15002882054202774,0.8499711794579723,0,1,1
1078,0.0,dev,9.028037703499036e-05,0.999909719622965,0,1,1
1079,0.0,train,0.000404481521941306,0.9995955184780587,0,1,1
1080,1.0,train,0.9996993836991123,0.0003006163008877654,1,1,1
1081,0.0,train,0.06278920377418666,0.9372107962258133,0,1,1
1082,0.0,train,0.1561049033345227,0.8438950966654774,0,1,1
1083,0.0,test,0.0627892090354936,0.9372107909645064,0,1,1
1084,0.0,train,0.06008664596619963,0.9399133540338004,0,1,1
1085,1.0,train,0.9999936607889923,6.339211007642474e-06,1,1,1
1086,0.0,train,0.0006166296590033435,0.9993833703409967,0,1,1
1087,1.0,train,0.8499711737573762,0.15002882624262381,1,1,1
1088,1.0,test,0.9999771719922543,2.2828007745695733e-05,1,1,1
1089,0.0,train,0.07696083093256621,0.9230391690674339,0,1,1
1090,0.0,test,0.0003682979849910536,0.9996317020150088,0,1,1
1091,1.0,train,0.9566342032451708,0.04336579675482914,1,1,1
1092,1.0,train,0.9979170296844685,0.002082970315531576,1,1,1
1093,0.0,train,0.00388447688030142,0.9961155231196986,0,1,1
1094,0.0,train,0.0003101561079942935,0.9996898438920057,0,1,1
1095,1.0,train,0.9999151889808645,8.481101913537846e-05,1,1,1
1096,1.0,train,0.9843363507426742,0.015663649257325905,1,1,1
1097,0.0,train,0.9790357597170969,0.020964240282903168,1,1,1
1098,0.0,train,0.060086648070103596,0.9399133519298963,0,1,1
1099,1.0,train,0.994445075841646,0.005554924158354119,1,1,1
1100,0.0,test,0.04535258345751103,0.9546474165424889,0,1,1
1101,0.0,test,0.028436035412016863,0.9715639645879832,0,1,1
1102,1.0,dev,0.9999963311362474,3.668863752599543e-06,1,1,1
1103,1.0,train,0.9999531611371788,4.6838862821171506e-05,1,1,1
1104,0.0,train,0.8175744828610095,0.18242551713899047,1,1,1
1105,1.0,test,0.9990600562885662,0.0009399437114339366,1,1,1
1106,0.0,test,1.6187588024196856e-05,0.9999838124119759,0,1,1
1107,1.0,train,0.9996749641762491,0.00032503582375089524,1,1,1
1108,1.0,test,0.007937995040178426,0.9920620049598216,0,1,1
1109,1.0,train,0.9886682442775134,0.011331755722486545,1,1,1
1110,0.0,train,0.010489090602632194,0.9895109093973677,0,1,1
1111,1.0,test,0.23370635157681105,0.7662936484231889,0,1,1
1112,0.0,train,0.5389832206876841,0.4610167793123159,1,1,1
1113,1.0,train,0.9688561667674652,0.03114383323253478,1,1,1
1114,0.0,dev,0.0007437028333234345,0.9992562971666766,0,1,1
1115,0.0,train,9.314591134277092e-05,0.9999068540886572,0,1,1
1116,1.0,train,0.9995487892861248,0.0004512107138752864,1,1,1
1117,1.0,train,0.6548947290421275,0.3451052709578724,1,1,1
1118,1.0,dev,0.9946150622427345,0.005384937757265528,1,1,1
1119,1.0,test,0.9981030800374904,0.001896919962509592,1,1,1
1120,0.0,train,0.00017952793658176732,0.9998204720634182,0,1,1
1121,1.0,train,0.7799929002541067,0.22000709974589314,1,1,1
1122,1.0,test,0.999982497068506,1.7502931493983746e-05,1,1,1
1123,1.0,train,0.795658095217705,0.20434190478229486,1,1,1
1124,0.0,train,0.01941934619618859,0.9805806538038113,0,1,1
1125,1.0,test,0.999997097689342,2.902310658047815e-06,1,1,1
1126,0.0,test,9.516251605542609e-06,0.9999904837483945,0,1,1
1127,0.0,dev,0.989510907821767,0.010489092178232984,1,1,1
1128,1.0,train,0.3702253925955866,0.6297746074044134,0,1,1
1129,0.0,train,0.0008426425079205021,0.9991573574920796,0,1,1
1130,1.0,train,0.9999986712223663,1.3287776337132993e-06,1,1,1
1131,1.0,train,0.12592275499444552,0.8740772450055544,0,1,1
1132,1.0,train,0.9999847931604418,1.520683955811756e-05,1,1,1
1133,1.0,train,0.9901401450419636,0.009859854958036499,1,1,1
1134,1.0,test,0.9615338093595319,0.03846619064046817,1,1,1
1135,0.0,train,1.6701426514341255e-05,0.9999832985734857,0,1,1
1136,0.0,train,0.0035936023613248724,0.9964063976386751,0,1,1
1137,1.0,train,0.9997800467077482,0.00021995329225190687,1,1,1
1138,0.0,train,0.7853085859124002,0.21469141408759984,1,1,1
1139,0.0,train,2.710880277936792e-05,0.9999728911972207,0,1,1
1140,1.0,train,0.9981897891715309,0.0018102108284691264,1,1,1
1141,0.0,train,0.00011959853639728507,0.9998804014636028,0,1,1
1142,0.0,train,0.6757646010190476,0.32423539898095244,1,1,1
1143,0.0,dev,3.705297436101323e-05,0.999962947025639,0,1,1
1144,0.0,train,0.0020829703881269455,0.997917029611873,0,1,1
1145,0.0,test,0.0011335688954172626,0.9988664311045826,0,1,1
1146,1.0,train,0.9998944531387655,0.00010554686123466625,1,1,1
1147,1.0,dev,0.9997965729818357,0.00020342701816438653,1,1,1
1148,1.0,train,0.9982453853435825,0.001754614656417465,1,1,1
1149,1.0,train,0.9643214519420273,0.03567854805797264,1,1,1
1150,0.0,train,0.056652420131623096,0.9433475798683768,0,1,1
1151,0.0,test,2.212567935733322e-05,0.9999778743206426,0,1,1
1152,0.0,train,0.0913821049230681,0.9086178950769319,0,1,1
1153,0.0,train,0.31742626558767584,0.682573734412324,0,1,1
1154,0.0,train,4.985958797783348e-05,0.9999501404120221,0,1,1
1155,0.0,train,0.9994642194010585,0.0005357805989415331,1,1,1
1156,1.0,dev,0.9850429164255846,0.01495708357441543,1,1,1
1157,1.0,train,0.9999977396754334,2.2603245665652278e-06,1,1,1
1158,0.0,train,6.893612657330171e-07,0.9999993106387342,0,1,1
1159,1.0,train,0.9822877022688095,0.017712297731190433,1,1,1
1160,0.0,train,0.5774953651858118,0.42250463481418826,1,1,1
1161,1.0,test,0.7490872187162397,0.2509127812837603,1,1,1
1162,1.0,train,0.9999443779316952,5.5622068304884776e-05,1,1,1
1163,0.0,train,0.008847353400561175,0.9911526465994388,0,1,1
1164,0.0,train,8.398073286351364e-06,0.9999916019267137,0,1,1
1165,0.0,train,9.570828835156336e-07,0.9999990429171165,0,1,1
1166,0.0,train,0.00600359677472967,0.9939964032252704,0,1,1
1167,0.0,train,0.9994887421922123,0.0005112578077878215,1,1,1
1168,0.0,train,2.046293505009587e-05,0.9999795370649499,0,1,1
1169,0.0,train,3.0415966286849463e-06,0.9999969584033713,0,1,1
1170,0.0,train,7.843789852590863e-05,0.9999215621014741,0,1,1
1171,1.0,train,0.9678992907365862,0.03210070926341382,1,1,1
1172,1.0,train,0.9967775155742865,0.003222484425713475,1,1,1
1173,0.0,train,0.007121427560414397,0.9928785724395857,0,1,1
1174,1.0,train,0.9997428580304395,0.0002571419695605488,1,1,1
1175,1.0,train,0.9848109499660843,0.015189050033915623,1,1,1
1176,0.0,train,0.06465348655397574,0.9353465134460243,0,1,1
1177,0.0,train,0.997676837901531,0.0023231620984689215,1,1,1
1178,0.0,dev,0.0017274589672106487,0.9982725410327893,0,1,1
1179,1.0,train,0.9996430294190501,0.0003569705809499566,1,1,1
1180,0.0,test,5.2252250204593827e-05,0.9999477477497953,0,1,1
1181,1.0,train,0.9988486001986829,0.0011513998013169793,1,1,1
1182,1.0,train,0.9999914696787725,8.530321227402948e-06,1,1,1
1183,1.0,train,0.999998732071959,1.267928040934447e-06,1,1,1
1184,1.0,train,0.9999850289193085,1.4971080691461662e-05,1,1,1
1185,0.0,train,6.205050024134484e-05,0.9999379494997587,0,1,1
1186,0.0,test,0.007815888587066444,0.9921841114129336,0,1,1
1187,1.0,train,0.8539127566694178,0.14608724333058223,1,1,1
1188,0.0,train,0.01826428015537724,0.9817357198446227,0,1,1
1189,1.0,train,0.19682619657611936,0.8031738034238807,0,1,1
1190,1.0,test,0.9989677691687596,0.0010322308312404231,1,1,1
1191,1.0,test,0.9572778033676288,0.04272219663237113,1,1,1
1192,1.0,train,0.9999922330491668,7.766950833209683e-06,1,1,1
1193,0.0,train,0.9999177981399989,8.220186000102448e-05,1,1,1
1194,0.0,test,0.025957354654703464,0.9740426453452966,0,1,1
1195,0.0,train,2.507158773050509e-05,0.9999749284122694,0,1,1
1196,0.0,train,0.9822877011993664,0.01771229880063355,1,1,1
1197,0.0,train,0.40356685373537454,0.5964331462646254,0,1,1
1198,0.0,train,0.0014550632037524545,0.9985449367962477,0,1,1
1199,0.0,train,0.8539127510928476,0.1460872489071524,1,1,1
1200,1.0,train,0.9997765835853403,0.000223416414659643,1,1,1
1201,1.0,train,0.11596072894699293,0.8840392710530071,0,1,1
1202,1.0,dev,0.9918120906125978,0.008187909387402204,1,1,1
1203,0.0,train,0.009412589865486466,0.9905874101345136,0,1,1
1204,1.0,train,0.003649987640853303,0.9963500123591467,0,1,1
1205,1.0,train,0.999144099286996,0.0008559007130041046,1,1,1
1206,0.0,train,0.002182716031556507,0.9978172839684436,0,1,1
1207,1.0,train,0.6926419958239132,0.30735800417608683,1,1,1
1208,0.0,test,0.0005033356073129774,0.999496664392687,0,1,1
1209,0.0,train,0.0016484831073870557,0.9983515168926128,0,1,1
1210,1.0,train,0.9999605574125547,3.944258744523137e-05,1,1,1
1211,1.0,test,0.9998665799519734,0.00013342004802670583,1,1,1
1212,1.0,train,0.07807817318956282,0.9219218268104371,0,1,1
1213,1.0,test,0.9999987901342068,1.2098657932470276e-06,1,1,1
1214,1.0,train,0.7185943925708561,0.28140560742914383,1,1,1
1215,1.0,train,0.9678992968711085,0.032100703128891496,1,1,1
1216,1.0,train,0.9884918499927899,0.011508150007210113,1,1,1
1217,1.0,train,0.9999720306868024,2.7969313197461224e-05,1,1,1
1218,0.0,dev,0.7057850278370112,0.29421497216298875,1,1,1
1219,0.0,train,0.9995694429605605,0.0004305570394394618,1,1,1
1220,0.0,train,0.015663650607110526,0.9843363493928895,0,1,1
1221,1.0,train,0.002757622941093906,0.9972423770589061,0,1,1
1222,1.0,train,0.10818896318842186,0.8918110368115783,0,1,1
1223,1.0,dev,0.9881308814222084,0.011869118577791597,1,1,1
1224,1.0,train,0.9674102542943773,0.03258974570562265,1,1,1
1225,1.0,train,0.9999407908150303,5.9209184969745265e-05,1,1,1
1226,1.0,dev,0.9449947062846397,0.055005293715360296,1,1,1
1227,0.0,dev,4.029456969144341e-06,0.9999959705430308,0,1,1
1228,1.0,train,0.9999559988196517,4.400118034832703e-05,1,1,1
1229,0.0,train,0.9149009607937928,0.08509903920620716,1,1,1
1230,0.0,train,1.018809317795659e-06,0.9999989811906821,0,1,1
1231,0.0,train,0.5312093733737563,0.46879062662624377,1,1,1
1232,1.0,train,0.9999830355660717,1.6964433928215522e-05,1,1,1
1233,0.0,train,0.003123648002445669,0.9968763519975543,0,1,1
1234,1.0,train,0.9925393553429779,0.007460644657022157,1,1,1
1235,0.0,train,0.3311197264277872,0.6688802735722128,0,1,1
1236,1.0,train,0.9902915240915781,0.009708475908421797,1,1,1
1237,1.0,train,0.9999782173400091,2.1782659991014005e-05,1,1,1
1238,1.0,train,0.004681822116385701,0.9953181778836143,0,1,1
1239,1.0,train,0.999998320268072,1.679731927926659e-06,1,1,1
1240,1.0,train,0.09534947261117097,0.904650527388829,0,1,1
1241,1.0,train,8.01349990632781e-06,0.9999919865000938,0,1,1
1242,0.0,train,0.002590979701379318,0.9974090202986207,0,1,1
1243,1.0,train,0.9999979738575532,2.026142446792294e-06,1,1,1
1244,1.0,train,0.998426887859518,0.0015731121404819047,1,1,1
1245,1.0,train,0.893309401793762,0.10669059820623795,1,1,1
1246,1.0,train,0.10374862825196195,0.896251371748038,0,1,1
1247,1.0,train,0.9996200155570601,0.00037998444293987335,1,1,1
1248,1.0,train,0.995531615884725,0.004468384115274838,1,1,1
1249,0.0,train,0.04672495398002743,0.9532750460199726,0,1,1
1250,1.0,train,0.990587410395023,0.009412589604977114,1,1,1
1251,1.0,train,0.9970650482212193,0.002934951778780794,1,1,1
1252,1.0,dev,0.9999509133767012,4.908662329878882e-05,1,1,1
1253,1.0,train,0.9407897492587141,0.05921025074128593,1,1,1
1254,0.0,test,7.843788829957353e-05,0.9999215621117005,0,1,1
1255,0.0,train,0.0002098830373919008,0.9997901169626082,0,1,1
1256,1.0,test,0.9960545933068564,0.0039454066931435975,1,1,1
1257,0.0,train,0.044018645787083276,0.9559813542129166,0,1,1
1258,0.0,train,0.000495535886675238,0.9995044641133247,0,1,1
1259,1.0,train,0.9046505254608136,0.09534947453918644,1,1,1
1260,1.0,train,0.9999768125211133,2.3187478886713674e-05,1,1,1
1261,0.0,test,0.9835969678745111,0.016403032125488794,1,1,1
1262,0.0,train,0.005730247151727388,0.9942697528482727,0,1,1
1263,1.0,train,0.9977829868987658,0.002217013101234102,1,1,1
1264,0.0,train,0.0002959569735337274,0.9997040430264662,0,1,1
1265,0.0,train,0.04672496260843418,0.9532750373915658,0,1,1
1266,0.0,train,0.9603611644443515,0.039638835555648504,1,1,1
1267,0.0,dev,0.0008295893597373898,0.9991704106402627,0,1,1
1268,1.0,dev,0.9999979738579817,2.026142018210104e-06,1,1,1
1269,0.0,train,0.33458944125318596,0.665410558746814,0,1,1
1270,0.0,dev,0.014063624408877203,0.9859363755911228,0,1,1
1271,0.0,train,0.00013765467624583686,0.9998623453237543,0,1,1
1272,0.0,train,0.014063626423394072,0.9859363735766059,0,1,1
1273,1.0,train,0.24220562325537975,0.7577943767446201,0,1,1
1274,0.0,train,0.0001233945704707451,0.9998766054295293,0,1,1
1275,0.0,train,0.010652509936724024,0.9893474900632759,0,1,1
1276,1.0,train,0.995318178473837,0.004681821526163072,1,1,1
1277,0.0,train,3.7266401032695758e-06,0.9999962733598967,0,1,1
1278,1.0,train,0.9597620532042572,0.04023794679574268,1,1,1
1279,1.0,train,0.9996540084165515,0.00034599158344847,1,1,1
1280,1.0,train,0.9995826842907005,0.0004173157092994715,1,1,1
1281,0.0,train,0.9273632966504671,0.07263670334953287,1,1,1
1282,0.0,train,0.9124361688107864,0.08756383118921365,1,1,1
1283,1.0,train,0.09009299029732812,0.9099070097026719,0,1,1
1284,1.0,train,0.9981324343745264,0.0018675656254735222,1,1,1
1285,1.0,dev,0.9986541398390375,0.0013458601609624128,1,1,1
1286,0.0,train,0.003027835249476623,0.9969721647505233,0,1,1
1287,1.0,train,0.8152324915965391,0.1847675084034608,1,1,1
1288,1.0,train,0.9999971426842705,2.857315729522851e-06,1,1,1
1289,0.0,train,0.027585285324571576,0.9724147146754284,0,1,1
1290,0.0,train,2.0462936222113908e-05,0.9999795370637778,0,1,1
1291,0.0,train,3.5356254495412284e-05,0.9999646437455045,0,1,1
1292,1.0,train,0.9843363481005423,0.015663651899457606,1,1,1
1293,1.0,train,0.9990452684730224,0.0009547315269774417,1,1,1
1294,0.0,train,0.0028009270919814614,0.9971990729080187,0,1,1
1295,1.0,test,0.9987551565908052,0.0012448434091948191,1,1,1
1296,1.0,train,0.9999980052712208,1.9947287791921575e-06,1,1,1
1297,1.0,train,0.9986749776579626,0.0013250223420374844,1,1,1
1298,1.0,train,0.0023596609100746996,0.9976403390899252,0,1,1
1299,1.0,test,0.986151389275679,0.013848610724321007,1,1,1
1300,1.0,train,0.9976403387994296,0.0023596612005703506,1,1,1
1301,1.0,train,0.8962513807543223,0.10374861924567771,1,1,1
1302,0.0,train,0.9748211570650018,0.025178842934998107,1,1,1
1303,0.0,train,0.9999775259144835,2.247408551651717e-05,1,1,1
1304,1.0,train,0.999948557802606,5.14421973940057e-05,1,1,1
1305,1.0,train,0.9999989969857441,1.0030142558828556e-06,1,1,1
1306,0.0,train,0.005384938690041807,0.9946150613099581,0,1,1
1307,1.0,train,0.9884918511793691,0.011508148820630896,1,1,1
1308,1.0,train,0.9799765565175591,0.020023443482440978,1,1,1
1309,1.0,dev,0.05500529061712816,0.9449947093828719,0,1,1
1310,0.0,train,0.00014425981021423177,0.9998557401897858,0,1,1
1311,1.0,train,0.9999840633791592,1.5936620840838704e-05,1,1,1
1312,0.0,train,1.1365640176347187e-06,0.9999988634359823,0,1,1
1313,1.0,train,0.9999982669484241,1.7330515759334976e-06,1,1,1
1314,1.0,train,0.9982178039949188,0.0017821960050812583,1,1,1
1315,0.0,dev,0.01744248486389521,0.9825575151361048,0,1,1
1316,0.0,train,0.9999901816734655,9.81832653446167e-06,1,1,1
1317,0.0,test,0.007815888413733147,0.992184111586267,0,1,1
1318,1.0,train,0.9999138534876648,8.614651233503225e-05,1,1,1
1319,1.0,train,0.9997507674745477,0.00024923252545225327,1,1,1
1320,0.0,train,0.0021157037623801183,0.9978842962376199,0,1,1
1321,1.0,train,0.003945406726083141,0.9960545932739169,0,1,1
1322,1.0,test,0.9920620043364189,0.007937995663581176,1,1,1
1323,1.0,train,0.9989994955423075,0.0010005044576924546,1,1,1
1324,1.0,train,0.9999840633831701,1.5936616829816213e-05,1,1,1
1325,0.0,train,0.33458944125318596,0.665410558746814,0,1,1
1326,1.0,train,0.9974090207294353,0.0025909792705647037,1,1,1
1327,0.0,train,0.0008559006813457186,0.9991440993186543,0,1,1
1328,1.0,train,0.9994966643095226,0.0005033356904773904,1,1,1
1329,1.0,train,0.9999982396567577,1.7603432422376947e-06,1,1,1
1330,0.0,train,0.9914225131607085,0.008577486839291468,1,1,1
1331,1.0,test,0.9912886141026991,0.008711385897301058,1,1,1
1332,1.0,train,0.9999919864983929,8.013501606980432e-06,1,1,1
1333,1.0,train,0.36658974324230986,0.6334102567576901,0,1,1
1334,1.0,train,0.9999987710816977,1.228918302370132e-06,1,1,1
1335,0.0,train,0.9207896710002323,0.07921032899976768,1,1,1
1336,0.0,train,0.01065251048637749,0.9893474895136225,0,1,1
1337,1.0,train,0.9999936607877407,6.339212259250931e-06,1,1,1
1338,1.0,dev,0.9999938558233106,6.144176689377801e-06,1,1,1
1339,0.0,train,0.021948255554156033,0.9780517444458441,0,1,1
1340,0.0,dev,6.681515467476756e-07,0.9999993318484534,0,1,1
1341,0.0,train,0.9833429592890559,0.016657040710944145,1,1,1
1342,1.0,train,0.9999910603033934,8.939696606604584e-06,1,1,1
1343,0.0,train,4.400116982735788e-05,0.9999559988301725,0,1,1
1344,0.0,dev,0.01048909096995015,0.9895109090300498,0,1,1
1345,1.0,dev,0.00048029712815986713,0.9995197028718402,0,1,1
1346,1.0,train,0.999157357694772,0.0008426423052279084,1,1,1
1347,0.0,train,0.9736446469626928,0.026355353037307228,1,1,1
1348,0.0,train,0.9284087975841903,0.07159120241580978,1,1,1
1349,1.0,train,5.173920803659474e-06,0.9999948260791963,0,1,1
1350,0.0,test,0.997603268755772,0.0023967312442279877,1,1,1
1351,,,0.0037654144205109927,0.996234585579489,0,1,1
1352,0.0,train,0.004755198790311409,0.9952448012096886,0,1,1
1353,1.0,test,0.999989870006795,1.0129993204985333e-05,1,1,1
1354,1.0,train,0.9999239751815515,7.602481844833965e-05,1,1,1
1355,1.0,train,0.9997546304818754,0.000245369518124635,1,1,1
1356,0.0,train,0.001674399559024486,0.9983256004409755,0,1,1
1357,1.0,train,0.9999885212337464,1.147876625360312e-05,1,1,1
1358,0.0,train,0.0600866476493228,0.9399133523506772,0,1,1
1359,1.0,train,0.9546474183166695,0.045352581683330416,1,1,1
1360,1.0,train,0.9998623454024266,0.00013765459757338343,1,1,1
1361,1.0,test,0.9863631626641255,0.013636837335874553,1,1,1
1362,0.0,train,0.7248702821204019,0.275129717879598,1,1,1
1363,0.0,train,0.989013056721729,0.01098694327827096,1,1,1
1364,1.0,train,0.9877587270730066,0.012241272926993518,1,1,1
1365,0.0,train,0.25386100696924885,0.746138993030751,0,1,1
1366,0.0,train,9.170193899246409e-05,0.9999082980610076,0,1,1
1367,1.0,train,0.010328153357020937,0.989671846642979,0,1,1
1368,0.0,dev,0.0002066298514349332,0.9997933701485651,0,1,1
1369,1.0,train,0.01186912244445531,0.9881308775555446,0,1,1
1370,0.0,train,0.01771230226822227,0.9822876977317777,0,1,1
1371,0.0,dev,0.0004655269291525089,0.9995344730708475,0,1,1
1372,0.0,train,0.0011160144301094331,0.9988839855698907,0,1,1
1373,1.0,train,0.49218813572079556,0.5078118642792044,0,1,1
1374,0.0,dev,0.9999239752008265,7.602479917351941e-05,1,1,1
1375,1.0,train,0.9999944056642769,5.594335723175683e-06,1,1,1
1376,1.0,dev,0.9857180631642195,0.01428193683578058,1,1,1
1377,1.0,test,0.9999971426843243,2.8573156756360815e-06,1,1,1
1378,1.0,train,0.9755769086144777,0.024423091385522427,1,1,1
1379,1.0,train,0.9957353644773022,0.004264635522697977,1,1,1
1380,0.0,train,2.190781411188924e-06,0.9999978092185888,0,1,1
1381,1.0,train,0.9995344730308705,0.00046552696912940847,1,1,1
1382,1.0,dev,0.9999955048186391,4.495181360818539e-06,1,1,1
1383,0.0,train,0.9951702787376366,0.004829721262363462,1,1,1
1384,1.0,train,0.8976952811593496,0.1023047188406505,1,1,1
1385,0.0,test,0.5698526514141571,0.4301473485858429,1,1,1
1386,0.0,train,2.40610253467216e-06,0.9999975938974655,0,1,1
1387,0.0,test,0.001548760979075005,0.9984512390209249,0,1,1
1388,0.0,train,0.42250463481418826,0.5774953651858118,0,1,1
1389,1.0,train,0.9998147743022245,0.0001852256977755722,1,1,1
1390,1.0,train,0.9865717440242211,0.013428255975778828,1,1,1
1391,1.0,train,0.9967775150642355,0.0032224849357644805,1,1,1
1392,0.0,train,0.010169656553883863,0.9898303434461161,0,1,1
1393,1.0,train,0.9995121427951337,0.0004878572048663956,1,1,1
1394,1.0,train,0.9999928167396044,7.183260395676747e-06,1,1,1
1395,1.0,train,0.746138993030751,0.25386100696924885,1,1,1
1396,0.0,train,0.0006263342000820943,0.9993736657999178,0,1,1
1397,0.0,train,0.0005274783899374509,0.9994725216100626,0,1,1
1398,0.0,test,0.5698526514141571,0.4301473485858429,1,1,1
1399,1.0,test,0.9999850289189286,1.4971081071400152e-05,1,1,1
1400,1.0,train,0.9999711428832305,2.8857116769519904e-05,1,1,1
1401,0.0,train,0.00159784552373198,0.9984021544762679,0,1,1
1402,1.0,train,0.9980429827964984,0.001957017203501729,1,1,1
1403,0.0,train,0.33458942798284697,0.6654105720171531,0,1,1
1404,0.0,train,0.0002131876553815976,0.9997868123446184,0,1,1
1405,1.0,train,0.9999893838654376,1.0616134562481827e-05,1,1,1
1406,1.0,train,0.9928785710040305,0.007121428995969497,1,1,1
1407,0.0,train,0.009859856758285403,0.9901401432417147,0,1,1
1408,0.0,train,0.00043733443283101566,0.9995626655671689,0,1,1
1409,1.0,test,0.9954615685928754,0.0045384314071245276,1,1,1
1410,1.0,dev,0.967410251945384,0.032589748054616015,1,1,1
1411,1.0,train,0.9999922330475934,7.766952406491842e-06,1,1,1
1412,1.0,train,0.9969721646661827,0.003027835333817219,1,1,1
1413,1.0,train,0.999998397188369,1.6028116310090282e-06,1,1,1
1414,1.0,train,0.9999907765341407,9.223465859168383e-06,1,1,1
1415,0.0,test,0.17553807362342935,0.8244619263765707,0,1,1
1416,1.0,train,0.9783846649526496,0.02161533504735041,1,1,1
1417,1.0,train,0.951142223628344,0.04885777637165613,1,1,1
1418,1.0,train,0.46879062662624377,0.5312093733737563,0,1,1
1419,1.0,train,0.24798742068237775,0.7520125793176222,0,1,1
1420,0.0,train,0.003222484682982594,0.9967775153170173,0,1,1
1421,1.0,train,0.046724956303059874,0.9532750436969402,0,1,1
1422,0.0,train,0.04023793888308902,0.959762061116911,0,1,1
1423,0.0,train,0.0002868542116527834,0.9997131457883472,0,1,1
1424,1.0,dev,0.9999960330144771,3.966985522864873e-06,1,1,1
1425,1.0,train,0.001648482681285762,0.9983515173187143,0,1,1
1426,1.0,train,0.9992791620673669,0.0007208379326332332,1,1,1
1427,0.0,train,0.9901401466603688,0.009859853339631195,1,1,1
1428,1.0,train,0.999941708728381,5.829127161889652e-05,1,1,1
1429,1.0,train,0.9875683496613418,0.012431650338658307,1,1,1
1430,0.0,train,0.9946150610954695,0.005384938904530494,1,1,1
1431,0.0,train,1.6701421288145738e-05,0.9999832985787117,0,1,1
1432,1.0,train,0.9999775259143003,2.2474085699656005e-05,1,1,1
1433,1.0,train,0.9985220569771774,0.0014779430228225798,1,1,1
1434,0.0,train,0.9626731156008578,0.037326884399142314,1,1,1
1435,0.0,train,8.851567671888949e-07,0.9999991148432329,0,1,1
1436,1.0,train,0.9994725215211927,0.000527478478807265,1,1,1
1437,0.0,train,0.0001376546634275114,0.9998623453365725,0,1,1
1438,1.0,train,0.9996698473812548,0.00033015261874531703,1,1,1
1439,0.0,train,0.05500529022984915,0.9449947097701509,0,1,1
1440,0.0,train,0.007460644401854315,0.9925393555981457,0,1,1
1441,0.0,train,0.0002913699250392373,0.9997086300749608,0,1,1
1442,1.0,train,0.9881308788225871,0.011869121177412827,1,1,1
1443,1.0,train,0.9999651918934326,3.4808106567351e-05,1,1,1
1444,1.0,train,0.9865717454060887,0.01342825459391129,1,1,1
1445,0.0,test,0.000755405601797754,0.9992445943982023,0,1,1
1446,1.0,test,0.998132433824196,0.0018675661758039126,1,1,1
1447,0.0,train,8.186361143028356e-07,0.9999991813638858,0,1,1
1448,0.0,train,0.0021489489001891462,0.9978510510998109,0,1,1
1449,0.0,train,0.9184802412359966,0.08151975876400347,1,1,1
1450,0.0,test,0.2598256379609837,0.7401743620390163,0,1,1
1451,0.0,train,0.05749327637800237,0.9425067236219976,0,1,1
1452,1.0,train,0.9669140206578809,0.03308597934211908,1,1,1
1453,0.0,train,0.016152837367827938,0.9838471626321722,0,1,1
1454,0.0,train,0.12940274334274968,0.8705972566572503,0,1,1
1455,1.0,train,0.992184111391267,0.007815888608733106,1,1,1
1456,0.0,train,0.06656919174827482,0.9334308082517252,0,1,1
1457,1.0,train,0.9989994955395151,0.0010005044604850355,1,1,1
1458,0.0,train,0.009859855485382102,0.990140144514618,0,1,1
1459,1.0,train,0.9999715902647134,2.8409735286553607e-05,1,1,1
1460,0.0,dev,0.001410358281508062,0.998589641718492,0,1,1
1461,0.0,train,0.10669060246682488,0.8933093975331751,0,1,1
1462,0.0,train,0.7217431943271999,0.2782568056728001,1,1,1
1463,1.0,train,0.9983515173708274,0.0016484826291726614,1,1,1
1464,0.0,train,0.8289388125473628,0.17106118745263715,1,1,1
1465,1.0,train,0.45713671682749485,0.5428632831725052,0,1,1
1466,0.0,train,0.0005527787233647546,0.9994472212766353,0,1,1
1467,1.0,train,0.9997546305115184,0.0002453694884816793,1,1,1
1468,0.0,train,0.00031015612532024167,0.9996898438746799,0,1,1
1469,1.0,train,0.23651623644570763,0.7634837635542924,0,1,1
1470,0.0,train,0.2120688093369431,0.787931190663057,0,1,1
1471,1.0,train,0.9999988088913955,1.1911086045998198e-06,1,1,1
1472,1.0,train,0.9998840806114224,0.00011591938857754317,1,1,1
1473,0.0,train,0.9196425355825848,0.08035746441741523,1,1,1
1474,1.0,train,0.17106119167858438,0.8289388083214156,0,1,1
1475,1.0,train,0.25091278688527247,0.7490872131147275,0,1,1
1476,1.0,dev,0.07369627377496736,0.9263037262250325,0,1,1
1477,1.0,test,0.9999933565634829,6.643436517168366e-06,1,1,1
1478,1.0,train,0.9971990731967583,0.002800926803241591,1,1,1
1479,1.0,train,0.18010665968560707,0.8198933403143929,0,1,1
1480,1.0,train,0.9995044639928167,0.0004955360071833637,1,1,1
1481,0.0,test,4.069458487794453e-05,0.999959305415122,0,1,1
1482,1.0,train,0.9890130586445225,0.010986941355477658,1,1,1
1483,0.0,train,0.08151975318543447,0.9184802468145654,0,1,1
1484,1.0,train,0.9998390691331287,0.00016093086687123578,1,1,1
1485,1.0,train,0.9999516743730975,4.8325626902357536e-05,1,1,1
1486,1.0,train,0.9930961625481532,0.006903837451846775,1,1,1
1487,0.0,train,0.005469273889486999,0.9945307261105131,0,1,1
1488,1.0,train,0.99953447315936,0.0004655268406399819,1,1,1
1489,0.0,test,0.0014103586907416744,0.9985896413092584,0,1,1
1490,1.0,train,0.002396731364474116,0.9976032686355258,0,1,1
1491,0.0,train,6.240929228058331e-06,0.9999937590707718,0,1,1
1492,1.0,dev,0.8902942261220291,0.10970577387797074,1,1,1
1493,0.0,train,4.8325648808338065e-05,0.9999516743511916,0,1,1
1494,1.0,test,0.9999979419501756,2.058049824543969e-06,1,1,1
1495,1.0,train,0.795658104908603,0.2043418950913969,1,1,1
1496,0.0,train,0.06754668738548215,0.9324533126145177,0,1,1
1497,1.0,dev,0.6442250928250376,0.3557749071749625,1,1,1
1498,0.0,train,0.9982725413748764,0.00172745862512366,1,1,1
1499,1.0,train,0.9999605574043497,3.9442595650314926e-05,1,1,1
1500,0.0,test,0.000310156072187337,0.9996898439278128,0,1,1
1501,1.0,train,0.999997357414218,2.6425857820804336e-06,1,1,1
1502,0.0,train,1.3420007455658975e-05,0.9999865799925445,0,1,1
1503,1.0,train,0.9905874116888859,0.009412588311114104,1,1,1
1504,1.0,test,0.9999611688864697,3.8831113530271265e-05,1,1,1
1505,0.0,train,0.004681822411497043,0.995318177588503,0,1,1
1506,1.0,train,0.9999971426843094,2.8573156906046287e-06,1,1,1
1507,0.0,train,0.0007672925356750597,0.9992327074643249,0,1,1
1508,0.0,train,0.0010162440448499733,0.9989837559551499,0,1,1
1509,1.0,train,0.9999274563657757,7.25436342242179e-05,1,1,1
1510,,,6.85431505399831e-06,0.999993145684946,0,1,1
1511,0.0,train,0.6859494678483918,0.3140505321516081,1,1,1
1512,1.0,dev,0.9950177290968651,0.004982270903134835,1,1,1
1513,1.0,dev,0.9999958426372104,4.157362789495202e-06,1,1,1
1514,1.0,train,0.9995826842298041,0.00041731577019580836,1,1,1
1515,0.0,test,0.0002269338029804412,0.9997730661970194,0,1,1
1516,1.0,train,0.8267117855317474,0.1732882144682526,1,1,1
1517,1.0,train,0.9884918535631215,0.011508146436878365,1,1,1
1518,0.0,train,0.9073122169746364,0.09268778302536365,1,1,1
1519,1.0,train,0.9845754514823598,0.015424548517640163,1,1,1
1520,1.0,train,0.9997730660361142,0.00022693396388591395,1,1,1
1521,1.0,train,0.9597620588150483,0.04023794118495175,1,1,1
1522,1.0,train,0.9828232881262263,0.01717671187377361,1,1,1
1523,0.0,train,0.011869120740501655,0.9881308792594983,0,1,1
1524,0.0,train,7.254362322937834e-05,0.9999274563767707,0,1,1
1525,1.0,train,0.9972850151185421,0.0027149848814579138,1,1,1
1526,1.0,train,0.5,0.5,1,1,1
1527,1.0,train,0.999817645327869,0.00018235467213103312,1,1,1
1528,0.0,train,0.9653811650203425,0.0346188349796575,1,1,1
1529,0.0,train,0.0003250358058966221,0.9996749641941034,0,1,1
1530,0.0,test,0.1329642419157059,0.8670357580842941,0,1,1
1531,0.0,train,1.0845164598249826e-06,0.9999989154835403,0,1,1
1532,0.0,train,0.9940889320193674,0.005911067980632537,1,1,1
1533,1.0,dev,0.16667540054859167,0.8333245994514084,0,1,1
1534,1.0,train,0.99999894884984,1.0511501601073788e-06,1,1,1
1535,0.0,train,0.0013045068650155269,0.9986954931349845,0,1,1
1536,0.0,train,2.0261429029717856e-06,0.9999979738570971,0,1,1
1537,1.0,train,0.9997584336351927,0.00024156636480735611,1,1,1
1538,1.0,train,0.9999263140532908,7.368594670916225e-05,1,1,1
1539,1.0,test,0.9961155242080001,0.0038844757919998347,1,1,1
1540,0.0,train,0.0006667021888664168,0.9993332978111337,0,1,1
1541,1.0,dev,0.9997834558733346,0.00021654412666524095,1,1,1
1542,1.0,train,0.9997868123791086,0.0002131876208915046,1,1,1
1543,1.0,train,0.9999961550637108,3.844936289218915e-06,1,1,1
1544,1.0,dev,0.9740426436499009,0.025957356350099027,1,1,1
1545,0.0,train,0.8887587875995483,0.11124121240045177,1,1,1
1546,1.0,dev,0.9996749640330366,0.00032503596696338447,1,1,1
1547,0.0,train,0.0032730643022452414,0.9967269356977547,0,1,1
1548,1.0,train,0.9993638086910569,0.0006361913089430048,1,1,1
1549,0.0,test,6.605213673509209e-05,0.999933947863265,0,1,1
1550,1.0,train,0.9999942280797306,5.7719202693725584e-06,1,1,1
1551,1.0,dev,0.9997346976088983,0.0002653023911017394,1,1,1
1552,1.0,train,0.9773707975363782,0.02262920246362174,1,1,1
1553,0.0,train,0.6261241772283034,0.37387582277169656,1,1,1
1554,1.0,train,0.33807711081161995,0.6619228891883799,0,1,1
1555,0.0,train,1.2289188537417782e-06,0.9999987710811463,0,1,1
1556,1.0,train,0.47657965106367595,0.523420348936324,0,1,1
1557,0.0,train,0.9985674633470044,0.0014325366529956876,1,1,1
1558,1.0,train,0.7577943712746406,0.24220562872535945,1,1,1
1559,1.0,train,0.9988664307602815,0.0011335692397186085,1,1,1
1560,1.0,train,0.9982178035119496,0.001782196488050558,1,1,1
1561,0.0,train,0.08035747708119237,0.9196425229188077,0,1,1
1562,1.0,dev,0.9998706843027281,0.00012931569727195065,1,1,1
1563,1.0,test,0.9995197027239627,0.00048029727603712846,1,1,1
1564,1.0,train,0.5117166047041654,0.4882833952958347,1,1,1
1565,1.0,train,0.9999706884533158,2.9311546684079497e-05,1,1,1
1566,1.0,train,0.9995121429687249,0.0004878570312749399,1,1,1
1567,1.0,train,0.37754066879814546,0.6224593312018546,0,1,1
1568,1.0,train,0.9999097196499104,9.028035008973813e-05,1,1,1
1569,1.0,dev,0.640635854839898,0.35936414516010196,1,1,1
1570,1.0,dev,0.007345825542233145,0.9926541744577668,0,1,1
1571,0.0,train,0.1403362440969662,0.8596637559030337,0,1,1
1572,0.0,train,0.003538086529904083,0.9964619134700959,0,1,1
1573,0.0,train,0.8267117962054049,0.17328820379459514,1,1,1
1574,0.0,train,0.9973683254677723,0.0026316745322277463,1,1,1
1575,1.0,train,0.9999988984045016,1.1015954982454246e-06,1,1,1
1576,0.0,train,0.01302049016171637,0.9869795098382838,0,1,1
1577,1.0,train,0.9441768565092026,0.05582314349079732,1,1,1
1578,0.0,train,0.9973683256914427,0.0026316743085571187,1,1,1
1579,1.0,train,0.9999903338909166,9.66610908342845e-06,1,1,1
1580,0.0,train,0.0003569707201157188,0.9996430292798842,0,1,1
1581,0.0,train,5.4759790304977767e-05,0.999945240209695,0,1,1
1582,0.0,test,8.939699485204356e-06,0.9999910603005149,0,1,1
1583,1.0,train,0.9999986712229412,1.3287770588858655e-06,1,1,1
1584,1.0,train,0.9883127407349328,0.01168725926506723,1,1,1
1585,1.0,train,0.999997357413017,2.6425869830942322e-06,1,1,1
1586,0.0,train,0.6619228691808011,0.33807713081919877,1,1,1
1587,0.0,train,0.06853749493457365,0.9314625050654263,0,1,1
1588,0.0,train,0.999420708300423,0.0005792916995771406,1,1,1
1589,1.0,train,0.9999720306987193,2.796930128062993e-05,1,1,1
1590,0.0,train,0.7310585727705126,0.2689414272294874,1,1,1
1591,1.0,train,0.9999921107342763,7.889265723581348e-06,1,1,1
1592,1.0,test,0.9732407154562968,0.026759284543703157,1,1,1
1593,1.0,train,0.9999953621253533,4.6378746466065245e-06,1,1,1
1594,1.0,train,0.9944450757490414,0.0055549242509585085,1,1,1
1595,0.0,train,0.009412588753979946,0.99058741124602,0,1,1
1596,1.0,dev,0.9702399074523891,0.029760092547610976,1,1,1
1597,0.0,train,0.002182716652239547,0.9978172833477604,0,1,1
1598,0.0,train,0.0018102110093742628,0.9981897889906257,0,1,1
1599,0.0,train,0.3923368301671084,0.6076631698328917,0,1,1
1600,0.0,train,0.16026603633858205,0.8397339636614178,0,1,1
1601,1.0,train,0.9928785725844582,0.007121427415541881,1,1,1
1602,0.0,train,8.714337733596296e-07,0.9999991285662266,0,1,1
1603,,,0.916109618742801,0.08389038125719896,1,1,1
1604,1.0,dev,0.22270014398423357,0.7772998560157665,0,1,1
1605,1.0,test,0.9597620543551889,0.040237945644811146,1,1,1
1606,0.0,train,0.08269734832693713,0.9173026516730629,0,1,1
1607,1.0,train,0.9999493552670784,5.0644732921496e-05,1,1,1
1608,0.0,train,0.0008693672439580342,0.9991306327560421,0,1,1
1609,1.0,train,0.9925393548326421,0.007460645167357863,1,1,1
1610,1.0,train,0.06560483289180075,0.9343951671081994,0,1,1
1611,1.0,train,0.9867771789038962,0.0132228210961038,1,1,1
1612,1.0,train,0.99253935499126,0.0074606450087400045,1,1,1
1613,0.0,train,1.1478768073628785e-05,0.9999885212319263,0,1,1
1614,1.0,train,0.9991030607168057,0.0008969392831942956,1,1,1
1615,1.0,train,0.0019267347743666349,0.9980732652256334,0,1,1
1616,0.0,train,0.0035936023146380092,0.996406397685362,0,1,1
1617,1.0,train,0.9999845536925235,1.544630747652171e-05,1,1,1
1618,0.0,dev,0.9046505440982949,0.09534945590170514,1,1,1
1619,1.0,train,0.9932024682609967,0.006797531739003224,1,1,1
1620,1.0,dev,0.9999879703594534,1.2029640546592919e-05,1,1,1
1621,1.0,train,0.9991169541012717,0.0008830458987283573,1,1,1
1622,1.0,train,0.9873750498128978,0.012624950187102114,1,1,1
1623,0.0,train,0.970239909173439,0.029760090826560913,1,1,1
1624,0.0,test,0.00026947910286893883,0.9997305208971311,0,1,1
1625,0.0,train,1.406403860523597e-05,0.9999859359613947,0,1,1
1626,0.0,train,0.001477942636614151,0.9985220573633858,0,1,1
1627,0.0,train,0.0007554058126962361,0.9992445941873038,0,1,1
1628,1.0,train,0.0803574721258011,0.9196425278741989,0,1,1
1629,1.0,train,0.9992678187867184,0.0007321812132816287,1,1,1
1630,0.0,train,0.00028240800542207376,0.999717591994578,0,1,1
1631,1.0,train,0.9999683067313812,3.1693268618872625e-05,1,1,1
1632,0.0,train,0.5467381519846138,0.45326184801538616,1,1,1
1633,1.0,train,0.7248702702332475,0.2751297297667525,1,1,1
1634,1.0,train,0.9811668712453852,0.018833128754614906,1,1,1
1635,1.0,train,0.9999967112494778,3.2887505222413007e-06,1,1,1
1636,1.0,train,0.9988120942230013,0.0011879057769986785,1,1,1
1637,0.0,train,0.9997468436078136,0.00025315639218632447,1,1,1
1638,1.0,dev,0.9999963880161031,3.6119838967876266e-06,1,1,1
1639,1.0,train,0.9790357608640061,0.020964239135993927,1,1,1
1640,1.0,train,0.9525741231199173,0.04742587688008271,1,1,1
1641,0.0,dev,0.06278921473524325,0.9372107852647568,0,1,1
1642,1.0,dev,0.9999984465023406,1.5534976594675678e-06,1,1,1
1643,0.0,dev,0.005641907726754232,0.9943580922732459,0,1,1
1644,1.0,train,0.999802830574825,0.00019716942517509145,1,1,1
1645,1.0,train,0.9999792148362407,2.0785163759217305e-05,1,1,1
1646,1.0,train,0.9787126499140446,0.021287350085955337,1,1,1
1647,0.0,train,0.9621075766298656,0.03789242337013433,1,1,1
1648,0.0,train,0.0008969391817915492,0.9991030608182084,0,1,1
1649,0.0,train,0.0013250226735499273,0.9986749773264502,0,1,1
1650,1.0,train,0.9997730662312503,0.00022693376874974476,1,1,1
1651,1.0,train,0.9999702268772456,2.977312275436092e-05,1,1,1
1652,0.0,train,1.3846010121464198e-05,0.9999861539898784,0,1,1
1653,1.0,train,0.9998804014531059,0.00011959854689404894,1,1,1
1654,1.0,train,0.9991573577198636,0.0008426422801363722,1,1,1
1655,0.0,dev,0.9833429607840141,0.016657039215985957,1,1,1
1656,0.0,train,4.198629478604001e-05,0.999958013705214,0,1,1
1657,1.0,train,0.9901401444327883,0.009859855567211594,1,1,1
1658,0.0,train,0.9998746625204225,0.00012533747957751374,1,1,1
1659,1.0,train,0.9999879703555855,1.2029644414547033e-05,1,1,1
1660,0.0,train,1.165953018454908e-05,0.9999883404698154,0,1,1
1661,0.0,dev,0.973240718560891,0.02675928143910895,1,1,1
1662,0.0,train,0.00723276306787432,0.9927672369321255,0,1,1
1663,1.0,train,0.9999974387185416,2.561281458471511e-06,1,1,1
1664,1.0,train,0.9999982119360868,1.7880639131114703e-06,1,1,1
1665,0.0,train,0.9845754446368303,0.015424555363169735,1,1,1
1666,0.0,train,0.0001767451255956582,0.9998232548744044,0,1,1
1667,1.0,train,0.9994472212352155,0.0005527787647844794,1,1,1
1668,0.0,train,0.40356685373537454,0.5964331462646254,0,1,1
1669,0.0,train,2.225281766189752e-06,0.9999977747182339,0,1,1
1670,1.0,train,0.999991986501952,8.013498048017729e-06,1,1,1
1671,1.0,train,0.9999951395523713,4.860447628813146e-06,1,1,1
1672,1.0,train,0.48438008427698437,0.5156199157230156,0,1,1
1673,0.0,train,0.07696083093256621,0.9230391690674339,0,1,1
1674,0.0,train,0.00012148174420808735,0.999878518255792,0,1,1
1675,1.0,dev,0.1847675084034608,0.8152324915965391,0,1,1
1676,1.0,train,0.9999711428939265,2.8857106073467404e-05,1,1,1
1677,0.0,train,0.0004583128562643216,0.9995416871437356,0,1,1
1678,1.0,train,0.9999955745112263,4.425488773591267e-06,1,1,1
1679,0.0,train,2.7264705652450465e-06,0.9999972735294347,0,1,1
1680,1.0,train,0.9995197027406172,0.000480297259382771,1,1,1
1681,1.0,train,0.9964063971034436,0.003593602896556448,1,1,1
1682,1.0,train,0.9919380091792677,0.008061990820732312,1,1,1
1683,1.0,train,0.28457599208146817,0.7154240079185319,0,1,1
1684,1.0,test,0.9999964991461512,3.500853848719774e-06,1,1,1
1685,0.0,train,0.010328151491199594,0.9896718485088003,0,1,1
1686,0.0,train,0.0031726826834327006,0.9968273173165674,0,1,1
1687,1.0,train,0.9999983202690135,1.6797309865674942e-06,1,1,1
1688,0.0,train,5.805001567204781e-07,0.9999994194998433,0,1,1
1689,1.0,train,0.9988304898622308,0.0011695101377691753,1,1,1
1690,1.0,train,0.9984268878350168,0.0015731121649833046,1,1,1
1691,1.0,train,0.9999706884560968,2.931154390312594e-05,1,1,1
1692,1.0,train,0.9988664308082621,0.0011335691917378633,1,1,1
1693,1.0,train,0.6992544335934766,0.30074556640652345,1,1,1
1694,0.0,train,0.996570396285991,0.0034296037140090236,1,1,1
1695,1.0,train,0.8840392710530071,0.11596072894699293,1,1,1
1696,1.0,train,0.9999605574126604,3.944258733962594e-05,1,1,1
1697,0.0,train,0.022286185458053238,0.9777138145419468,0,1,1
1698,1.0,train,0.0001195985580033571,0.9998804014419965,0,1,1
1699,0.0,dev,0.0159063953272446,0.9840936046727554,0,1,1
1700,0.0,test,0.00037998448362154145,0.9996200155163784,0,1,1
1701,1.0,train,0.4301473485858429,0.5698526514141571,0,1,1
1702,0.0,train,0.6150878555160665,0.38491214448393346,1,1,1
1703,1.0,dev,0.9999934595613614,6.540438638573328e-06,1,1,1
1704,1.0,train,0.9999869928706903,1.300712930989067e-05,1,1,1
1705,0.0,train,0.5,0.5,1,1,1
1706,1.0,train,0.9959298621179958,0.004070137882004175,1,1,1
1707,0.0,train,0.0035380864773690195,0.996461913522631,0,1,1
1708,1.0,train,0.9999263140565331,7.368594346685177e-05,1,1,1
1709,0.0,train,2.813016362790866e-06,0.9999971869836372,0,1,1
1710,1.0,dev,0.999931851270411,6.81487295890602e-05,1,1,1
1711,0.0,test,0.10087863219102594,0.8991213678089741,0,1,1
1712,1.0,train,0.9999989811902797,1.018809720222143e-06,1,1,1
1713,1.0,train,0.9999749284155908,2.507158440908869e-05,1,1,1
1714,0.0,train,0.044680872180795646,0.9553191278192044,0,1,1
1715,0.0,train,0.15002881674163046,0.8499711832583695,0,1,1
1716,1.0,train,0.9985449373097722,0.0014550626902277918,1,1,1
1717,0.0,train,0.19436782035217445,0.8056321796478255,0,1,1
1718,1.0,train,0.9999983202679965,1.679732003603042e-06,1,1,1
1719,1.0,train,0.001432536642670808,0.9985674633573292,0,1,1
1720,0.0,train,0.9059898108646849,0.09401018913531517,1,1,1
1721,0.0,test,0.9973269939833493,0.0026730060166506044,1,1,1
1722,0.0,train,0.9999845536967275,1.5446303272426348e-05,1,1,1
1723,0.0,train,9.818324679385148e-06,0.9999901816753207,0,1,1
1724,1.0,train,0.35936414516010196,0.640635854839898,0,1,1
1725,0.0,train,0.03676946897828691,0.9632305310217131,0,1,1
1726,1.0,dev,0.49218813572079556,0.5078118642792044,0,1,1
1727,1.0,train,0.999915188932529,8.48110674709795e-05,1,1,1
1728,0.0,train,0.010818449828906063,0.9891815501710939,0,1,1
1729,1.0,train,0.00031999831676796477,0.9996800016832319,0,1,1
1730,1.0,dev,0.9999930377414682,6.962258531717803e-06,1,1,1
1731,1.0,train,0.9999927036234101,7.296376589889574e-06,1,1,1
1732,1.0,test,0.9999960330137992,3.966986200810914e-06,1,1,1
1733,0.0,train,0.10230470105015517,0.8976952989498449,0,1,1
1734,1.0,test,0.9964619137820228,0.003538086217977153,1,1,1
1735,1.0,train,0.7279754489059775,0.2720245510940225,1,1,1
1736,0.0,dev,0.9399133531922388,0.060086646807761206,1,1,1
1737,1.0,train,0.3960681662740417,0.6039318337259583,0,1,1
1738,1.0,train,0.9999961550658024,3.8449341975483535e-06,1,1,1
1739,0.0,train,0.9688561691280021,0.031143830871997992,1,1,1
1740,1.0,train,0.9999845536951739,1.544630482603545e-05,1,1,1
1741,1.0,train,0.9999733114589194,2.6688541080480628e-05,1,1,1
1742,1.0,train,0.837619961306541,0.16238003869345893,1,1,1
1743,1.0,train,0.9999949062936716,5.0937063285455715e-06,1,1,1
1744,0.0,test,0.26284184314569564,0.7371581568543043,0,1,1
1745,0.0,dev,0.9905874104123901,0.009412589587609823,1,1,1
1746,0.0,train,0.015424552760736654,0.9845754472392633,0,1,1
1747,0.0,dev,0.9372107900876218,0.06278920991237814,1,1,1
1748,1.0,dev,0.9999389114651545,6.108853484559884e-05,1,1,1
1749,1.0,test,0.9999962733594993,3.7266405006637303e-06,1,1,1
1750,0.0,dev,0.38861802670584894,0.6113819732941511,0,1,1
1751,1.0,train,0.9658995710974344,0.03410042890256553,1,1,1
1752,0.0,train,0.9441768612215684,0.05582313877843163,1,1,1
1753,0.0,test,0.0004802972050605083,0.9995197027949395,0,1,1
1754,1.0,dev,0.031143829073493882,0.9688561709265061,0,1,1
1755,0.0,train,0.6926419704455589,0.3073580295544412,1,1,1
1756,1.0,train,0.91964253282959,0.08035746717041012,1,1,1
1757,0.0,train,0.0609751817181637,0.9390248182818363,0,1,1
1758,0.0,train,0.999116954095109,0.0008830459048909149,1,1,1
1759,1.0,train,0.9996200154454509,0.0003799845545491561,1,1,1
1760,1.0,train,0.99999091952692,9.08047308004426e-06,1,1,1
1761,1.0,train,0.9999810748521086,1.8925147891332524e-05,1,1,1
1762,1.0,train,0.9999906312837051,9.368716294824896e-06,1,1,1
1763,0.0,train,0.6893056104028799,0.3106943895971202,1,1,1
1764,0.0,train,1.3211962560038572e-05,0.9999867880374399,0,1,1
1765,1.0,train,0.9664104950754615,0.03358950492453849,1,1,1
1766,1.0,train,0.9972850143746517,0.0027149856253482455,1,1,1
1767,1.0,test,0.9999804741105908,1.9525889409272014e-05,1,1,1
1768,1.0,train,0.9978842965649979,0.0021157034350022014,1,1,1
1769,0.0,train,0.46879062662624377,0.5312093733737563,0,1,1
1770,0.0,train,0.0016743994734007611,0.9983256005265994,0,1,1
1771,0.0,dev,0.00757724269655135,0.9924227573034486,0,1,1
1772,0.0,test,0.020023439754365376,0.9799765602456346,0,1,1
1773,1.0,train,0.999977171997168,2.2828002832035705e-05,1,1,1
1774,0.0,train,0.0004373344727289053,0.9995626655272711,0,1,1
1775,0.0,dev,0.0010817152929790378,0.998918284707021,0,1,1
1776,0.0,train,0.33111974622959367,0.6688802537704063,0,1,1
1777,1.0,train,0.6926419767901475,0.3073580232098525,1,1,1
1778,0.0,train,0.00021995327166926562,0.9997800467283307,0,1,1
1779,1.0,train,0.9997800466266463,0.00021995337335367596,1,1,1
1780,0.0,train,0.043365795982107,0.956634204017893,0,1,1
1781,0.0,train,0.0005703157240653752,0.9994296842759346,0,1,1
1782,1.0,train,0.9998785182090714,0.00012148179092869924,1,1,1
1783,1.0,dev,0.999817645360513,0.00018235463948697577,1,1,1
1784,0.0,dev,2.4682910568171945e-05,0.9999753170894319,0,1,1
1785,1.0,train,0.9999854895165213,1.451048347878919e-05,1,1,1
1786,0.0,dev,4.710908922571521e-06,0.9999952890910774,0,1,1
1787,1.0,train,0.9835969699781416,0.016403030021858313,1,1,1
1788,0.0,test,0.9059898254600903,0.09401017453990976,1,1,1
1789,0.0,test,0.42250463481418826,0.5774953651858118,0,1,1
1790,0.0,test,0.030214589578009935,0.96978541042199,0,1,1
1791,1.0,train,0.9999977396747096,2.2603252904519766e-06,1,1,1
1792,0.0,train,0.975946449554205,0.024053550445795126,1,1,1
1793,1.0,train,0.9953181776579408,0.004681822342059078,1,1,1
1794,0.0,train,0.0002868541918890736,0.999713145808111,0,1,1
1795,1.0,train,0.9997507673936175,0.0002492326063825031,1,1,1
1796,1.0,test,0.9997800465968475,0.00021995340315243957,1,1,1
1797,1.0,train,0.9978172837159107,0.002182716284089291,1,1,1
1798,0.0,dev,0.5813030906443133,0.41869690935568665,1,1,1
1799,1.0,train,0.9972850148688975,0.0027149851311024428,1,1,1
1800,0.0,train,0.03789242418500257,0.9621075758149975,0,1,1
1801,1.0,train,0.1441488585478077,0.8558511414521923,0,1,1
1802,0.0,train,0.00985985544901344,0.9901401445509865,0,1,1
1803,0.0,test,0.0017274585367913497,0.9982725414632087,0,1,1
1804,1.0,dev,0.9987355780856453,0.0012644219143547624,1,1,1
1805,0.0,train,0.3629691917376782,0.6370308082623217,0,1,1
1806,1.0,train,0.9999559987970935,4.4001202906440755e-05,1,1,1
1807,1.0,dev,0.9926541724204432,0.007345827579556801,1,1,1
1808,0.0,train,0.1480472055495773,0.8519527944504226,0,1,1
1809,1.0,train,0.8933094159957173,0.10669058400428263,1,1,1
1810,0.0,train,0.005139612240457225,0.9948603877595429,0,1,1
1811,1.0,train,0.9999916019269159,8.398073083976537e-06,1,1,1
1812,0.0,dev,0.003273065201582597,0.9967269347984173,0,1,1
1813,0.0,train,0.9999941371883776,5.862811622393497e-06,1,1,1
1814,0.0,dev,0.6334102636778401,0.3665897363221599,1,1,1
1815,0.0,train,0.0008167381654689816,0.999183261834531,0,1,1
1816,1.0,train,0.9918120906806661,0.00818790931933388,1,1,1
1817,1.0,train,0.9929882034772387,0.007011796522761207,1,1,1
1818,1.0,train,0.9999824970704153,1.750292958477726e-05,1,1,1
1819,0.0,train,0.9985896413427052,0.0014103586572946918,1,1,1
1820,0.0,dev,8.61464788017077e-05,0.9999138535211982,0,1,1
1821,1.0,train,0.9993436270918145,0.0006563729081854757,1,1,1
1822,1.0,train,0.9941800396936533,0.005819960306346735,1,1,1
1823,1.0,dev,0.9999852610144051,1.473898559487144e-05,1,1,1
1824,1.0,train,0.9579122728353316,0.04208772716466829,1,1,1
1825,0.0,dev,0.000261190202365071,0.999738809797635,0,1,1
1826,0.0,train,0.013222822286987755,0.9867771777130123,0,1,1
1827,0.0,train,0.0014550632199903913,0.9985449367800096,0,1,1
1828,0.0,train,0.8723473879530492,0.12765261204695083,1,1,1
1829,1.0,test,0.9833429602653551,0.016657039734644902,1,1,1
1830,0.0,train,0.12940272151925927,0.8705972784807408,0,1,1
1831,1.0,train,0.9999082979878229,9.170201217708312e-05,1,1,1
1832,0.0,train,0.22815649166448124,0.7718435083355187,0,1,1
1833,1.0,train,0.9808759611876467,0.019124038812353222,1,1,1
1834,1.0,train,0.9999845536929028,1.5446307097110146e-05,1,1,1
1835,1.0,train,0.9999227780960779,7.72219039221324e-05,1,1,1
1836,0.0,train,0.8333245994514084,0.16667540054859167,1,1,1
1837,0.0,train,0.00020988302019425638,0.9997901169798057,0,1,1
1838,1.0,test,0.9935117314239323,0.0064882685760676555,1,1,1
1839,1.0,train,0.9953181770894176,0.004681822910582443,1,1,1
1840,1.0,dev,0.9999985406241024,1.4593758974297956e-06,1,1,1
1841,0.0,train,0.003483424128422855,0.9965165758715773,0,1,1
1842,1.0,test,0.9999827684270675,1.7231572932681002e-05,1,1,1
1843,1.0,train,0.16667540054859167,0.8333245994514084,0,1,1
1844,1.0,dev,0.9999960945170516,3.905482948465034e-06,1,1,1
1845,1.0,train,0.9999580137011328,4.198629886722194e-05,1,1,1
1846,0.0,train,3.6119843395623066e-06,0.9999963880156604,0,1,1
1847,0.0,train,0.30404167496654744,0.6959583250334526,0,1,1
1848,1.0,train,0.8757869916479466,0.1242130083520534,1,1,1
1849,1.0,test,0.9999956431184508,4.356881549210652e-06,1,1,1
1850,0.0,train,7.031186558659403e-05,0.9999296881344134,0,1,1
1851,1.0,dev,0.9999923534602803,7.646539719746976e-06,1,1,1
1852,1.0,train,0.01615283790064619,0.9838471620993537,0,1,1
1853,0.0,train,3.705297418847826e-05,0.9999629470258116,0,1,1
1854,1.0,train,0.999999114843232,8.851567680132605e-07,1,1,1
1855,0.0,train,0.8198933425148214,0.1801066574851787,1,1,1
1856,1.0,train,0.44167300566462553,0.5583269943353745,0,1,1
1857,1.0,dev,0.8962513710552469,0.10374862894475306,1,1,1
1858,0.0,test,1.067703071902235e-06,0.999998932296928,0,1,1
1859,0.0,train,0.00034062934771245714,0.9996593706522876,0,1,1
1860,1.0,train,0.999991601928536,8.398071464000418e-06,1,1,1
1861,0.0,test,0.9999977747188628,2.2252811372011044e-06,1,1,1
1862,0.0,train,0.9916842231046611,0.008315776895338812,1,1,1
1863,0.0,train,0.0005614787492758258,0.9994385212507242,0,1,1
1864,0.0,test,0.44167300566462553,0.5583269943353745,0,1,1
1865,1.0,train,0.959154287154937,0.0408457128450629,1,1,1
1866,1.0,train,0.9951702781422882,0.004829721857711959,1,1,1
1867,1.0,train,0.10970578552119234,0.8902942144788077,0,1,1
1868,1.0,train,0.9998785182634844,0.00012148173651559123,1,1,1
1869,1.0,train,0.9999875885000413,1.2411499958642493e-05,1,1,1
1870,0.0,test,0.06853748589730285,0.9314625141026972,0,1,1
1871,0.0,train,3.763645271893069e-05,0.9999623635472811,0,1,1
1872,0.0,train,0.998073265650985,0.0019267343490150508,1,1,1
1873,1.0,train,0.9999949852652081,5.014734791912226e-06,1,1,1
1874,1.0,train,0.5467381519846138,0.45326184801538616,1,1,1
1875,1.0,test,0.9840936068595074,0.015906393140492556,1,1,1
1876,0.0,train,0.000123394570930369,0.9998766054290698,0,1,1
1877,0.0,train,0.999447221385973,0.0005527786140269863,1,1,1
1878,1.0,test,0.523420348936324,0.47657965106367595,1,1,1
1879,0.0,train,1.593662449194608e-05,0.999984063375508,0,1,1
1880,1.0,train,0.4263215925474903,0.5736784074525096,0,1,1
1881,1.0,train,0.9988120943893051,0.0011879056106947965,1,1,1
1882,0.0,train,0.3451052709578724,0.6548947290421275,0,1,1
1883,1.0,dev,0.9993121489745793,0.0006878510254206988,1,1,1
1884,0.0,train,0.07585817740967664,0.9241418225903234,0,1,1
1885,1.0,dev,0.16026603834399278,0.8397339616560072,0,1,1
1886,0.0,train,0.09947021988863874,0.9005297801113612,0,1,1
1887,0.0,train,0.2974699363766584,0.7025300636233416,0,1,1
1888,1.0,train,0.38861802670584894,0.6113819732941511,0,1,1
1889,1.0,train,0.016152833934110707,0.9838471660658892,0,1,1
1890,0.0,test,0.41869690935568665,0.5813030906443133,0,1,1
1891,0.0,train,8.614654281988409e-05,0.9999138534571801,0,1,1
1892,1.0,train,0.021615334889784694,0.9783846651102154,0,1,1
1893,0.0,train,0.999972030699758,2.7969300241977387e-05,1,1,1
1894,0.0,train,2.468290086758202e-05,0.9999753170991323,0,1,1
1895,1.0,train,0.9978172830597309,0.0021827169402689915,1,1,1
1896,1.0,train,0.9999983463104565,1.6536895434755635e-06,1,1,1
1897,1.0,train,0.9999741325744653,2.5867425534563575e-05,1,1,1
1898,0.0,train,0.8723473829749844,0.12765261702501562,1,1,1
1899,0.0,train,0.003538086017687245,0.9964619139823128,0,1,1
1900,0.0,train,0.0656048392859768,0.9343951607140233,0,1,1
1901,0.0,train,0.9919380084344894,0.008061991565510554,1,1,1
1902,1.0,train,0.9999932519502834,6.748049716461322e-06,1,1,1
1903,1.0,train,0.14608724147172555,0.8539127585282744,0,1,1
1904,0.0,train,0.022286187081498404,0.9777138129185015,0,1,1
1905,1.0,train,0.9999559987975135,4.4001202486421274e-05,1,1,1
1906,1.0,train,0.9999715902487561,2.840975124396463e-05,1,1,1
1907,0.0,train,0.6370307944803831,0.3629692055196168,1,1,1
1908,1.0,train,0.9992562971644271,0.0007437028355727988,1,1,1
1909,1.0,train,0.99997531708884,2.4682911160091948e-05,1,1,1
1910,1.0,dev,0.9805806522431786,0.019419347756821442,1,1,1
1911,1.0,train,0.9967775162294253,0.0032224837705747663,1,1,1
1912,0.0,train,0.28776782186926264,0.7122321781307374,0,1,1
1913,1.0,train,0.9683812337579373,0.031618766242062835,1,1,1
1914,1.0,dev,0.7799928900257126,0.22000710997428738,1,1,1
1915,1.0,dev,0.9999931456827709,6.854317229188067e-06,1,1,1
1916,1.0,test,0.9999980666406412,1.9333593588433036e-06,1,1,1
1917,0.0,train,0.9706877722165251,0.029312227783474795,1,1,1
1918,1.0,dev,4.96528104489362e-07,0.9999995034718955,0,1,1
1919,0.0,test,0.0010322310271513421,0.9989677689728486,0,1,1
1920,0.0,test,7.843788274813501e-05,0.9999215621172519,0,1,1
1921,1.0,test,0.9990746151421952,0.00092538485780495,1,1,1
1922,1.0,train,0.9998977001628266,0.00010229983717334743,1,1,1
1923,1.0,train,0.9999737252217104,2.6274778289551885e-05,1,1,1
1924,1.0,train,0.9999893838637234,1.0616136276630329e-05,1,1,1
1925,0.0,train,0.9674102545292768,0.03258974547072332,1,1,1
1926,0.0,train,0.7122321903471565,0.28776780965284365,1,1,1
1927,1.0,train,0.2909808785120009,0.7090191214879991,0,1,1
1928,0.0,train,0.011331753531361453,0.9886682464686385,0,1,1
1929,0.0,train,0.01615283198044433,0.9838471680195556,0,1,1
1930,0.0,train,0.13660840057146192,0.863391599428538,0,1,1
1931,0.0,train,0.9999927036215134,7.2963784866085765e-06,1,1,1
1932,1.0,train,0.9994472213435242,0.0005527786564757643,1,1,1
1933,1.0,train,0.9963500135869008,0.003649986413099205,1,1,1
1934,0.0,train,0.05582313995652302,0.944176860043477,0,1,1
1935,0.0,train,0.014957088514163202,0.9850429114858368,0,1,1
1936,1.0,train,0.06954173872068878,0.9304582612793112,0,1,1
1937,1.0,train,0.9984988180210642,0.0015011819789357745,1,1,1
1938,0.0,test,0.01771229948118829,0.9822877005188116,0,1,1
1939,0.0,train,0.004755199953908707,0.9952448000460912,0,1,1
1940,0.0,train,0.0002737215834754277,0.9997262784165247,0,1,1
1941,1.0,train,0.9998415638487621,0.00015843615123788975,1,1,1
1942,0.0,train,9.91527671694765e-05,0.9999008472328306,0,1,1
1943,0.0,train,0.005139610354691532,0.9948603896453085,0,1,1
1944,1.0,train,0.9988839857266603,0.0011160142733398124,1,1,1
1945,1.0,train,0.9999917321253565,8.267874643400692e-06,1,1,1
1946,0.0,test,0.0011879054532310097,0.998812094546769,0,1,1
1947,1.0,train,0.9999980052702938,1.9947297062007588e-06,1,1,1
1948,1.0,test,0.9998840806111796,0.0001159193888204213,1,1,1
1949,1.0,train,0.9914225132082278,0.008577486791772148,1,1,1
1950,1.0,train,0.9840936053433594,0.015906394656640607,1,1,1
1951,0.0,train,0.6224593452091672,0.3775406547908327,1,1,1
1952,0.0,train,0.6959583187272712,0.30404168127272885,1,1,1
1953,0.0,train,3.6478550177515476e-05,0.9999635214498225,0,1,1
1954,0.0,train,0.33458943461801643,0.6654105653819835,0,1,1
1955,0.0,test,0.028436030677688646,0.9715639693223114,0,1,1
1956,0.0,train,4.888301173127822e-07,0.9999995111698827,0,1,1
1957,1.0,test,0.9572778038246885,0.04272219617531143,1,1,1
1958,1.0,train,0.9999978431842476,2.156815752306595e-06,1,1,1
1959,1.0,train,0.9899864282135344,0.010013571786465579,1,1,1
1960,1.0,train,0.9994725215237705,0.0005274784762295492,1,1,1
1961,1.0,train,0.9999807768238734,1.922317612650377e-05,1,1,1
1962,0.0,train,1.241150058860619e-05,0.9999875884994114,0,1,1
1963,0.0,train,0.16451647108926923,0.8354835289107309,0,1,1
1964,0.0,train,4.637872113855794e-06,0.9999953621278861,0,1,1
1965,0.0,test,0.00010889693740647662,0.9998911030625934,0,1,1
1966,0.0,train,0.7310585727705126,0.2689414272294874,1,1,1
1967,0.0,train,0.08632347070986836,0.9136765292901317,0,1,1
1968,1.0,train,0.8962513724408293,0.10374862755917084,1,1,1
1969,1.0,test,0.9989994957922433,0.0010005042077565424,1,1,1
1970,1.0,train,0.9980732654871127,0.0019267345128873344,1,1,1
1971,1.0,train,0.9999933565652547,6.643434745326014e-06,1,1,1
1972,1.0,dev,0.11279540180929934,0.8872045981907006,0,1,1
1973,1.0,train,0.9999978092175701,2.190782429818778e-06,1,1,1
1974,1.0,train,0.9920620062873026,0.007937993712697442,1,1,1
1975,0.0,train,8.801100412578945e-06,0.9999911988995873,0,1,1
1976,1.0,train,0.9999985632498004,1.4367501995545783e-06,1,1,1
1977,1.0,train,0.7853085758631159,0.21469142413688413,1,1,1
1978,0.0,train,0.9999082980096843,9.17019903156272e-05,1,1,1
1979,0.0,train,0.9994557866862781,0.0005442133137219898,1,1,1
1980,1.0,train,0.9998579763614892,0.00014202363851071562,1,1,1
1981,1.0,test,0.9999835574994719,1.6442500528103034e-05,1,1,1
1982,1.0,train,0.3665897363221599,0.6334102636778401,0,1,1
1983,0.0,train,0.9995955184812594,0.0004044815187406275,1,1,1
1984,1.0,train,0.9999546021454925,4.539785450755093e-05,1,1,1
1985,0.0,train,0.9994557866747537,0.0005442133252462824,1,1,1
1986,0.0,test,0.000278030926083298,0.9997219690739166,0,1,1
1987,1.0,dev,0.9918120912932811,0.00818790870671898,1,1,1
1988,1.0,train,0.9890130578450452,0.010986942154954835,1,1,1
1989,1.0,train,0.9953181770503586,0.004681822949641302,1,1,1
1990,0.0,train,0.11757213509148834,0.8824278649085118,0,1,1
1991,1.0,train,0.994698104364389,0.005301895635610996,1,1,1
1992,0.0,train,0.0815197481647227,0.9184802518352774,0,1,1
1993,1.0,train,0.9977127725482126,0.002287227451787474,1,1,1
1994,0.0,train,0.3007455789412415,0.6992544210587585,0,1,1
1995,0.0,train,0.32423541204073586,0.6757645879592642,0,1,1
1996,1.0,train,0.9999929281069324,7.071893067465747e-06,1,1,1
1997,1.0,train,0.9998840806930565,0.00011591930694353877,1,1,1
1998,1.0,train,0.9997507674560411,0.0002492325439588816,1,1,1
1999,1.0,train,0.9999883404688844,1.1659531115678962e-05,1,1,1
2000,0.0,train,0.1347759191606016,0.8652240808393984,0,1,1
2001,1.0,train,0.9999756997554067,2.4300244593346937e-05,1,1,1
2002,0.0,train,0.10521052828620035,0.8947894717137997,0,1,1
2003,1.0,train,0.9059898165759307,0.09401018342406933,1,1,1
2004,0.0,train,0.03846618898704089,0.961533811012959,0,1,1
