index,label,split,p_yes,p_no,pred_yes,saw_yes,saw_no
0,1.0,train,0.9999318512950668,6.814870493325208e-05,1,1,1
1,0.0,train,0.06853749636151124,0.9314625036384887,0,1,1
2,0.0,train,0.0006986758264441951,0.9993013241735559,0,1,1
3,1.0,train,0.7879312006227324,0.21206879937726766,1,1,1
4,0.0,dev,0.02716923055104719,0.9728307694489527,0,1,1
5,1.0,train,0.9995487893714965,0.0004512106285035639,1,1,1
6,1.0,train,0.9997388097039465,0.0002611902960535717,1,1,1
7,1.0,train,0.9999810748588833,1.8925141116692116e-05,1,1,1
8,0.0,train,0.9987355780415417,0.0012644219584583521,1,1,1
9,1.0,train,0.800691997339971,0.19930800266002902,1,1,1
10,0.0,dev,0.01912403751957049,0.9808759624804295,0,1,1
11,1.0,dev,0.29746995506106744,0.7025300449389326,0,1,1
12,0.0,train,3.5913001582352725e-05,0.9999640869984177,0,1,1
13,1.0,train,0.44939263446475963,0.5506073655352404,0,1,1
14,1.0,train,0.9999959070884813,4.092911518837625e-06,1,1,1
15,0.0,train,0.031143828848680877,0.9688561711513191,0,1,1
16,0.0,train,0.028870909453024913,0.971129090546975,0,1,1
17,1.0,train,0.9674102541769278,0.032589745823072315,1,1,1
18,0.0,dev,0.004538432515816944,0.9954615674841831,0,1,1
19,1.0,train,0.31742626558767584,0.682573734412324,0,1,1
20,1.0,train,0.9999692818106333,3.071818936685592e-05,1,1,1
21,0.0,test,6.402004264081811e-05,0.9999359799573592,0,1,1
22,0.0,train,0.949669373100424,0.05033062689957593,1,1,1
23,0.0,train,7.141898566596944e-05,0.9999285810143341,0,1,1
24,1.0,train,0.9998232547865199,0.00017674521348013555,1,1,1
25,0.0,dev,0.14414885670945196,0.855851143290548,0,1,1
26,0.0,train,0.16885695632426873,0.8311430436757313,0,1,1
27,0.0,train,8.664653882237014e-06,0.9999913353461176,0,1,1
28,1.0,train,0.999958013699212,4.198630078806579e-05,1,1,1
29,1.0,train,0.9833429637129113,0.016657036287088662,1,1,1
30,0.0,train,0.6584175139669997,0.3415824860330004,1,1,1
31,0.0,train,0.01798620838292263,0.9820137916170774,0,1,1
32,0.0,train,0.09807931556154058,0.9019206844384593,0,1,1
33,1.0,train,0.9999151889899078,8.481101009220126e-05,1,1,1
34,0.0,train,1.723156527383372e-05,0.9999827684347261,0,1,1
35,0.0,train,0.2254166262422842,0.7745833737577158,0,1,1
36,0.0,train,0.012053780580938103,0.9879462194190619,0,1,1
37,1.0,train,0.99867497733939,0.0013250226606098489,1,1,1
38,1.0,train,0.2658804730998169,0.734119526900183,0,1,1
39,0.0,train,0.00243438252416744,0.9975656174758326,0,1,1
40,0.0,train,1.0129991773346224e-05,0.9999898700082267,0,1,1
41,0.0,train,0.09947022189081606,0.900529778109184,0,1,1
42,0.0,train,0.9999593054124596,4.069458754029621e-05,1,1,1
43,1.0,train,0.9999986712228486,1.328777151545061e-06,1,1,1
44,0.0,dev,0.9525741227833249,0.04742587721667508,1,1,1
45,1.0,train,0.9955316160483703,0.0044683839516298255,1,1,1
46,0.0,train,0.1403362440969662,0.8596637559030337,0,1,1
47,1.0,train,0.9993013243671641,0.0006986756328358734,1,1,1
48,0.0,train,0.002472623487419469,0.9975273765125805,0,1,1
49,1.0,dev,0.9999883404687376,1.1659531262270842e-05,1,1,1
50,1.0,dev,0.00045121068762321744,0.9995487893123768,0,1,1
51,1.0,dev,0.9263037257164177,0.07369627428358225,1,1,1
52,0.0,train,0.00043733449145648727,0.9995626655085434,0,1,1
53,0.0,train,0.007011796107756059,0.992988203892244,0,1,1
54,0.0,train,4.469408650959043e-05,0.9999553059134904,0,1,1
55,0.0,train,0.015189050033915623,0.9848109499660843,0,1,1
56,1.0,train,0.9998960893638763,0.0001039106361235957,1,1,1
57,1.0,train,0.9999914696767885,8.530323211520317e-06,1,1,1
58,1.0,train,0.9992678187253925,0.000732181274607417,1,1,1
59,0.0,train,0.021287352259131725,0.9787126477408682,0,1,1
60,0.0,train,0.40356685373537454,0.5964331462646254,0,1,1
61,1.0,train,0.9999989651470249,1.0348529750192736e-06,1,1,1
62,0.0,train,0.034618841329187876,0.965381158670812,0,1,1
63,1.0,train,0.9999990577552381,9.422447619546889e-07,1,1,1
64,1.0,train,0.9999782173500609,2.178264993918387e-05,1,1,1
65,0.0,train,0.0007321811608140137,0.9992678188391859,0,1,1
66,0.0,train,0.0003199982577785648,0.9996800017422214,0,1,1
67,1.0,train,0.9999651918730792,3.4808126920833634e-05,1,1,1
68,1.0,test,0.9999553059237088,4.469407629120614e-05,1,1,1
69,1.0,train,0.19436780401867254,0.8056321959813275,0,1,1
70,1.0,train,0.9805806526688057,0.019419347331194287,1,1,1
71,1.0,train,0.9149009596336303,0.08509904036636974,1,1,1
72,1.0,train,0.914900950352329,0.08509904964767095,1,1,1
73,0.0,train,0.010818447735948485,0.9891815522640515,0,1,1
74,0.0,train,0.9736446449074273,0.026355355092572655,1,1,1
75,0.0,train,0.0005976692654077175,0.9994023307345924,0,1,1
76,1.0,train,0.9124361557147438,0.08756384428525611,1,1,1
77,0.0,train,0.9990452680792772,0.000954731920722753,1,1,1
78,1.0,train,0.999373665804873,0.0006263341951269868,1,1,1
79,1.0,train,0.999999242884923,7.571150768642885e-07,1,1,1
80,0.0,dev,0.9975273770053119,0.0024726229946881173,1,1,1
81,0.0,dev,0.9912886143520144,0.008711385647985612,1,1,1
82,0.0,train,2.4061027385897193e-06,0.9999975938972614,0,1,1
83,0.0,train,6.302758146012014e-05,0.9999369724185398,0,1,1
84,1.0,train,0.9999546021375124,4.5397862487548164e-05,1,1,1
85,1.0,train,0.045352583134932734,0.9546474168650673,0,1,1
86,1.0,train,0.9948603885119444,0.00513961148805568,1,1,1
87,1.0,train,0.9987934104246824,0.001206589575317456,1,1,1
88,0.0,train,0.9643214514293441,0.03567854857065588,1,1,1
89,1.0,dev,0.9802808734048826,0.01971912659511733,1,1,1
90,0.0,train,0.9372107878954106,0.06278921210458951,1,1,1
91,0.0,train,0.003824482913706885,0.996175517086293,0,1,1
92,0.0,dev,0.20181322226037882,0.7981867777396212,0,1,1
93,1.0,test,0.9999963311380933,3.6688619066289125e-06,1,1,1
94,1.0,train,0.9971990724293867,0.0028009275706133837,1,1,1
95,0.0,train,0.0002269337941058157,0.9997730662058941,0,1,1
96,0.0,train,0.9985449369782478,0.0014550630217522568,1,1,1
97,1.0,train,0.9973683256841094,0.002631674315890582,1,1,1
98,0.0,train,0.4610167793123159,0.5389832206876841,0,1,1
99,1.0,train,0.9983256010434551,0.001674398956544914,1,1,1
100,0.0,train,0.19930800503802076,0.8006919949619793,0,1,1
101,1.0,train,0.24798743179802785,0.7520125682019722,0,1,1
102,0.0,train,0.9924227573524724,0.007577242647527653,1,1,1
103,0.0,train,2.6016174129775157e-06,0.999997398382587,0,1,1
104,0.0,train,0.037326888415033926,0.9626731115849659,0,1,1
105,0.0,train,0.8031738034238807,0.19682619657611936,1,1,1
106,1.0,train,0.9997546304066542,0.00024536959334579296,1,1,1
107,1.0,train,0.9999830355793706,1.696442062933483e-05,1,1,1
108,1.0,train,0.9943580910454197,0.005641908954580246,1,1,1
109,0.0,train,0.03114382716258339,0.9688561728374168,0,1,1
110,0.0,dev,0.00045121057001396746,0.9995487894299859,0,1,1
111,1.0,train,0.011508149869482162,0.9884918501305179,0,1,1
112,1.0,train,0.9986329741223128,0.001367025877687136,1,1,1
113,1.0,train,0.999979214829214,2.078517078591472e-05,1,1,1
114,0.0,train,0.8519528000888387,0.14804719991116141,1,1,1
115,0.0,train,0.02479815731272236,0.9752018426872775,0,1,1
116,1.0,dev,0.9967775159213007,0.0032224840786993477,1,1,1
117,1.0,dev,0.999992472007402,7.527992597873814e-06,1,1,1
118,0.0,train,0.049589018770285855,0.9504109812297141,0,1,1
119,0.0,train,0.9976768371114881,0.0023231628885118545,1,1,1
120,1.0,test,0.9777138140954994,0.02228618590450065,1,1,1
121,1.0,train,0.9998390691146968,0.00016093088530333164,1,1,1
122,1.0,train,0.957912274637613,0.04208772536238702,1,1,1
123,0.0,train,0.00490540637854557,0.9950945936214544,0,1,1
124,0.0,train,0.0038244839497829216,0.996175516050217,0,1,1
125,1.0,train,0.9924227576956381,0.007577242304361764,1,1,1
126,0.0,train,0.8705972751232809,0.12940272487671914,1,1,1
127,0.0,train,1.1478768340886617e-05,0.9999885212316592,0,1,1
128,0.0,train,0.16885695214168314,0.8311430478583168,0,1,1
129,1.0,train,0.9579122687801985,0.04208773121980142,1,1,1
130,1.0,train,0.9999992997832154,7.002167844845269e-07,1,1,1
131,1.0,train,0.9999993422072787,6.577927212767366e-07,1,1,1
132,1.0,train,0.05500528442066435,0.9449947155793358,0,1,1
133,0.0,train,1.154461715745336e-06,0.9999988455382843,0,1,1
134,1.0,train,0.9997621779182478,0.0002378220817521538,1,1,1
135,0.0,train,8.013496227023527e-06,0.999991986503773,0,1,1
136,0.0,train,0.10087862678475762,0.8991213732152424,0,1,1
137,1.0,train,0.9511422232821102,0.048857776717889774,1,1,1
138,1.0,train,0.9683812315907071,0.03161876840929292,1,1,1
139,1.0,train,0.9999443779398794,5.562206012061075e-05,1,1,1
140,1.0,train,0.867035763237924,0.13296423676207594,1,1,1
141,0.0,train,0.0016484832422680642,0.998351516757732,0,1,1
142,0.0,train,0.7662936484231889,0.23370635157681105,1,1,1
143,1.0,dev,0.9752018389035194,0.0247981610964805,1,1,1
144,0.0,train,0.04146226797365689,0.9585377320263431,0,1,1
145,0.0,train,0.036769466339479466,0.9632305336605205,0,1,1
146,0.0,dev,0.16451646904109268,0.8354835309589073,0,1,1
147,0.0,train,0.1895210844630953,0.8104789155369047,0,1,1
148,1.0,train,0.9949396681087024,0.005060331891297617,1,1,1
149,0.0,train,0.0008040858817544285,0.9991959141182455,0,1,1
150,0.0,test,0.14608725448372273,0.8539127455162773,0,1,1
151,0.0,dev,0.8376199633332891,0.16238003666671086,1,1,1
152,1.0,train,0.9184802412359966,0.08151975876400347,1,1,1
153,0.0,train,0.0003920418191655159,0.9996079581808345,0,1,1
154,0.0,train,0.00013982213944595514,0.999860177860554,0,1,1
155,0.0,train,0.00037409557826146884,0.9996259044217386,0,1,1
156,1.0,train,0.9999861539988535,1.384600114660053e-05,1,1,1
157,0.0,train,0.00048029732667084974,0.9995197026733291,0,1,1
158,1.0,train,0.8519528076067262,0.14804719239327382,1,1,1
159,1.0,train,0.999927456358353,7.254364164700224e-05,1,1,1
160,1.0,train,0.9999892166858916,1.0783314108489939e-05,1,1,1
161,1.0,train,0.9988486006522895,0.0011513993477104737,1,1,1
162,1.0,train,0.9998511615205454,0.00014883847945447115,1,1,1
163,0.0,train,0.995735365703294,0.0042646342967060415,1,1,1
164,1.0,train,0.9994806951255957,0.0005193048744044055,1,1,1
165,0.0,dev,0.009559400828478379,0.9904405991715215,0,1,1
166,1.0,test,0.9766692306822029,0.02333076931779721,1,1,1
167,0.0,train,6.922183507609632e-05,0.9999307781649238,0,1,1
168,,,6.179392608301527e-07,0.999999382060739,0,1,1
169,0.0,train,0.0017274588001822513,0.9982725411998178,0,1,1
170,0.0,train,0.02843603304485266,0.9715639669551474,0,1,1
171,1.0,train,0.9998822554455985,0.00011774455440143075,1,1,1
172,1.0,train,0.9999573525176801,4.264748231981759e-05,1,1,1
173,0.0,train,0.0016229667053324333,0.9983770332946675,0,1,1
174,1.0,train,0.2942149845400438,0.7057850154599563,0,1,1
175,0.0,train,8.530317405148122e-06,0.9999914696825949,0,1,1
176,0.0,test,0.005469273342380666,0.9945307266576193,0,1,1
177,0.0,train,0.005554923798225951,0.9944450762017741,0,1,1
178,1.0,dev,0.9763105306392156,0.02368946936078445,1,1,1
179,0.0,train,0.012821213182135806,0.9871787868178641,0,1,1
180,1.0,train,0.950410972802222,0.049589027197777955,1,1,1
181,1.0,train,0.9995761152129226,0.00042388478707749814,1,1,1
182,1.0,train,0.9999435020408954,5.6497959104495624e-05,1,1,1
183,0.0,test,0.9867771769595959,0.01322282304040419,1,1,1
184,1.0,train,0.006289903044981348,0.9937100969550186,0,1,1
185,1.0,train,0.8198933337131076,0.1801066662868924,1,1,1
186,1.0,train,0.0009697518486821528,0.9990302481513179,0,1,1
187,1.0,train,0.38491214448393346,0.6150878555160665,0,1,1
188,1.0,train,0.3923368301671084,0.6076631698328917,0,1,1
189,1.0,train,0.9990600562413393,0.0009399437586606086,1,1,1
190,0.0,train,0.8080672227971211,0.1919327772028789,1,1,1
191,1.0,dev,0.9999953621258054,4.63787419469588e-06,1,1,1
192,1.0,train,0.5583269943353745,0.44167300566462553,1,1,1
193,1.0,train,0.9999985406238533,1.4593761466635328e-06,1,1,1
194,1.0,train,0.9999706884605258,2.9311539474074063e-05,1,1,1
195,0.0,train,0.46879062662624377,0.5312093733737563,0,1,1
196,0.0,dev,0.009859853885161043,0.990140146114839,0,1,1
197,1.0,train,0.9991704109745274,0.0008295890254725655,1,1,1
198,1.0,train,0.9999869928771815,1.3007122818476381e-05,1,1,1
199,1.0,test,0.9927672354074177,0.007232764592582386,1,1,1
200,1.0,dev,0.9099070035949656,0.09009299640503438,1,1,1
201,1.0,test,0.8577681049901036,0.1422318950098963,1,1,1
202,1.0,train,0.8031737916455819,0.19682620835441803,1,1,1
203,1.0,train,0.9951702790285963,0.004829720971403696,1,1,1
204,0.0,dev,0.23370635157681105,0.7662936484231889,0,1,1
205,1.0,dev,0.6224593312018546,0.37754066879814546,1,1,1
206,0.0,train,0.0014550627112017863,0.9985449372887982,0,1,1
207,0.0,train,0.9997933700938755,0.0002066299061244362,1,1,1
208,0.0,train,0.022629202340032694,0.9773707976599674,0,1,1
209,1.0,train,0.9999985176419506,1.48235804934728e-06,1,1,1
210,1.0,test,0.9999692818041177,3.071819588225218e-05,1,1,1
211,1.0,train,0.9993228059279926,0.000677194072007366,1,1,1
212,1.0,train,0.008577487061048297,0.9914225129389516,0,1,1
213,0.0,train,0.930458248262747,0.06954175173725283,1,1,1
214,1.0,train,0.9416541577509315,0.05834584224906846,1,1,1
215,0.0,train,6.605216798308515e-05,0.999933947832017,0,1,1
216,1.0,train,0.9999979419503019,2.058049698041488e-06,1,1,1
217,1.0,test,0.9998313472204912,0.0001686527795087356,1,1,1
218,1.0,train,0.8031737869342623,0.19682621306573764,1,1,1
219,1.0,train,0.9353465089404037,0.06465349105959628,1,1,1
220,1.0,train,0.9899864294691517,0.010013570530848346,1,1,1
221,0.0,train,0.7799928900257126,0.22000710997428738,1,1,1
222,0.0,train,1.3420007855601e-05,0.9999865799921444,0,1,1
223,0.0,train,5.225226353775266e-05,0.9999477477364623,0,1,1
224,0.0,train,0.7981867729389246,0.2018132270610754,1,1,1
225,0.0,train,0.001727458363338827,0.9982725416366612,0,1,1
226,1.0,train,0.9998058868111425,0.00019411318885755198,1,1,1
227,1.0,train,0.9999973983824314,2.6016175686513336e-06,1,1,1
228,0.0,train,0.25683199138751883,0.7431680086124811,0,1,1
229,0.0,train,0.411110869232168,0.588889130767832,0,1,1
230,1.0,train,0.6477982315512488,0.3522017684487511,1,1,1
231,1.0,dev,0.8479677564567913,0.1520322435432087,1,1,1
232,1.0,train,0.9970189667608281,0.002981033239171877,1,1,1
233,0.0,train,0.00021995333802525012,0.9997800466619747,0,1,1
234,0.0,train,0.09268778615821208,0.9073122138417881,0,1,1
235,0.0,train,0.997110419250562,0.0028895807494380608,1,1,1
236,1.0,train,0.9999215621220273,7.843787797280254e-05,1,1,1
237,0.0,train,0.9273632986579697,0.07263670134203021,1,1,1
238,1.0,dev,0.9999943175638372,5.68243616281153e-06,1,1,1
239,1.0,train,0.9995121429741746,0.0004878570258253727,1,1,1
240,1.0,train,0.31405055141190724,0.6859494485880928,0,1,1
241,0.0,train,0.16451646494473965,0.8354835350552604,0,1,1
242,0.0,train,0.16026603433317138,0.8397339656668287,0,1,1
243,1.0,train,0.9999984705866195,1.5294133804875358e-06,1,1,1
244,0.0,train,0.014957090050973948,0.985042909949026,0,1,1
245,1.0,train,0.9999485577945098,5.14422054902581e-05,1,1,1
246,1.0,train,0.0038244828924176542,0.9961755171075823,0,1,1
247,1.0,train,0.006903839463219736,0.9930961605367802,0,1,1
248,0.0,train,0.7520125737597972,0.24798742624020276,1,1,1
249,1.0,train,0.994615063000927,0.005384936999073162,1,1,1
250,1.0,train,0.9852713872314819,0.014728612768518168,1,1,1
251,1.0,train,0.0803574715752021,0.919642528424798,0,1,1
252,1.0,train,0.8633916029436189,0.136608397056381,1,1,1
253,1.0,train,0.9343951625409306,0.06560483745906928,1,1,1
254,0.0,train,0.8991213698363247,0.10087863016367529,1,1,1
255,0.0,test,0.12421301159407334,0.8757869884059266,0,1,1
256,0.0,train,0.8633916047011595,0.13660839529884058,1,1,1
257,1.0,train,0.9999979095421863,2.09045781368562e-06,1,1,1
258,1.0,train,0.3923368301671084,0.6076631698328917,0,1,1
259,1.0,test,0.9972423773931367,0.0027576226068632944,1,1,1
260,0.0,train,0.0036499877898772777,0.9963500122101228,0,1,1
261,1.0,train,0.6187804267137441,0.3812195732862558,1,1,1
262,0.0,train,0.0013885235597908858,0.9986114764402092,0,1,1
263,1.0,train,0.9999838124173012,1.618758269873422e-05,1,1,1
264,1.0,train,0.9999989651467034,1.0348532965607396e-06,1,1,1
265,1.0,test,0.9999911989033159,8.801096684155242e-06,1,1,1
266,0.0,train,0.09268778741135145,0.9073122125886486,0,1,1
267,1.0,test,0.9780517464850547,0.02194825351494523,1,1,1
268,0.0,train,0.9999516743623417,4.8325637658451515e-05,1,1,1
269,1.0,train,0.9999531610936241,4.683890637580879e-05,1,1,1
270,1.0,train,0.048857773774903794,0.9511422262250961,0,1,1
271,1.0,train,0.8128673110375457,0.18713268896245422,1,1,1
272,1.0,test,0.9955316166863785,0.004468383313621478,1,1,1
273,0.0,train,0.056652420927984726,0.9433475790720152,0,1,1
274,0.0,train,0.0008426422836648694,0.9991573577163351,0,1,1
275,0.0,test,0.012431648978018987,0.987568351021981,0,1,1
276,0.0,train,0.21469142916152642,0.7853085708384735,0,1,1
277,1.0,train,0.9999407908526424,5.920914735766737e-05,1,1,1
278,1.0,train,0.9938070111547619,0.006192988845238225,1,1,1
279,1.0,train,0.08882029662101132,0.9111797033789888,0,1,1
280,1.0,train,0.8354835391516132,0.1645164608483867,1,1,1
281,0.0,train,8.349629031246657e-05,0.9999165037096877,0,1,1
282,1.0,train,0.7401743620390163,0.2598256379609837,1,1,1
283,1.0,train,0.9980429831271102,0.001957016872889889,1,1,1
284,0.0,train,1.816223242789851e-06,0.9999981837767573,0,1,1
285,0.0,train,0.0035380860111203626,0.9964619139888796,0,1,1
286,1.0,test,0.9999988810567707,1.1189432292238498e-06,1,1,1
287,1.0,train,0.9999992775560224,7.224439776273867e-07,1,1,1
288,0.0,test,0.21469142413688413,0.7853085758631159,0,1,1
289,0.0,train,0.44939263446475963,0.5506073655352404,0,1,1
290,1.0,train,0.999595518505735,0.00040448149426485224,1,1,1
291,0.0,dev,1.8162225526634353e-06,0.9999981837774474,0,1,1
292,0.0,train,0.9998286917648518,0.00017130823514823355,1,1,1
293,0.0,train,9.314592869093446e-05,0.999906854071309,0,1,1
294,1.0,train,0.9998766054722024,0.0001233945277975484,1,1,1
295,0.0,train,0.040237944925478955,0.9597620550745211,0,1,1
296,0.0,train,0.01224127650799721,0.9877587234920027,0,1,1
297,1.0,train,0.9999962146731229,3.7853268770837753e-06,1,1,1
298,1.0,train,0.9999958426342113,4.157365788712381e-06,1,1,1
299,1.0,train,0.9999959070884664,4.09291153360837e-06,1,1,1
300,0.0,train,0.29421497216298875,0.7057850278370112,0,1,1
301,0.0,train,3.82291238606286e-05,0.9999617708761395,0,1,1
302,0.0,train,0.008061991260151466,0.9919380087398485,0,1,1
303,1.0,dev,0.9999711428861263,2.8857113873791735e-05,1,1,1
304,0.0,dev,0.0010649628523756493,0.9989350371476242,0,1,1
305,0.0,train,0.888758786126321,0.11124121387367902,1,1,1
306,0.0,train,0.0034296037585726056,0.9965703962414274,0,1,1
307,0.0,test,2.0462925226109884e-05,0.9999795370747739,0,1,1
308,1.0,train,0.9979809856454247,0.0020190143545753686,1,1,1
309,0.0,train,0.021615334101956138,0.9783846658980438,0,1,1
310,0.0,dev,0.0008559005857732394,0.9991440994142269,0,1,1
311,0.0,train,1.544630383704816e-05,0.9999845536961629,0,1,1
312,0.0,train,0.0001233946054021645,0.9998766053945978,0,1,1
313,1.0,train,0.9929882047870988,0.00701179521290129,1,1,1
314,1.0,train,0.999932907723264,6.709227673602398e-05,1,1,1
315,1.0,train,0.9999053873859862,9.461261401378815e-05,1,1,1
316,1.0,dev,5.920916341017121e-05,0.9999407908365898,0,1,1
317,1.0,train,0.9974490874116522,0.0025509125883478997,1,1,1
318,1.0,train,0.9999956431200495,4.356879950499027e-06,1,1,1
319,1.0,dev,0.999968798077346,3.120192265399692e-05,1,1,1
320,0.0,train,0.9997965730402236,0.0002034269597764093,1,1,1
321,1.0,train,0.9996898441144275,0.00031015588557251983,1,1,1
322,1.0,train,0.9603611645861643,0.039638835413835644,1,1,1
323,1.0,train,0.9977481524432442,0.0022518475567557946,1,1,1
324,0.0,train,0.9086178950769319,0.0913821049230681,1,1,1
325,1.0,train,0.997949256408621,0.0020507435913790285,1,1,1
326,1.0,train,0.184767510648,0.8152324893520001,0,1,1
327,0.0,train,0.9702399028270665,0.029760097172933493,1,1,1
328,0.0,train,0.962673116805625,0.037326883194374896,1,1,1
329,1.0,train,0.9904406019932107,0.009559398006789342,1,1,1
330,0.0,train,0.002757622669611567,0.9972423773303885,0,1,1
331,1.0,dev,0.9999992428850862,7.571149137176685e-07,1,1,1
332,0.0,train,0.19193278182505782,0.8080672181749422,0,1,1
333,0.0,train,0.0001233945550733463,0.9998766054449267,0,1,1
334,1.0,train,0.9999985176425976,1.4823574023864895e-06,1,1,1
335,0.0,train,6.962257598823245e-06,0.9999930377424012,0,1,1
336,0.0,train,0.9977829871964613,0.00221701280353858,1,1,1
337,0.0,train,0.011158032357867807,0.9888419676421322,0,1,1
338,0.0,dev,1.6797319334019528e-06,0.9999983202680667,0,1,1
339,1.0,train,0.47657965106367595,0.523420348936324,0,1,1
340,1.0,train,0.9999801666371974,1.9833362802742514e-05,1,1,1
341,0.0,dev,0.8577681013541613,0.1422318986458388,1,1,1
342,0.0,train,9.223470677053776e-06,0.9999907765293229,0,1,1
343,1.0,train,0.42250463481418826,0.5774953651858118,0,1,1
344,1.0,train,0.0020829707210977396,0.9979170292789022,0,1,1
345,1.0,train,0.13477590699708827,0.8652240930029118,0,1,1
346,1.0,test,0.9999662627642778,3.373723572217706e-05,1,1,1
347,0.0,train,7.88925991179539e-06,0.9999921107400882,0,1,1
348,0.0,train,1.130080624956765e-05,0.9999886991937503,0,1,1
349,1.0,train,0.9766692309793042,0.02333076902069579,1,1,1
350,1.0,train,0.9546474202521392,0.045352579747860715,1,1,1
351,1.0,train,0.9984021542396653,0.001597845760334793,1,1,1
352,1.0,train,0.9999991285658398,8.714341601815296e-07,1,1,1
353,1.0,train,0.9993929242969448,0.0006070757030551938,1,1,1
354,0.0,train,0.828938806208442,0.171061193791558,1,1,1
355,1.0,train,0.9999435020737535,5.649792624653015e-05,1,1,1
356,1.0,train,0.47268347662043286,0.5273165233795671,0,1,1
357,1.0,dev,0.1097057753333734,0.8902942246666267,0,1,1
358,1.0,train,0.9999990125358168,9.874641832282496e-07,1,1,1
359,0.0,dev,0.9999111191855661,8.888081443388417e-05,1,1,1
360,1.0,train,0.9999973157992808,2.68420071929213e-06,1,1,1
361,1.0,train,0.9920620044317628,0.007937995568237223,1,1,1
362,0.0,test,0.9956005867148862,0.004399413285113908,1,1,1
363,0.0,train,4.7576466573901035e-05,0.9999524235334262,0,1,1
364,1.0,train,0.9907319863796433,0.009268013620356695,1,1,1
365,0.0,train,0.8006919997179627,0.19930800028203732,1,1,1
366,0.0,train,0.010489092033239037,0.9895109079667609,0,1,1
367,0.0,test,0.9986114767159161,0.0013885232840838988,1,1,1
368,0.0,train,0.0736962691974336,0.9263037308025663,0,1,1
369,0.0,train,8.220192019817452e-05,0.9999177980798019,0,1,1
370,0.0,dev,0.3960681662740417,0.6039318337259583,0,1,1
371,1.0,test,0.999447221286154,0.0005527787138459362,1,1,1
372,1.0,train,0.3486451488696663,0.6513548511303336,0,1,1
373,1.0,train,0.9961755157060411,0.0038244842939589275,1,1,1
374,0.0,test,0.00806199257096129,0.9919380074290386,0,1,1
375,1.0,train,0.9991169540614205,0.0008830459385795647,1,1,1
376,0.0,train,0.9999771719961102,2.282800388970824e-05,1,1,1
377,,,2.7694069717244437e-06,0.9999972305930283,0,1,1
378,0.0,train,1.392547228700447e-06,0.9999986074527712,0,1,1
379,0.0,train,6.502815405036199e-05,0.9999349718459496,0,1,1
380,0.0,train,0.0007916296809516352,0.9992083703190484,0,1,1
381,1.0,train,0.5964331462646254,0.40356685373537454,1,1,1
382,1.0,train,0.11596072436426733,0.8840392756357327,0,1,1
383,0.0,train,0.5428632831725052,0.45713671682749485,1,1,1
384,0.0,train,0.9626731139945011,0.03732688600549891,1,1,1
385,1.0,train,0.9999611688844988,3.8831115501148726e-05,1,1,1
386,0.0,train,0.013428253902977574,0.9865717460970225,0,1,1
387,1.0,train,0.9999983971896176,1.6028103825255688e-06,1,1,1
388,1.0,test,0.999648561740809,0.00035143825919094977,1,1,1
389,1.0,train,0.5660185351961015,0.43398146480389854,1,1,1
390,0.0,train,0.7217432182679956,0.2782567817320044,1,1,1
391,1.0,test,0.33458943461801643,0.6654105653819835,0,1,1
392,1.0,train,0.9995044641049065,0.0004955358950935081,1,1,1
393,0.0,test,0.18952109819626,0.8104789018037399,0,1,1
394,0.0,train,0.00010554682394673889,0.9998944531760533,0,1,1
395,0.0,train,8.092755742737694e-05,0.9999190724425726,0,1,1
396,1.0,dev,0.9999987121046723,1.2878953278038655e-06,1,1,1
397,1.0,train,0.9999617708892322,3.822911076789055e-05,1,1,1
398,1.0,train,0.5312093733737563,0.46879062662624377,1,1,1
399,1.0,train,0.9999285809922529,7.141900774708145e-05,1,1,1
400,1.0,train,0.9999509133800726,4.908661992743776e-05,1,1,1
401,1.0,train,0.7981867777396212,0.20181322226037882,1,1,1
402,0.0,train,7.254361971643457e-05,0.9999274563802836,0,1,1
403,1.0,train,0.9999978766221119,2.1233778879567074e-06,1,1,1
404,0.0,train,4.785094370109654e-06,0.9999952149056299,0,1,1
405,0.0,train,0.006097561221778061,0.993902438778222,0,1,1
406,1.0,test,0.9999972735295863,2.726470413526855e-06,1,1,1
407,0.0,dev,0.5851011542032312,0.41489884579676883,1,1,1
408,1.0,test,0.999637409859621,0.00036259014037894077,1,1,1
409,1.0,train,0.999290329555988,0.000709670444012075,1,1,1
410,1.0,train,0.9999917321251305,8.26787486958804e-06,1,1,1
411,1.0,train,0.999986368650255,1.3631349744981273e-05,1,1,1
412,0.0,train,1.4971081559394554e-05,0.9999850289184405,0,1,1
413,0.0,train,0.6959583250334526,0.30404167496654744,1,1,1
414,0.0,train,2.7694053700391684e-06,0.9999972305946301,0,1,1
415,0.0,train,0.37754066879814546,0.6224593312018546,0,1,1
416,1.0,train,0.9263037343628702,0.07369626563712976,1,1,1
417,0.0,train,0.016152836361393502,0.9838471636386065,0,1,1
418,1.0,train,0.9999886991927928,1.1300807207304202e-05,1,1,1
419,1.0,train,0.9999452402262305,5.475977376945068e-05,1,1,1
420,1.0,train,0.9999990278451066,9.721548934973103e-07,1,1,1
421,1.0,train,0.00010554685028786313,0.9998944531497121,0,1,1
422,1.0,train,0.9976403393398611,0.0023596606601388476,1,1,1
423,1.0,test,0.9999768125227168,2.3187477283320488e-05,1,1,1
424,0.0,train,0.020964239288915158,0.979035760711085,0,1,1
425,1.0,dev,0.999998397189704,1.6028102961337586e-06,1,1,1
426,1.0,train,0.9974885362738773,0.002511463726122727,1,1,1
427,0.0,test,0.8376199633332891,0.16238003666671086,1,1,1
428,1.0,train,0.943347572302941,0.05665242769705893,1,1,1
429,0.0,test,0.00044421835230500545,0.9995557816476949,0,1,1
430,0.0,train,0.27202455699569283,0.7279754430043072,0,1,1
431,0.0,test,0.0028009264676790765,0.9971990735323208,0,1,1
432,0.0,train,0.9990889487750818,0.000911051224918189,1,1,1
433,1.0,train,0.9999975175205876,2.4824794123520716e-06,1,1,1
434,0.0,test,0.9995826843217799,0.00041731567822000476,1,1,1
435,0.0,dev,1.3007128127293144e-05,0.9999869928718728,0,1,1
436,1.0,train,0.9407897546541052,0.05921024534589488,1,1,1
437,0.0,train,0.00026119028553565264,0.9997388097144644,0,1,1
438,0.0,train,0.9678992950191774,0.03210070498082264,1,1,1
439,0.0,train,0.0015731121799766985,0.9984268878200232,0,1,1
440,1.0,train,0.18476751289253923,0.8152324871074607,0,1,1
441,0.0,train,7.72219262511062e-05,0.999922778073749,0,1,1
442,1.0,train,0.9996800016579082,0.0003199983420917004,1,1,1
443,0.0,train,0.9449947074464767,0.055005292553523225,1,1,1
444,1.0,dev,0.9241418215456966,0.0758581784543034,1,1,1
445,1.0,train,0.9999697580318762,3.0241968123851377e-05,1,1,1
446,0.0,train,0.02333076626189706,0.9766692337381029,0,1,1
447,1.0,train,0.9433475691174941,0.05665243088250589,1,1,1
448,0.0,train,0.027585280228221407,0.9724147197717786,0,1,1
449,1.0,train,0.9976032686600205,0.0023967313399795337,1,1,1
450,0.0,train,0.0047551989225383595,0.9952448010774616,0,1,1
451,1.0,train,0.9820137862215829,0.017986213778417023,1,1,1
452,0.0,train,0.033589502505986975,0.966410497494013,0,1,1
453,1.0,train,0.9304582583867416,0.06954174161325838,1,1,1
454,1.0,train,0.9979492565954077,0.002050743404592303,1,1,1
455,1.0,train,0.5506073655352404,0.44939263446475963,1,1,1
456,1.0,dev,0.8152324915965391,0.1847675084034608,1,1,1
457,0.0,train,0.021287350085955337,0.9787126499140446,0,1,1
458,1.0,test,0.9999877809229754,1.221907702475507e-05,1,1,1
459,1.0,train,0.5964331462646254,0.40356685373537454,1,1,1
460,1.0,train,0.04885778346944646,0.9511422165305534,0,1,1
461,0.0,test,0.00035143832740952053,0.9996485616725905,0,1,1
462,1.0,train,0.1311732288565291,0.868826771143471,0,1,1
463,1.0,train,0.6261241702517976,0.37387582974820255,1,1,1
464,1.0,train,0.008315778231705517,0.9916842217682945,0,1,1
465,0.0,train,0.9997262783873438,0.0002737216126561334,1,1,1
466,0.0,train,0.00041731569851878125,0.9995826843014813,0,1,1
467,0.0,train,0.2538610126142736,0.7461389873857265,0,1,1
468,1.0,train,0.995244800292915,0.0047551997070850146,1,1,1
469,1.0,train,0.004198796213823292,0.9958012037861768,0,1,1
470,1.0,train,0.008315778969011374,0.9916842210309885,0,1,1
471,1.0,train,0.0003101559947981226,0.9996898440052019,0,1,1
472,1.0,train,0.9999623635501157,3.763644988423303e-05,1,1,1
473,0.0,train,0.0003250359795975585,0.9996749640204025,0,1,1
474,1.0,train,0.46879062662624377,0.5312093733737563,0,1,1
475,0.0,train,0.0020829709030701724,0.9979170290969297,0,1,1
476,0.0,train,0.0001881420663951791,0.9998118579336048,0,1,1
477,1.0,train,0.9999124970399587,8.750296004139717e-05,1,1,1
478,1.0,train,0.9999745335862222,2.5466413777684584e-05,1,1,1
479,0.0,train,0.000144259893232072,0.9998557401067679,0,1,1
480,1.0,train,0.9999984942982482,1.505701751872793e-06,1,1,1
481,0.0,train,0.6654105454764747,0.3345894545235253,1,1,1
482,0.0,train,0.01098694032324139,0.9890130596767587,0,1,1
483,1.0,train,0.682573734412324,0.31742626558767584,1,1,1
484,1.0,train,0.9073122313857378,0.09268776861426219,1,1,1
485,1.0,test,0.8933093982432729,0.10669060175672705,1,1,1
486,0.0,test,0.0007554057958243553,0.9992445942041757,0,1,1
487,1.0,train,0.9899864278257703,0.010013572174229756,1,1,1
488,1.0,train,0.9974090209376222,0.002590979062377779,1,1,1
489,1.0,dev,0.9999914696826107,8.530317389259302e-06,1,1,1
490,1.0,dev,0.9956684978950885,0.004331502104911587,1,1,1
491,0.0,train,0.9184802473724225,0.08151975262757762,1,1,1
492,1.0,dev,0.024423092273132604,0.9755769077268673,0,1,1
493,0.0,train,0.00015598034256930618,0.9998440196574307,0,1,1
494,1.0,train,0.9999493552679038,5.064473209612262e-05,1,1,1
495,1.0,train,0.9674102566433705,0.032589743356629446,1,1,1
496,1.0,train,0.9993436270631025,0.0006563729368974789,1,1,1
497,0.0,train,0.5350984286266115,0.46490157137338844,1,1,1
498,0.0,train,0.8333245994514084,0.16667540054859167,1,1,1
499,1.0,train,0.9362850004144266,0.06371499958557338,1,1,1
500,1.0,train,0.9999706884647638,2.9311535236106715e-05,1,1,1
501,0.0,train,0.0004728544574092435,0.9995271455425908,0,1,1
502,1.0,train,0.9999901816767609,9.818323239215074e-06,1,1,1
503,1.0,train,0.9999771719939206,2.28280060794626e-05,1,1,1
504,1.0,train,0.931462509346239,0.06853749065376102,1,1,1
505,1.0,train,0.999480695158466,0.0005193048415339412,1,1,1
506,1.0,train,0.8418256472515684,0.1581743527484317,1,1,1
507,1.0,train,0.9999983971889979,1.602811002195686e-06,1,1,1
508,1.0,train,0.21733751090819795,0.7826624890918021,0,1,1
509,0.0,train,0.8791467595934565,0.12085324040654355,1,1,1
510,1.0,dev,0.9999984942985184,1.505701481756336e-06,1,1,1
511,1.0,dev,0.9999955745111135,4.425488886418409e-06,1,1,1
512,1.0,test,0.6992544210587585,0.3007455789412415,1,1,1
513,0.0,train,0.07477003723826106,0.9252299627617389,0,1,1
514,0.0,train,0.3665897363221599,0.6334102636778401,0,1,1
515,0.0,dev,0.00015118194202958023,0.9998488180579704,0,1,1
516,1.0,train,0.9999978431837557,2.1568162441838475e-06,1,1,1
517,1.0,train,0.9992903295265972,0.0007096704734026817,1,1,1
518,1.0,train,0.9999886991902406,1.1300809759514638e-05,1,1,1
519,1.0,train,0.9991440994992463,0.0008559005007535637,1,1,1
520,0.0,train,0.0003982130483546006,0.9996017869516455,0,1,1
521,1.0,train,0.9999753170975348,2.468290246519076e-05,1,1,1
522,0.0,test,0.004468384332777712,0.9955316156672224,0,1,1
523,0.0,train,0.049589027197777955,0.950410972802222,0,1,1
524,1.0,train,0.32082130731838393,0.6791786926816161,0,1,1
525,0.0,train,0.00019716943150902005,0.999802830568491,0,1,1
526,0.0,train,0.890294223211224,0.10970577678877605,1,1,1
527,1.0,train,0.30404168757891037,0.6959583124210896,0,1,1
528,0.0,train,0.9926541733576122,0.00734582664238785,1,1,1
529,1.0,train,0.9999989488502856,1.0511497143140895e-06,1,1,1
530,0.0,test,0.06371498714048861,0.9362850128595114,0,1,1
531,1.0,test,0.9995694428341033,0.0004305571658965632,1,1,1
532,0.0,dev,1.6964419432554568e-05,0.9999830355805674,0,1,1
533,0.0,dev,0.03676946185350724,0.9632305381464928,0,1,1
534,1.0,train,0.8558511396138365,0.14414886038616348,1,1,1
535,1.0,train,0.9999921107368123,7.889263187812644e-06,1,1,1
536,1.0,train,0.9999485578030132,5.144219698679778e-05,1,1,1
537,1.0,train,0.9999947446062537,5.255393746238801e-06,1,1,1
538,0.0,train,0.99778298671438,0.00221701328561993,1,1,1
539,1.0,train,0.9863631639418898,0.013636836058110143,1,1,1
540,1.0,train,0.9653811592933151,0.034618840706684854,1,1,1
541,0.0,dev,0.004264635578065363,0.9957353644219346,0,1,1
542,0.0,train,0.9759464452691005,0.024053554730899627,1,1,1
543,0.0,train,8.801096461822799e-06,0.999991198903538,0,1,1
544,1.0,train,0.9984268879889733,0.0015731120110267544,1,1,1
545,1.0,dev,0.9711290943070805,0.028870905692919474,1,1,1
546,1.0,train,0.9697854099853612,0.030214590014638824,1,1,1
547,0.0,train,0.0025114634204855195,0.9974885365795144,0,1,1
548,0.0,train,0.09138209440632031,0.9086179055936797,0,1,1
549,1.0,train,0.9991306325105234,0.000869367489476654,1,1,1
550,1.0,train,0.0006986756794904346,0.9993013243205094,0,1,1
551,1.0,train,0.9999804741085996,1.952589140047996e-05,1,1,1
552,0.0,train,4.683890030171198e-05,0.9999531610996982,0,1,1
553,0.0,train,0.8311430394931456,0.1688569605068544,1,1,1
554,1.0,train,0.9902915254436233,0.009708474556376736,1,1,1
555,0.0,train,0.027169229763340127,0.97283077023666,0,1,1
556,1.0,train,0.9999897104912485,1.0289508751519468e-05,1,1,1
557,1.0,train,0.9999369724417393,6.302755826080323e-05,1,1,1
558,1.0,train,0.9997175919153677,0.00028240808463236036,1,1,1
559,0.0,train,1.202964163891872e-05,0.9999879703583612,0,1,1
560,0.0,train,0.002217013410260638,0.9977829865897393,0,1,1
561,1.0,train,0.999831347293497,0.0001686527065030844,1,1,1
562,0.0,train,0.00021995337407048466,0.9997800466259295,0,1,1
563,0.0,train,0.9957353659722212,0.004264634027778825,1,1,1
564,0.0,train,0.008577485421631871,0.9914225145783682,0,1,1
565,0.0,train,2.247409357985998e-05,0.9999775259064201,0,1,1
566,1.0,train,0.9416541606163594,0.05834583938364054,1,1,1
567,0.0,train,0.0012065897122463891,0.9987934102877537,0,1,1
568,0.0,train,0.2254166158350767,0.7745833841649233,0,1,1
569,0.0,train,0.9890130584016431,0.010986941598356793,1,1,1
570,1.0,train,0.9999994194997918,5.805002082157342e-07,1,1,1
571,0.0,train,0.00036829795001750944,0.9996317020499824,0,1,1
572,0.0,train,8.888085296302572e-05,0.9999111191470369,0,1,1
573,0.0,dev,0.9263037236819582,0.07369627631804179,1,1,1
574,1.0,train,0.9949396674756937,0.00506033252430631,1,1,1
575,0.0,train,0.024053552806975062,0.9759464471930249,0,1,1
576,1.0,train,0.9998706843091855,0.00012931569081447902,1,1,1
577,0.0,train,0.9632305332646994,0.03676946673530058,1,1,1
578,0.0,train,3.94425804339498e-05,0.9999605574195661,0,1,1
579,1.0,train,0.9990746152041895,0.0009253847958104836,1,1,1
580,1.0,test,0.012624951278391234,0.9873750487216089,0,1,1
581,1.0,train,0.9999950630108804,4.936989119580728e-06,1,1,1
582,0.0,train,0.9719924801039095,0.028007519896090502,1,1,1
583,1.0,train,0.014728615147168188,0.9852713848528318,0,1,1
584,0.0,dev,0.5350984286266115,0.46490157137338844,1,1,1
585,1.0,dev,0.8652240825770433,0.1347759174229568,1,1,1
586,1.0,train,0.9996430294371624,0.0003569705628376405,1,1,1
587,1.0,train,0.9372107878954106,0.06278921210458951,1,1,1
588,0.0,train,0.3486451217982255,0.6513548782017746,0,1,1
589,0.0,train,7.484624619041835e-05,0.9999251537538096,0,1,1
590,0.0,train,1.5206846205528674e-05,0.9999847931537944,0,1,1
591,1.0,train,0.9958012040704398,0.004198795929560238,1,1,1
592,0.0,train,0.004905406669496315,0.9950945933305037,0,1,1
593,1.0,train,0.9999952890928631,4.7109071369183105e-06,1,1,1
594,1.0,test,0.9579122738866624,0.04208772611333754,1,1,1
595,1.0,dev,0.9999986918234296,1.308176570461548e-06,1,1,1
596,1.0,train,0.9998876467593021,0.0001123532406979719,1,1,1
597,0.0,train,0.7401743563075446,0.25982564369245537,1,1,1
598,1.0,test,0.9416541589789721,0.0583458410210279,1,1,1
599,0.0,train,0.0001686527957627542,0.9998313472042372,0,1,1
600,0.0,train,0.9399133536130195,0.06008664638698042,1,1,1
601,0.0,train,9.028036223822059e-05,0.9999097196377618,0,1,1
602,0.0,train,0.0058199585280711485,0.9941800414719287,0,1,1
603,0.0,train,0.00075540568334516,0.9992445943166548,0,1,1
604,1.0,train,0.9999435020645723,5.649793542781722e-05,1,1,1
605,0.0,train,4.092912906334986e-06,0.9999959070870937,0,1,1
606,0.0,train,0.00023782209935634816,0.9997621779006437,0,1,1
607,0.0,train,0.23651624720889433,0.7634837527911056,0,1,1
608,1.0,train,0.9449947066719189,0.05500529332808128,1,1,1
609,0.0,train,0.998522056702983,0.0014779432970168812,1,1,1
610,1.0,dev,0.9996374098822379,0.0003625901177620234,1,1,1
611,1.0,train,0.033085977316112354,0.9669140226838876,0,1,1
612,1.0,train,0.920789673717312,0.07921032628268802,1,1,1
613,1.0,train,0.9999995407864749,4.5921352511585475e-07,1,1,1
614,0.0,dev,0.9999903338860713,9.666113928852286e-06,1,1,1
615,0.0,train,0.8757869948899666,0.12421300511003351,1,1,1
616,1.0,train,0.9999792148357957,2.078516420443498e-05,1,1,1
617,1.0,train,0.9999970055596309,2.994440369233899e-06,1,1,1
618,0.0,train,0.00027372163903345527,0.9997262783609665,0,1,1
619,0.0,train,2.0462932525016575e-05,0.9999795370674749,0,1,1
620,1.0,train,0.9998365353500975,0.00016346464990249686,1,1,1
621,1.0,train,0.9999662627906227,3.37372093771972e-05,1,1,1
622,0.0,train,0.02635535275052602,0.973644647249474,0,1,1
623,0.0,train,1.2411499005027783e-05,0.999987588500995,0,1,1
624,0.0,train,0.022286187162670668,0.9777138128373294,0,1,1
625,0.0,test,0.0030278345353930056,0.9969721654646069,0,1,1
626,1.0,train,0.9999911988999153,8.801100084715297e-06,1,1,1
627,1.0,dev,0.9830850884677924,0.0169149115322077,1,1,1
628,1.0,dev,0.9976403392159895,0.002359660784010561,1,1,1
629,1.0,train,0.774583389368527,0.22541661063147309,1,1,1
630,0.0,train,0.025957357480362795,0.9740426425196371,0,1,1
631,0.0,train,0.9740426440266556,0.025957355973344448,1,1,1
632,0.0,train,0.0006878510628706766,0.9993121489371294,0,1,1
633,0.0,test,0.0004044815400157257,0.9995955184599843,0,1,1
634,1.0,train,0.9989515304901986,0.0010484695098015643,1,1,1
635,1.0,train,0.999968306751533,3.169324846702049e-05,1,1,1
636,1.0,test,0.9869795091201805,0.013020490879819572,1,1,1
637,1.0,train,0.9992083704582806,0.0007916295417193251,1,1,1
638,0.0,train,0.3702253786982541,0.6297746213017459,0,1,1
639,0.0,train,0.8947894618940994,0.10521053810590075,1,1,1
640,0.0,train,0.004070136870255261,0.9959298631297449,0,1,1
641,1.0,train,0.9999937590701057,6.240929894291191e-06,1,1,1
642,1.0,test,0.9999952890926141,4.710907385900628e-06,1,1,1
643,0.0,train,0.1347759261111811,0.865224073888819,0,1,1
644,0.0,train,0.0007672925899427518,0.9992327074100573,0,1,1
645,1.0,train,0.9999982396561566,1.7603438432991426e-06,1,1,1
646,0.0,train,0.16238003666671086,0.8376199633332891,0,1,1
647,1.0,dev,0.9678992961766343,0.03210070382336566,1,1,1
648,0.0,train,0.002714985741344722,0.9972850142586552,0,1,1
649,1.0,train,0.8596637577007394,0.14033624229926062,1,1,1
650,0.0,train,0.0004583128391986626,0.9995416871608014,0,1,1
651,1.0,train,0.9966755625343799,0.0033244374656201153,1,1,1
652,1.0,train,0.997782987447803,0.002217012552197063,1,1,1
653,0.0,train,0.0002653023457742055,0.9997346976542258,0,1,1
654,1.0,test,0.9999981837784171,1.8162215830193493e-06,1,1,1
655,1.0,train,0.999799726327362,0.00020027367263792927,1,1,1
656,0.0,train,0.02931223255328453,0.9706877674467155,0,1,1
657,1.0,test,0.99998719452713,1.280547287007714e-05,1,1,1
658,1.0,test,0.9999566809796951,4.331902030491942e-05,1,1,1
659,0.0,train,0.009412591115931453,0.9905874088840685,0,1,1
660,1.0,train,0.9999274563558449,7.254364415504217e-05,1,1,1
661,1.0,train,0.10521053530027198,0.8947894646997281,0,1,1
662,0.0,train,0.45713671682749485,0.5428632831725052,0,1,1
663,1.0,train,0.9999993106387632,6.893612366817365e-07,1,1,1
664,0.0,test,0.00018235467484783397,0.9998176453251522,0,1,1
665,0.0,train,0.6688802537704063,0.33111974622959367,1,1,1
666,1.0,test,0.9999970055599198,2.9944400802464233e-06,1,1,1
667,1.0,train,0.9930961609454403,0.006903839054559786,1,1,1
668,1.0,train,0.9999263140788348,7.368592116524926e-05,1,1,1
669,1.0,train,0.8991213833519949,0.10087861664800518,1,1,1
670,1.0,train,0.6187804267137441,0.3812195732862558,1,1,1
671,1.0,train,0.8397339616560072,0.16026603834399278,1,1,1
672,1.0,train,0.9960545933251562,0.003945406674843853,1,1,1
673,1.0,train,0.0747700506393715,0.9252299493606284,0,1,1
674,1.0,test,0.999220633967177,0.0007793660328229759,1,1,1
675,0.0,train,0.7549149813536518,0.24508501864634827,1,1,1
676,1.0,dev,0.8104789018037399,0.18952109819626,1,1,1
677,1.0,train,0.9999879703630189,1.2029636981130165e-05,1,1,1
678,0.0,train,2.111247816311894e-05,0.999978887521837,0,1,1
679,0.0,dev,2.247409638450163e-05,0.9999775259036154,0,1,1
680,0.0,train,0.480478678047907,0.5195213219520929,0,1,1
681,1.0,train,0.9999443779190043,5.562208099569181e-05,1,1,1
682,1.0,train,0.9993436271602346,0.0006563728397653884,1,1,1
683,0.0,train,0.25386100696924885,0.746138993030751,0,1,1
684,1.0,test,0.9999485577648195,5.144223518052004e-05,1,1,1
685,0.0,test,0.018833129133221497,0.9811668708667786,0,1,1
686,0.0,train,0.028870905066235283,0.9711290949337648,0,1,1
687,1.0,train,0.8519528019683106,0.1480471980316895,1,1,1
688,1.0,train,0.999978887522653,2.111247734714129e-05,1,1,1
689,0.0,train,0.1127954092652892,0.8872045907347107,0,1,1
690,1.0,train,0.998451238701209,0.0015487612987910321,1,1,1
691,1.0,train,0.961533803848107,0.038466196151892916,1,1,1
692,1.0,train,0.9998822553871166,0.00011774461288348046,1,1,1
693,0.0,train,0.05184546225475575,0.9481545377452444,0,1,1
694,0.0,train,0.0007672922643366567,0.9992327077356633,0,1,1
695,0.0,train,0.0014103581923161368,0.9985896418076838,0,1,1
696,0.0,train,0.2974699363766584,0.7025300636233416,0,1,1
697,0.0,train,0.9895109080827562,0.010489091917243882,1,1,1
698,0.0,train,1.018809674559242e-06,0.9999989811903255,0,1,1
699,1.0,dev,0.9911526446148965,0.008847355385103528,1,1,1
700,1.0,train,0.9985674633213586,0.0014325366786413557,1,1,1
701,1.0,train,0.9999493552894461,5.064471055388179e-05,1,1,1
702,0.0,train,0.00011591929353127975,0.9998840807064688,0,1,1
703,0.0,train,0.9993228057121288,0.0006771942878711181,1,1,1
704,0.0,train,0.04603390370800289,0.953966096291997,0,1,1
705,1.0,train,0.9991169539693928,0.0008830460306071021,1,1,1
706,0.0,dev,0.9407897442783526,0.05921025572164731,1,1,1
707,0.0,train,0.025957357291985502,0.9740426427080145,0,1,1
708,0.0,train,0.008847353531230616,0.9911526464687693,0,1,1
709,0.0,train,0.9362850013033613,0.06371499869663867,1,1,1
710,0.0,train,4.3568809897629574e-06,0.9999956431190101,0,1,1
711,0.0,test,0.0016229674055329014,0.9983770325944672,0,1,1
712,0.0,train,0.6926419831347361,0.30735801686526387,1,1,1
713,1.0,train,0.9999687980809202,3.120191907984489e-05,1,1,1
714,1.0,train,0.9999764473918867,2.3552608113152845e-05,1,1,1
715,0.0,train,0.1710611959045317,0.8289388040954683,0,1,1
716,0.0,train,0.0006070754493522526,0.9993929245506478,0,1,1
717,1.0,train,0.011869119822988251,0.9881308801770118,0,1,1
718,1.0,test,0.9998088956237986,0.00019110437620139576,1,1,1
719,0.0,train,0.21469140906295778,0.7853085909370422,0,1,1
720,0.0,train,0.008847354886926189,0.9911526451130738,0,1,1
721,1.0,train,0.9998785182046593,0.0001214817953405739,1,1,1
722,0.0,train,0.7310585727705126,0.2689414272294874,1,1,1
723,0.0,train,0.0020829703532811677,0.9979170296467188,0,1,1
724,0.0,train,1.723156986352492e-05,0.9999827684301364,0,1,1
725,0.0,train,0.6654105653819835,0.33458943461801643,1,1,1
726,0.0,train,0.000597669377778349,0.9994023306222217,0,1,1
727,0.0,train,0.999664649782894,0.00033535021710598824,1,1,1
728,0.0,train,0.00031015600346109335,0.9996898439965388,0,1,1
729,0.0,train,0.6893056231680122,0.3106943768319878,1,1,1
730,0.0,train,1.0451545735126694e-05,0.9999895484542649,0,1,1
731,1.0,dev,0.9999990577555452,9.422444548181922e-07,1,1,1
732,0.0,test,2.026141783987735e-06,0.999997973858216,0,1,1
733,0.0,dev,0.19930800266002902,0.800691997339971,0,1,1
734,1.0,train,0.9979809860066619,0.0020190139933381427,1,1,1
735,0.0,train,0.0002780308768990501,0.9997219691231009,0,1,1
736,0.0,test,0.024053552806975062,0.9759464471930249,0,1,1
737,1.0,train,0.894789473116614,0.10521052688338609,1,1,1
738,1.0,test,0.5350984286266115,0.46490157137338844,1,1,1
739,1.0,train,0.9907319849173344,0.009268015082665594,1,1,1
740,1.0,train,0.9881308785604405,0.011869121439559538,1,1,1
741,0.0,train,9.422444192781183e-07,0.9999990577555807,0,1,1
742,1.0,train,0.99989770016578,0.00010229983422015104,1,1,1
743,1.0,dev,0.9999971426841566,2.857315843283811e-06,1,1,1
744,1.0,train,0.9996317020336957,0.0003682979663042085,1,1,1
745,1.0,train,0.23370634623958197,0.766293653760418,0,1,1
746,1.0,train,0.9840936119619278,0.015906388038072268,1,1,1
747,1.0,test,0.999993560959775,6.439040224991688e-06,1,1,1
748,0.0,train,0.3960681662740417,0.6039318337259583,0,1,1
749,1.0,train,0.9999927036229667,7.296377033278388e-06,1,1,1
750,1.0,test,0.1500288243424251,0.849971175657575,0,1,1
751,0.0,train,0.0003920418286548466,0.9996079581713451,0,1,1
752,1.0,test,0.9532750388849439,0.046724961115055974,1,1,1
753,0.0,train,0.9518632322971929,0.04813676770280703,1,1,1
754,1.0,train,0.9999892166847942,1.0783315205647929e-05,1,1,1
755,0.0,dev,8.614649853662919e-05,0.9999138535014634,0,1,1
756,1.0,train,0.9996259043809034,0.0003740956190965179,1,1,1
757,1.0,train,0.9999984705875465,1.5294124533977198e-06,1,1,1
758,0.0,train,0.9986749778834896,0.001325022116510479,1,1,1
759,0.0,train,1.4285523317698648e-05,0.9999857144766823,0,1,1
760,0.0,test,0.02517884288927973,0.9748211571107203,0,1,1
761,0.0,train,0.3702253786982541,0.6297746213017459,0,1,1
762,1.0,test,0.8267117962054049,0.17328820379459514,1,1,1
763,1.0,train,0.45326184801538616,0.5467381519846138,0,1,1
764,0.0,dev,0.3702253925955866,0.6297746074044134,0,1,1
765,0.0,train,0.21733751597763018,0.7826624840223698,0,1,1
766,0.0,train,7.934497959782537e-07,0.999999206550204,0,1,1
767,0.0,test,0.7279754430043072,0.27202455699569283,1,1,1
768,1.0,train,0.999997973857787,2.0261422130416224e-06,1,1,1
769,0.0,train,0.9982178038482883,0.001782196151711718,1,1,1
770,1.0,train,0.9748211578879328,0.02517884211206727,1,1,1
771,1.0,test,0.9999917321240611,8.267875938924893e-06,1,1,1
772,1.0,train,0.46879062662624377,0.5312093733737563,0,1,1
773,0.0,train,0.42250463481418826,0.5774953651858118,0,1,1
774,0.0,train,0.004264635530607604,0.9957353644693924,0,1,1
775,1.0,train,0.9995694428477312,0.0004305571522688548,1,1,1
776,0.0,train,3.611981550881658e-06,0.999996388018449,0,1,1
777,1.0,train,0.6757645879592642,0.32423541204073586,1,1,1
778,0.0,train,0.07696083357893281,0.9230391664210672,0,1,1
779,0.0,train,0.7490872187162397,0.2509127812837603,1,1,1
780,0.0,train,0.21733752611649484,0.7826624738835051,0,1,1
781,1.0,train,0.43398146480389854,0.5660185351961015,0,1,1
782,0.0,train,0.00012339458793645357,0.9998766054120636,0,1,1
783,1.0,train,0.2598256379609837,0.7401743620390163,0,1,1
784,0.0,dev,0.004905406087594841,0.9950945939124053,0,1,1
785,1.0,train,0.9390248174286374,0.06097518257136261,1,1,1
786,1.0,train,0.5851011542032312,0.41489884579676883,1,1,1
787,1.0,train,0.8774767810736694,0.1225232189263307,1,1,1
788,0.0,train,0.008315776818536135,0.9916842231814639,0,1,1
789,0.0,train,4.6838881806800865e-05,0.9999531611181933,0,1,1
790,0.0,dev,0.0003740955347273063,0.9996259044652727,0,1,1
791,0.0,train,6.339210522053883e-06,0.9999936607894779,0,1,1
792,0.0,train,0.08389038068460108,0.9161096193153989,0,1,1
793,0.0,train,1.061613178548769e-05,0.9999893838682146,0,1,1
794,0.0,train,0.0071214292988848295,0.9928785707011152,0,1,1
795,0.0,train,0.7931059609645725,0.2068940390354276,1,1,1
796,1.0,train,0.9808759610129465,0.019124038987053598,1,1,1
797,1.0,test,0.9999516743443677,4.832565563215991e-05,1,1,1
798,1.0,train,0.9999982396565981,1.7603434018786115e-06,1,1,1
799,1.0,dev,0.9719924767572491,0.028007523242750902,1,1,1
800,0.0,train,0.00035697071014563253,0.9996430292898543,0,1,1
801,0.0,train,0.8558511488056151,0.14414885119438492,1,1,1
802,1.0,train,0.9999892166882779,1.0783311722108926e-05,1,1,1
803,0.0,train,0.9943580927539266,0.005641907246073482,1,1,1
804,0.0,train,0.9416541626630937,0.05834583733690639,1,1,1
805,1.0,train,0.9994966644839336,0.0005033355160664047,1,1,1
806,1.0,train,0.9136765222384492,0.08632347776155071,1,1,1
807,0.0,test,0.15002882054202774,0.8499711794579723,0,1,1
808,0.0,test,0.0016229673964785827,0.9983770326035213,0,1,1
809,0.0,train,0.0011160141933976965,0.9988839858066023,0,1,1
810,1.0,train,0.999999218851769,7.811482308787574e-07,1,1,1
811,1.0,train,0.991422516027707,0.008577483972292969,1,1,1
812,0.0,test,0.8872045847699186,0.11279541523008142,1,1,1
813,0.0,train,5.285515968851238e-07,0.9999994714484031,0,1,1
814,0.0,train,0.9969246307638527,0.0030753692361473973,1,1,1
815,1.0,train,0.9999982938168998,1.7061831002228008e-06,1,1,1
816,0.0,train,0.043365794127573916,0.9566342058724261,0,1,1
817,1.0,train,0.03514484766402754,0.9648551523359725,0,1,1
818,0.0,train,0.01590639042892043,0.9840936095710796,0,1,1
819,1.0,train,0.38861802670584894,0.6113819732941511,0,1,1
820,1.0,train,0.8774767922879693,0.12252320771203078,1,1,1
821,1.0,train,0.9999986712228022,1.328777197797316e-06,1,1,1
822,0.0,train,3.647853455037216e-05,0.9999635214654498,0,1,1
823,1.0,train,0.9811668691802582,0.01883313081974184,1,1,1
824,1.0,train,0.9930961621778052,0.0069038378221947675,1,1,1
825,0.0,test,0.9441768623996596,0.05582313760034026,1,1,1
826,1.0,train,0.46879062662624377,0.5312093733737563,0,1,1
827,0.0,train,0.00033535000932730867,0.9996646499906727,0,1,1
828,0.0,test,0.04885778312321276,0.9511422168767872,0,1,1
829,1.0,train,0.9999566809638305,4.331903616950578e-05,1,1,1
830,1.0,train,0.9997507675149259,0.00024923248507415993,1,1,1
831,1.0,train,0.9073122113355091,0.09268778866449084,1,1,1
832,1.0,dev,0.998901268836104,0.0010987311638958853,1,1,1
833,1.0,test,0.3242354055108441,0.6757645944891559,0,1,1
834,0.0,test,0.9888419673030315,0.011158032696968426,1,1,1
835,0.0,train,0.24220562325537975,0.7577943767446201,0,1,1
836,1.0,train,0.8289388146603365,0.17106118533966358,1,1,1
837,1.0,train,0.9998601778609121,0.00013982213908790155,1,1,1
838,1.0,train,0.9998893883940725,0.00011061160592744513,1,1,1
839,1.0,train,0.933430803622103,0.06656919637789695,1,1,1
840,1.0,train,0.9997621779872807,0.0002378220127193666,1,1,1
841,0.0,train,0.02442309262817669,0.9755769073718233,0,1,1
842,0.0,dev,0.2254166262422842,0.7745833737577158,0,1,1
843,1.0,train,0.9683812295375416,0.031618770462458395,1,1,1
844,1.0,train,0.999811858004994,0.00018814199500608784,1,1,1
845,0.0,train,0.8918110353738529,0.10818896462614715,1,1,1
846,0.0,train,0.006692851035731592,0.9933071489642685,0,1,1
847,0.0,train,0.010169657528874712,0.9898303424711252,0,1,1
848,0.0,dev,0.0002913699722420173,0.9997086300277579,0,1,1
849,0.0,train,1.5534976128081008e-06,0.9999984465023872,0,1,1
850,0.0,train,0.036769464228433656,0.9632305357715665,0,1,1
851,1.0,train,0.9997262782148718,0.00027372178512818495,1,1,1
852,0.0,train,3.8831108205286326e-05,0.9999611688917949,0,1,1
853,1.0,train,0.9997175918327392,0.0002824081672608738,1,1,1
854,1.0,train,0.9993436272758461,0.0006563727241537836,1,1,1
855,1.0,train,0.998830489475748,0.0011695105242518855,1,1,1
856,1.0,train,0.766293653760418,0.23370634623958197,1,1,1
857,0.0,train,0.38861802670584894,0.6113819732941511,0,1,1
858,1.0,train,0.9997262783611578,0.00027372163884231525,1,1,1
859,1.0,train,0.9999988273584319,1.172641568004943e-06,1,1,1
860,1.0,train,0.9999937590687797,6.240931220218305e-06,1,1,1
861,1.0,train,0.9995344730743144,0.00046552692568567765,1,1,1
862,1.0,test,0.999991986501187,8.013498812984676e-06,1,1,1
863,0.0,train,0.00030061624015238287,0.9996993837598476,0,1,1
864,1.0,train,0.9990889489357228,0.0009110510642772414,1,1,1
865,1.0,train,0.9230391637747005,0.07696083622529949,1,1,1
866,1.0,train,0.9919380089036997,0.008061991096300253,1,1,1
867,0.0,dev,1.3007122355128529e-05,0.9999869928776449,0,1,1
868,1.0,train,0.9921841110518225,0.007815888948177486,1,1,1
869,1.0,train,0.9999239752123666,7.602478763340898e-05,1,1,1
870,0.0,train,0.04084571912078294,0.9591542808792171,0,1,1
871,1.0,train,0.9999973158002771,2.684199722789602e-06,1,1,1
872,0.0,train,0.0016484829479822423,0.9983515170520179,0,1,1
873,1.0,train,0.0321007099578881,0.9678992900421118,0,1,1
874,1.0,train,0.9773707990606431,0.022629200939356862,1,1,1
875,0.0,train,0.014728614498445416,0.9852713855015546,0,1,1
876,1.0,train,0.9999737252197529,2.6274780247124058e-05,1,1,1
877,0.0,test,0.048136770775252025,0.951863229224748,0,1,1
878,1.0,train,0.22815649166448124,0.7718435083355187,0,1,1
879,1.0,train,0.9999970976892254,2.9023107746138122e-06,1,1,1
880,1.0,train,2.902312985314175e-06,0.9999970976870147,0,1,1
881,1.0,train,0.9999702268808363,2.9773119163642662e-05,1,1,1
882,0.0,train,2.4682897626390506e-05,0.9999753171023735,0,1,1
883,0.0,train,0.1159607136712415,0.8840392863287584,0,1,1
884,1.0,train,0.7718434978390747,0.22815650216092537,1,1,1
885,1.0,dev,0.9999890468741488,1.0953125851127107e-05,1,1,1
886,0.0,train,1.5206839124398428e-05,0.9999847931608756,0,1,1
887,0.0,train,0.015663648137291947,0.9843363518627082,0,1,1
888,1.0,train,0.999998126124769,1.8738752309480254e-06,1,1,1
889,0.0,train,0.2942149783515162,0.7057850216484838,0,1,1
890,1.0,train,0.9962345869419968,0.003765413058003011,1,1,1
891,1.0,train,0.9999810748524458,1.8925147554252802e-05,1,1,1
892,1.0,test,0.986363161762174,0.013636838237825967,1,1,1
893,0.0,dev,6.108855147160308e-05,0.9999389114485284,0,1,1
894,0.0,train,0.38861802670584894,0.6113819732941511,0,1,1
895,1.0,test,0.9999978092185755,2.1907814244510025e-06,1,1,1
896,1.0,train,0.990140146396696,0.009859853603303952,1,1,1
897,1.0,train,0.9996946511869351,0.00030534881306480905,1,1,1
898,1.0,train,0.96691402411401,0.03308597588599003,1,1,1
899,0.0,train,1.3709577890795181e-06,0.9999986290422108,0,1,1
900,1.0,test,0.9910145707332652,0.008985429266734842,1,1,1
901,0.0,train,0.0004173157738864957,0.9995826842261135,0,1,1
902,0.0,train,0.9939024375985903,0.006097562401409621,1,1,1
903,0.0,train,0.008061992660334695,0.9919380073396653,0,1,1
904,0.0,train,7.296382116112993e-06,0.9999927036178838,0,1,1
905,1.0,train,0.950410980000705,0.04958901999929504,1,1,1
906,0.0,test,0.9711290933670542,0.02887090663294579,1,1,1
907,1.0,test,0.9999824970679579,1.7502932042091096e-05,1,1,1
908,0.0,train,4.495183353566829e-06,0.9999955048166465,0,1,1
909,0.0,dev,0.0012843081488036255,0.9987156918511965,0,1,1
910,0.0,dev,0.9993228058332961,0.0006771941667037918,1,1,1
911,0.0,train,0.37754066879814546,0.6224593312018546,0,1,1
912,0.0,train,0.9546474196069826,0.045352580393017275,1,1,1
913,1.0,train,0.9997305207922531,0.00026947920774697347,1,1,1
914,1.0,train,0.15203223585907102,0.8479677641409291,0,1,1
915,1.0,train,0.3960681662740417,0.6039318337259583,0,1,1
916,1.0,train,0.9999981551761671,1.844823832863402e-06,1,1,1
917,0.0,test,0.9518632258109201,0.048136774189080016,1,1,1
918,1.0,dev,0.9999971426831461,2.8573168538272753e-06,1,1,1
919,1.0,train,8.349624148203488e-05,0.9999165037585179,0,1,1
920,1.0,train,0.9996540084638222,0.0003459915361776151,1,1,1
921,0.0,train,5.771918245501448e-06,0.9999942280817545,0,1,1
922,1.0,train,0.9999816570990958,1.8342900904126746e-05,1,1,1
923,0.0,train,0.1480471980316895,0.8519528019683106,0,1,1
924,0.0,dev,0.011331754616490018,0.98866824538351,0,1,1
925,0.0,dev,0.13660837772343723,0.8633916222765629,0,1,1
926,1.0,train,0.999973725224919,2.6274775080969065e-05,1,1,1
927,0.0,train,0.2942149783515162,0.7057850216484838,0,1,1
928,1.0,train,0.999992472011726,7.5279882738798655e-06,1,1,1
929,0.0,train,0.000925385048524063,0.9990746149514759,0,1,1
930,0.0,train,0.03732688814730781,0.9626731118526922,0,1,1
931,0.0,train,0.994088930508938,0.00591106949106204,1,1,1
932,1.0,train,0.9925393553015993,0.007460644698400726,1,1,1
933,0.0,dev,0.07055959569867688,0.9294404043013231,0,1,1
934,1.0,train,0.9999980052708534,1.994729146558741e-06,1,1,1
935,1.0,train,0.9999960945161146,3.905483885511737e-06,1,1,1
936,1.0,dev,0.9999885212365673,1.1478763432697538e-05,1,1,1
937,1.0,train,0.9991306324907039,0.0008693675092961172,1,1,1
938,1.0,train,0.16026602430611822,0.8397339756938818,0,1,1
939,1.0,train,0.33458944125318596,0.665410558746814,0,1,1
940,0.0,train,0.5506073655352404,0.44939263446475963,1,1,1
941,0.0,train,0.3007455789412415,0.6992544210587585,0,1,1
942,1.0,train,0.0481367670200415,0.9518632329799585,0,1,1
943,1.0,train,0.8311430394931456,0.1688569605068544,1,1,1
944,0.0,train,0.3960681662740417,0.6039318337259583,0,1,1
945,0.0,train,0.02228618700032614,0.9777138129996737,0,1,1
946,1.0,train,0.999088948774658,0.0009110512253420439,1,1,1
947,1.0,train,0.9999989651470176,1.0348529823681033e-06,1,1,1
948,1.0,train,0.9999715902660495,2.8409733950430896e-05,1,1,1
949,1.0,test,0.9999944056610753,5.59433892478428e-06,1,1,1
950,1.0,dev,0.9559813455908981,0.044018654409101785,1,1,1
951,1.0,train,0.9999989488504106,1.0511495892521575e-06,1,1,1
952,1.0,train,0.990440602257744,0.009559397742256035,1,1,1
953,1.0,train,0.9933071476702477,0.006692852329752154,1,1,1
954,0.0,train,1.5689555455553696e-05,0.9999843104445445,0,1,1
955,0.0,train,0.06008665311947337,0.9399133468805266,0,1,1
956,1.0,train,0.9999977747195467,2.225280453292727e-06,1,1,1
957,0.0,test,3.7266405405766835e-06,0.9999962733594595,0,1,1
958,0.0,train,2.9311535911724663e-05,0.9999706884640883,0,1,1
959,0.0,train,0.001169510482639033,0.998830489517361,0,1,1
960,0.0,train,0.0006667023985957314,0.9993332976014042,0,1,1
961,1.0,train,0.9999807768371796,1.9223162820375857e-05,1,1,1
962,0.0,test,0.9999379494958799,6.205050412019301e-05,1,1,1
963,0.0,train,0.9941800415312048,0.005819958468795306,1,1,1
964,1.0,train,0.006388321891043574,0.9936116781089565,0,1,1
965,1.0,train,0.9999949852635506,5.014736449289575e-06,1,1,1
966,1.0,train,0.9984512387955395,0.0015487612044603955,1,1,1
967,0.0,train,0.011869119910370476,0.9881308800896295,0,1,1
968,0.0,test,7.889260675923765e-06,0.9999921107393239,0,1,1
969,0.0,train,7.112439436260781e-07,0.9999992887560563,0,1,1
970,1.0,test,0.9896718457100683,0.010328154289931736,1,1,1
971,1.0,test,0.15002881864182907,0.8499711813581708,0,1,1
972,1.0,train,0.9977829872108827,0.002217012789117345,1,1,1
973,1.0,test,0.999926314069528,7.36859304718787e-05,1,1,1
974,1.0,train,0.09670579720114003,0.90329420279886,0,1,1
975,1.0,test,0.9697854115135622,0.03021458848643776,1,1,1
976,0.0,train,0.6757646140788307,0.3242353859211693,1,1,1
977,1.0,train,0.9989012687333783,0.001098731266621848,1,1,1
978,1.0,train,0.9999980966151829,1.9033848171316634e-06,1,1,1
979,0.0,test,0.9173026533686324,0.0826973466313676,1,1,1
980,1.0,train,0.9481545326177161,0.05184546738228388,1,1,1
981,0.0,dev,0.12085323249047067,0.8791467675095294,0,1,1
982,1.0,train,0.6688802603710086,0.3311197396289915,1,1,1
983,0.0,train,1.4510476446575974e-05,0.9999854895235535,0,1,1
984,0.0,train,0.01098694263059318,0.9890130573694068,0,1,1
985,0.0,train,0.004264634454898529,0.9957353655451014,0,1,1
986,0.0,train,0.04958902087715875,0.9504109791228412,0,1,1
987,1.0,train,0.9999785550524329,2.144494756712224e-05,1,1,1
988,1.0,test,0.9999768125311169,2.318746888305361e-05,1,1,1
989,1.0,train,0.9999538872670649,4.611273293514823e-05,1,1,1
990,0.0,test,0.8333245891029456,0.16667541089705434,1,1,1
991,1.0,train,0.999993037744468,6.962255532028621e-06,1,1,1
992,1.0,dev,0.993410229086821,0.006589770913179084,1,1,1
993,0.0,train,0.0007321814292847062,0.9992678185707152,0,1,1
994,1.0,train,0.9999138534784394,8.614652156070998e-05,1,1,1
995,0.0,train,0.35936414516010196,0.640635854839898,0,1,1
996,1.0,train,0.9999203270237124,7.967297628763776e-05,1,1,1
997,0.0,train,2.046293515491049e-05,0.9999795370648451,0,1,1
998,1.0,train,0.05419872867740787,0.9458012713225922,0,1,1
999,0.0,train,0.004264633790490119,0.99573536620951,0,1,1
1000,0.0,dev,5.562207858702821e-05,0.999944377921413,0,1,1
1001,0.0,train,0.010328152252759286,0.9896718477472407,0,1,1
1002,1.0,train,0.9999941371847522,5.8628152479254554e-06,1,1,1
1003,1.0,train,0.99977306611868,0.0002269338813201565,1,1,1
1004,0.0,train,0.0913820956435847,0.9086179043564153,0,1,1
1005,0.0,train,1.670142315464395e-05,0.9999832985768453,0,1,1
1006,0.0,train,0.20689405370611846,0.7931059462938815,0,1,1
1007,1.0,train,0.9999962146756243,3.7853243758508853e-06,1,1,1
1008,1.0,train,0.9978510507123804,0.002148949287619557,1,1,1
1009,0.0,train,0.001016243882225845,0.9989837561177741,0,1,1
1010,1.0,train,0.9977127724993311,0.0022872275006687857,1,1,1
1011,0.0,train,0.00013765463471446685,0.9998623453652856,0,1,1
1012,1.0,train,0.0020507438067555793,0.9979492561932444,0,1,1
1013,1.0,train,0.9948603892310115,0.005139610768988482,1,1,1
1014,0.0,train,0.480478678047907,0.5195213219520929,0,1,1
1015,0.0,train,0.07696083940093962,0.9230391605990603,0,1,1
1016,1.0,train,0.9996430293490102,0.0003569706509897931,1,1,1
1017,1.0,train,0.9999955048164926,4.495183507418756e-06,1,1,1
1018,0.0,train,0.0012448434873535818,0.9987551565126466,0,1,1
1019,0.0,train,0.6757645944891559,0.3242354055108441,1,1,1
1020,1.0,dev,0.8807970701552504,0.11920292984474948,1,1,1
1021,1.0,train,0.9999976312010038,2.3687989961560106e-06,1,1,1
1022,1.0,train,0.9999975938973433,2.4061026567986085e-06,1,1,1
1023,0.0,train,0.00026119024127528134,0.9997388097587246,0,1,1
1024,0.0,train,0.0002868540364502142,0.9997131459635498,0,1,1
1025,1.0,train,0.991684220731458,0.008315779268541896,1,1,1
1026,0.0,train,0.9822877008428855,0.017712299157114603,1,1,1
1027,1.0,train,0.9998746625232382,0.00012533747676176456,1,1,1
1028,1.0,train,0.21206880435710532,0.7879311956428947,0,1,1
1029,0.0,train,0.07263671288517125,0.9273632871148288,0,1,1
1030,0.0,train,0.5621765008857981,0.4378234991142019,1,1,1
1031,1.0,train,0.9999469248971955,5.307510280445149e-05,1,1,1
1032,1.0,test,0.9996317020926708,0.00036829790732921747,1,1,1
1033,1.0,dev,0.06278921561212787,0.9372107843878722,0,1,1
1034,1.0,train,0.9702399076675203,0.02976009233247971,1,1,1
1035,0.0,train,0.44939263446475963,0.5506073655352404,0,1,1
1036,1.0,train,0.9999640869991534,3.5913000846554204e-05,1,1,1
1037,1.0,train,0.9992327074457596,0.0007672925542403223,1,1,1
1038,1.0,train,0.999874662512588,0.00012533748741200794,1,1,1
1039,0.0,dev,1.4971086118657325e-05,0.9999850289138813,0,1,1
1040,1.0,train,0.9999968618522496,3.138147750554121e-06,1,1,1
1041,0.0,train,0.0006462031463753883,0.9993537968536247,0,1,1
1042,0.0,dev,0.9978510502470643,0.002148949752935554,1,1,1
1043,0.0,train,0.003376613108850049,0.9966233868911499,0,1,1
1044,1.0,train,0.9998579763953125,0.00014202360468751742,1,1,1
1045,0.0,train,0.0018675661289303401,0.9981324338710698,0,1,1
1046,1.0,train,0.9974490875727892,0.0025509124272108737,1,1,1
1047,1.0,train,0.9579122749379932,0.04208772506200682,1,1,1
1048,1.0,train,0.9999936607923288,6.3392076712510925e-06,1,1,1
1049,1.0,train,0.8354835411997897,0.16451645880021026,1,1,1
1050,1.0,train,0.999984310454245,1.568954575514271e-05,1,1,1
1051,0.0,train,0.8418256512199033,0.15817434878009673,1,1,1
1052,1.0,dev,0.9999580137001307,4.198629986918882e-05,1,1,1
1053,1.0,train,0.9999885212301731,1.1478769826840269e-05,1,1,1
1054,0.0,train,0.5506073655352404,0.44939263446475963,1,1,1
1055,1.0,train,0.9999516743839549,4.832561604500569e-05,1,1,1
1056,0.0,train,0.0005193047562157605,0.9994806952437842,0,1,1
1057,1.0,train,0.9999947446038254,5.255396174493959e-06,1,1,1
1058,1.0,test,0.9989677689642056,0.001032231035794472,1,1,1
1059,1.0,train,0.1645164628965632,0.8354835371034369,0,1,1
1060,1.0,train,0.999195913970464,0.0008040860295360258,1,1,1
1061,0.0,train,0.052618957804669055,0.9473810421953308,0,1,1
1062,0.0,train,0.00015598031497269108,0.9998440196850273,0,1,1
1063,0.0,train,0.13846178879140303,0.861538211208597,0,1,1
1064,1.0,dev,0.6757645879592642,0.32423541204073586,1,1,1
1065,1.0,train,0.9998686482310671,0.00013135176893286092,1,1,1
1066,1.0,train,0.9939024381968724,0.006097561803127557,1,1,1
1067,1.0,train,0.999955305947491,4.4694052509018356e-05,1,1,1
1068,1.0,train,0.9999263140483845,7.368595161551593e-05,1,1,1
1069,1.0,dev,0.979976559295341,0.020023440704659095,1,1,1
1070,1.0,train,0.9820137863202811,0.017986213679718945,1,1,1
1071,0.0,train,0.5389832206876841,0.4610167793123159,1,1,1
1072,0.0,train,1.4738981150902296e-05,0.9999852610188492,0,1,1
1073,0.0,train,0.005819958334077481,0.9941800416659224,0,1,1
1074,1.0,train,0.9873750528313566,0.01262494716864334,1,1,1
1075,1.0,train,0.9390248174286374,0.06097518257136261,1,1,1
1076,0.0,train,0.004264634739645023,0.995735365260355,0,1,1
1077,1.0,train,0.15203224738527768,0.8479677526147223,0,1,1
1078,0.0,dev,9.028040847813415e-05,0.9999097195915219,0,1,1
1079,0.0,train,0.0004108484672591887,0.9995891515327409,0,1,1
1080,1.0,train,0.9996946510164313,0.0003053489835686287,1,1,1
1081,0.0,train,0.06371500091897545,0.9362849990810246,0,1,1
1082,0.0,train,0.15610489548243567,0.8438951045175643,0,1,1
1083,0.0,test,0.06278920465107113,0.9372107953489288,0,1,1
1084,0.0,train,0.0600866447038573,0.9399133552961428,0,1,1
1085,1.0,train,0.9999935609651706,6.439034829386729e-06,1,1,1
1086,0.0,train,0.0006166296590033435,0.9993833703409967,0,1,1
1087,1.0,train,0.8499711794579723,0.15002882054202774,1,1,1
1088,1.0,test,0.9999775259077806,2.24740922193996e-05,1,1,1
1089,0.0,train,0.07696084363512665,0.9230391563648733,0,1,1
1090,0.0,test,0.00036829795207477667,0.9996317020479252,0,1,1
1091,1.0,train,0.9566342006179155,0.04336579938208452,1,1,1
1092,1.0,train,0.997949256557288,0.0020507434427120418,1,1,1
1093,0.0,train,0.003884476152364564,0.9961155238476354,0,1,1
1094,0.0,train,0.0003101560906683463,0.9996898439093317,0,1,1
1095,1.0,train,0.9999165037137503,8.349628624974247e-05,1,1,1
1096,1.0,train,0.9840936116703609,0.015906388329639098,1,1,1
1097,0.0,train,0.9790357572321267,0.020964242767873405,1,1,1
1098,0.0,train,0.060086643862295744,0.9399133561377042,0,1,1
1099,1.0,train,0.9944450760834461,0.0055549239165537745,1,1,1
1100,0.0,test,0.04535258055430642,0.9546474194456936,0,1,1
1101,0.0,test,0.02931223276527609,0.9706877672347239,0,1,1
1102,1.0,dev,0.9999963880186578,3.6119813423193807e-06,1,1,1
1103,1.0,train,0.9999531611203851,4.683887961489266e-05,1,1,1
1104,0.0,train,0.8152324893520001,0.184767510648,1,1,1
1105,1.0,test,0.9990452680655083,0.0009547319344916275,1,1,1
1106,0.0,test,1.5936614295562932e-05,0.9999840633857044,0,1,1
1107,1.0,train,0.9996749640320531,0.00032503596794688307,1,1,1
1108,1.0,test,0.007937995744256828,0.9920620042557431,0,1,1
1109,1.0,train,0.9886682484510846,0.011331751548915303,1,1,1
1110,0.0,train,0.010652512488686792,0.9893474875113133,0,1,1
1111,1.0,test,0.23370634623958197,0.766293653760418,0,1,1
1112,0.0,train,0.5389832206876841,0.4610167793123159,1,1,1
1113,1.0,train,0.9688561711513191,0.031143828848680877,1,1,1
1114,0.0,dev,0.0007554056467894252,0.9992445943532107,0,1,1
1115,0.0,train,9.314591134277092e-05,0.9999068540886572,0,1,1
1116,1.0,train,0.999548789339679,0.00045121066032106737,1,1,1
1117,1.0,train,0.6548947223065754,0.34510527769342453,1,1,1
1118,1.0,dev,0.994698105297592,0.0053018947024079275,1,1,1
1119,1.0,test,0.9981324342885917,0.0018675657114083837,1,1,1
1120,0.0,train,0.00017400540863061074,0.9998259945913693,0,1,1
1121,1.0,train,0.7772998560157665,0.22270014398423357,1,1,1
1122,1.0,test,0.9999827684290493,1.723157095076839e-05,1,1,1
1123,1.0,train,0.7956580976404297,0.20434190235957034,1,1,1
1124,0.0,train,0.019419350168708813,0.9805806498312911,0,1,1
1125,1.0,test,0.9999970976886461,2.902311354065143e-06,1,1,1
1126,0.0,test,9.368719511157915e-06,0.9999906312804888,0,1,1
1127,0.0,dev,0.9895109074254503,0.010489092574549786,1,1,1
1128,1.0,train,0.3665897363221599,0.6334102636778401,0,1,1
1129,0.0,train,0.0008295891821833093,0.9991704108178167,0,1,1
1130,1.0,train,0.999998691823712,1.3081762879606655e-06,1,1,1
1131,1.0,train,0.12765261536566067,0.8723473846343393,0,1,1
1132,1.0,train,0.9999843104499709,1.5689550029094467e-05,1,1,1
1133,1.0,train,0.989986428647461,0.010013571352539018,1,1,1
1134,1.0,test,0.9615338090839607,0.038466190916039394,1,1,1
1135,0.0,train,1.6964424867438532e-05,0.9999830355751326,0,1,1
1136,0.0,train,0.0034834250142350004,0.996516574985765,0,1,1
1137,1.0,train,0.9997834560009656,0.00021654399903427187,1,1,1
1138,0.0,train,0.7879312006227324,0.21206879937726766,1,1,1
1139,0.0,train,2.668854140359534e-05,0.9999733114585964,0,1,1
1140,1.0,train,0.9981897893768371,0.0018102106231628542,1,1,1
1141,0.0,train,0.00012148174692308608,0.9998785182530768,0,1,1
1142,0.0,train,0.6757646010190476,0.32423539898095244,1,1,1
1143,0.0,dev,3.76364534900386e-05,0.99996236354651,0,1,1
1144,0.0,train,0.0020507436314047573,0.9979492563685952,0,1,1
1145,0.0,test,0.0011335692581727417,0.9988664307418272,0,1,1
1146,1.0,train,0.9998927912471489,0.00010720875285092633,1,1,1
1147,1.0,dev,0.9997933701108549,0.00020662988914519584,1,1,1
1148,1.0,train,0.9982453855050758,0.0017546144949242173,1,1,1
1149,1.0,train,0.964321450147636,0.035678549852363996,1,1,1
1150,0.0,train,0.05749328404888364,0.9425067159511163,0,1,1
1151,0.0,test,2.1444956469525174e-05,0.9999785550435304,0,1,1
1152,0.0,train,0.09009299945888766,0.9099070005411123,0,1,1
1153,0.0,train,0.31742626558767584,0.682573734412324,0,1,1
1154,0.0,train,4.9859559096488105e-05,0.9999501404409035,0,1,1
1155,0.0,train,0.9994725216360851,0.0005274783639148008,1,1,1
1156,1.0,dev,0.985042914696673,0.014957085303326968,1,1,1
1157,1.0,train,0.9999977396759718,2.2603240281894102e-06,1,1,1
1158,0.0,train,6.893613472692148e-07,0.9999993106386527,0,1,1
1159,1.0,train,0.9820137882613432,0.017986211738656763,1,1,1
1160,0.0,train,0.5774953651858118,0.42250463481418826,1,1,1
1161,1.0,test,0.7490872187162397,0.2509127812837603,1,1,1
1162,1.0,train,0.9999443779383125,5.562206168753653e-05,1,1,1
1163,0.0,train,0.00884735705930627,0.9911526429406938,0,1,1
1164,0.0,train,8.398070361204544e-06,0.9999916019296388,0,1,1
1165,0.0,train,9.570827408993173e-07,0.999999042917259,0,1,1
1166,0.0,train,0.006003597063730981,0.9939964029362691,0,1,1
1167,0.0,train,0.9994887421949487,0.0005112578050513821,1,1,1
1168,0.0,train,2.0145699323872232e-05,0.9999798543006762,0,1,1
1169,0.0,train,3.089494292632563e-06,0.9999969105057074,0,1,1
1170,0.0,train,7.722195314656147e-05,0.9999227780468535,0,1,1
1171,1.0,train,0.9678992961766343,0.03210070382336566,1,1,1
1172,1.0,train,0.9968273175522007,0.0031726824477993983,1,1,1
1173,0.0,train,0.007121428166244954,0.992878571833755,0,1,1
1174,1.0,train,0.9997428580655744,0.0002571419344255869,1,1,1
1175,1.0,train,0.9850429124189003,0.01495708758109961,1,1,1
1176,0.0,train,0.06465348925734803,0.935346510742652,0,1,1
1177,0.0,train,0.9976768378767072,0.0023231621232926705,1,1,1
1178,0.0,dev,0.0016743994469352469,0.9983256005530649,0,1,1
1179,1.0,train,0.9996485616995835,0.0003514383004165593,1,1,1
1180,0.0,test,5.225226957173807e-05,0.9999477477304282,0,1,1
1181,1.0,train,0.9988304894580694,0.001169510541930549,1,1,1
1182,1.0,train,0.9999914696746981,8.53032530189472e-06,1,1,1
1183,1.0,train,0.9999987517285628,1.2482714373243287e-06,1,1,1
1184,1.0,train,0.9999845536878518,1.5446312148139704e-05,1,1,1
1185,0.0,train,6.302756895802039e-05,0.9999369724310418,0,1,1
1186,0.0,test,0.007695647491319062,0.992304352508681,0,1,1
1187,1.0,train,0.8539127473751341,0.14608725262486594,1,1,1
1188,0.0,train,0.018264278485451094,0.9817357215145488,0,1,1
1189,1.0,train,0.19682620128743877,0.8031737987125612,0,1,1
1190,1.0,test,0.9989837561995589,0.001016243800441046,1,1,1
1191,1.0,test,0.9579122737364725,0.04208772626352765,1,1,1
1192,1.0,train,0.9999922330510131,7.766948986864012e-06,1,1,1
1193,0.0,train,0.9999177981302196,8.220186978030734e-05,1,1,1
1194,0.0,test,0.025565212252814433,0.9744347877471856,0,1,1
1195,0.0,train,2.5071596976770285e-05,0.9999749284030233,0,1,1
1196,0.0,train,0.9822877009725148,0.01771229902748513,1,1,1
1197,0.0,train,0.40356685373537454,0.5964331462646254,0,1,1
1198,0.0,train,0.0014779427932965622,0.9985220572067035,0,1,1
1199,0.0,train,0.8558511469672594,0.14414885303274058,1,1,1
1200,1.0,train,0.9997765837452084,0.00022341625479151657,1,1,1
1201,1.0,train,0.11436853825632723,0.8856314617436727,0,1,1
1202,1.0,dev,0.9916842225363214,0.008315777463678651,1,1,1
1203,0.0,train,0.00955940022886939,0.9904405997711305,0,1,1
1204,1.0,train,0.0036499878101987284,0.9963500121898012,0,1,1
1205,1.0,train,0.9991573575832323,0.0008426424167676372,1,1,1
1206,0.0,train,0.002182715926080975,0.9978172840739191,0,1,1
1207,1.0,train,0.6959583313396339,0.3040416686603661,1,1,1
1208,0.0,test,0.0004955360425862349,0.9995044639574137,0,1,1
1209,0.0,train,0.0016229667294772722,0.9983770332705229,0,1,1
1210,1.0,train,0.9999599363214264,4.0063678573483806e-05,1,1,1
1211,1.0,test,0.9998665799678451,0.0001334200321549798,1,1,1
1212,1.0,train,0.07807816675387326,0.9219218332461268,0,1,1
1213,1.0,test,0.9999987710816859,1.2289183141014408e-06,1,1,1
1214,1.0,train,0.7185943985973772,0.2814056014026228,1,1,1
1215,1.0,train,0.9678992895791291,0.03210071042087098,1,1,1
1216,1.0,train,0.9881308774681624,0.011869122531837558,1,1,1
1217,1.0,train,0.9999724643160466,2.7535683953524045e-05,1,1,1
1218,0.0,dev,0.7025300573952054,0.2974699426047947,1,1,1
1219,0.0,train,0.9995761152848395,0.0004238847151605365,1,1,1
1220,0.0,train,0.01566364675878872,0.9843363532412113,0,1,1
1221,1.0,train,0.002757621778330112,0.99724237822167,0,1,1
1222,1.0,train,0.10818895312434518,0.8918110468756548,0,1,1
1223,1.0,dev,0.9883127445430507,0.01168725545694925,1,1,1
1224,1.0,train,0.9678992933987376,0.03210070660126248,1,1,1
1225,1.0,train,0.9999398584692573,6.0141530742798864e-05,1,1,1
1226,1.0,dev,0.9449947082210348,0.05500529177896519,1,1,1
1227,0.0,dev,4.0929096815478856e-06,0.9999959070903184,0,1,1
1228,1.0,train,0.9999566809495192,4.331905048092086e-05,1,1,1
1229,0.0,train,0.9161096210331925,0.0838903789668075,1,1,1
1230,0.0,train,1.0348527141960896e-06,0.9999989651472858,0,1,1
1231,0.0,train,0.5350984286266115,0.46490157137338844,1,1,1
1232,1.0,train,0.999983035578166,1.6964421834014712e-05,1,1,1
1233,0.0,train,0.003123648849256535,0.9968763511507435,0,1,1
1234,1.0,train,0.9925393580049987,0.007460641995001327,1,1,1
1235,0.0,train,0.33111974622959367,0.6688802537704063,0,1,1
1236,1.0,train,0.9901401433690049,0.009859856630995064,1,1,1
1237,1.0,train,0.9999778743364524,2.2125663547624184e-05,1,1,1
1238,1.0,train,0.0047551990812107064,0.9952448009187893,0,1,1
1239,1.0,train,0.9999983719482444,1.6280517555738338e-06,1,1,1
1240,1.0,train,0.09534945590170514,0.9046505440982949,0,1,1
1241,1.0,train,8.01349853311871e-06,0.9999919865014668,0,1,1
1242,0.0,train,0.0025909791526322243,0.9974090208473678,0,1,1
1243,1.0,train,0.9999980052699177,1.9947300823917474e-06,1,1,1
1244,1.0,train,0.998426888032125,0.00157311196787504,1,1,1
1245,1.0,train,0.8933093975331751,0.10669060246682488,1,1,1
1246,1.0,train,0.1037486227096331,0.8962513772903669,0,1,1
1247,1.0,train,0.999625904482338,0.0003740955176619159,1,1,1
1248,1.0,train,0.9954615687569703,0.004538431243029659,1,1,1
1249,0.0,train,0.04672496327215784,0.9532750367278422,0,1,1
1250,1.0,train,0.9905874091619452,0.009412590838054775,1,1,1
1251,1.0,train,0.9970650484215335,0.002934951578466511,1,1,1
1252,1.0,dev,0.9999501404134964,4.985958650358434e-05,1,1,1
1253,1.0,train,0.9399133502467731,0.060086649753226806,1,1,1
1254,0.0,test,7.843787602797314e-05,0.9999215621239721,0,1,1
1255,0.0,train,0.00020988305615296903,0.9997901169438471,0,1,1
1256,1.0,test,0.9960545938265691,0.003945406173430855,1,1,1
1257,0.0,train,0.04336580030935115,0.9566341996906488,0,1,1
1258,0.0,train,0.0004955358534634344,0.9995044641465365,0,1,1
1259,1.0,train,0.9032942001955143,0.09670579980448575,1,1,1
1260,1.0,train,0.9999768125238719,2.3187476128013677e-05,1,1,1
1261,0.0,test,0.9838471628689801,0.016152837131019827,1,1,1
1262,0.0,train,0.005819959401042733,0.9941800405989574,0,1,1
1263,1.0,train,0.9977481527759474,0.002251847224052469,1,1,1
1264,0.0,train,0.00029137018058541343,0.9997086298194146,0,1,1
1265,0.0,train,0.046033900436096675,0.9539660995639033,0,1,1
1266,0.0,train,0.9603611638771001,0.03963883612289993,1,1,1
1267,0.0,dev,0.00081673804386492,0.9991832619561352,0,1,1
1268,1.0,dev,0.9999980052709999,1.994729000030089e-06,1,1,1
1269,0.0,train,0.33807711748081287,0.6619228825191872,0,1,1
1270,0.0,dev,0.013848609554181244,0.9861513904458188,0,1,1
1271,0.0,train,0.00013765462189614528,0.9998623453781038,0,1,1
1272,0.0,train,0.01406362967761423,0.9859363703223857,0,1,1
1273,1.0,train,0.23651624182730094,0.7634837581726991,0,1,1
1274,0.0,train,0.00012148178470682493,0.9998785182152932,0,1,1
1275,0.0,train,0.010652512488686792,0.9893474875113133,0,1,1
1276,1.0,train,0.9953904269788035,0.004609573021196605,1,1,1
1277,0.0,train,3.785323568547035e-06,0.9999962146764314,0,1,1
1278,1.0,train,0.960361157495521,0.03963884250447896,1,1,1
1279,1.0,train,0.9996593707270504,0.0003406292729496003,1,1,1
1280,1.0,train,0.9995826842401965,0.0004173157598036099,1,1,1
1281,0.0,train,0.926303737923174,0.07369626207682609,1,1,1
1282,0.0,train,0.9111797106148062,0.08882028938519383,1,1,1
1283,1.0,train,0.08882029119414814,0.9111797088058518,0,1,1
1284,1.0,train,0.9981613347097475,0.0018386652902524403,1,1,1
1285,1.0,dev,0.9986541396719298,0.0013458603280701148,1,1,1
1286,0.0,train,0.002981033205955549,0.9970189667940444,0,1,1
1287,1.0,train,0.8152324826183822,0.18476751738161779,1,1,1
1288,1.0,train,0.9999971426831612,2.857316838858723e-06,1,1,1
1289,0.0,train,0.027169230452583803,0.9728307695474161,0,1,1
1290,0.0,train,2.0462924864023197e-05,0.999979537075136,0,1,1
1291,0.0,train,3.48081178766408e-05,0.9999651918821233,0,1,1
1292,1.0,train,0.9843363507426742,0.015663649257325905,1,1,1
1293,1.0,train,0.9990452682447257,0.0009547317552741958,1,1,1
1294,0.0,train,0.0028009273208923708,0.9971990726791077,0,1,1
1295,1.0,test,0.9987551567384385,0.0012448432615616142,1,1,1
1296,1.0,train,0.9999980052700309,1.9947299690700097e-06,1,1,1
1297,1.0,train,0.9986749773683512,0.0013250226316487217,1,1,1
1298,1.0,train,0.0024343820537388403,0.9975656179462613,0,1,1
1299,1.0,test,0.9859363753586786,0.014063624641321444,1,1,1
1300,1.0,train,0.9976032689439349,0.0023967310560650767,1,1,1
1301,1.0,train,0.8976952886860978,0.10230471131390212,1,1,1
1302,0.0,train,0.9748211596252311,0.02517884037476891,1,1,1
1303,0.0,train,0.9999778743397517,2.2125660248140878e-05,1,1,1
1304,1.0,train,0.999948557808726,5.144219127391043e-05,1,1,1
1305,1.0,train,0.9999990125362191,9.874637808828664e-07,1,1,1
1306,0.0,train,0.005384936844441837,0.994615063155558,0,1,1
1307,1.0,train,0.9884918514230415,0.01150814857695839,1,1,1
1308,1.0,train,0.9796676446909387,0.02033235530906131,1,1,1
1309,1.0,dev,0.054198727149704286,0.9458012728502957,0,1,1
1310,0.0,train,0.00014202369365940804,0.9998579763063405,0,1,1
1311,1.0,train,0.9999843104476859,1.5689552314015305e-05,1,1,1
1312,0.0,train,1.1365639943475754e-06,0.9999988634360056,0,1,1
1313,1.0,train,0.9999982938170558,1.7061829443017782e-06,1,1,1
1314,1.0,train,0.9982178033446084,0.0017821966553915808,1,1,1
1315,0.0,dev,0.017442486970778236,0.9825575130292218,0,1,1
1316,0.0,train,0.9999900270555804,9.972944419681303e-06,1,1,1
1317,0.0,test,0.007815887518177845,0.9921841124818223,0,1,1
1318,1.0,train,0.9999138535286892,8.614647131086216e-05,1,1,1
1319,1.0,train,0.9997507674745477,0.00024923252545225327,1,1,1
1320,0.0,train,0.002148949575196814,0.9978510504248032,0,1,1
1321,1.0,train,0.004007288812094953,0.9959927111879051,0,1,1
1322,1.0,test,0.9919380069598284,0.008061993040171678,1,1,1
1323,1.0,train,0.9989994955316026,0.0010005044683973462,1,1,1
1324,1.0,train,0.9999840633851034,1.5936614896659575e-05,1,1,1
1325,0.0,train,0.33807711748081287,0.6619228825191872,0,1,1
1326,1.0,train,0.9973683258588902,0.0026316741411097216,1,1,1
1327,0.0,train,0.0008559005125010125,0.999144099487499,0,1,1
1328,1.0,train,0.999504464101101,0.0004955358988990274,1,1,1
1329,1.0,train,0.9999982396568285,1.7603431715366518e-06,1,1,1
1330,0.0,train,0.9915543714366459,0.008445628563354188,1,1,1
1331,1.0,test,0.9912886163545801,0.008711383645419853,1,1,1
1332,1.0,train,0.9999918603055992,8.139694400707412e-06,1,1,1
1333,1.0,train,0.36296921241058616,0.6370307875894138,0,1,1
1334,1.0,train,0.9999987517296706,1.2482703294223726e-06,1,1,1
1335,0.0,train,0.9219218370002787,0.07807816299972123,1,1,1
1336,0.0,train,0.01065250974041922,0.9893474902595808,0,1,1
1337,1.0,train,0.9999936607869857,6.3392130142011985e-06,1,1,1
1338,1.0,dev,0.9999937590664671,6.2409335327811735e-06,1,1,1
1339,0.0,train,0.022286185945086773,0.9777138140549132,0,1,1
1340,0.0,dev,6.681517272043188e-07,0.9999993318482728,0,1,1
1341,0.0,train,0.9830850850916752,0.016914914908324835,1,1,1
1342,1.0,train,0.9999909195238543,9.080476145624906e-06,1,1,1
1343,0.0,train,4.400118441534305e-05,0.9999559988155846,0,1,1
1344,0.0,dev,0.010489090544634623,0.9895109094553654,0,1,1
1345,1.0,dev,0.0004802973061043928,0.9995197026938956,0,1,1
1346,1.0,train,0.9991573578049396,0.0008426421950603877,1,1,1
1347,0.0,train,0.9732407154562968,0.026759284543703157,1,1,1
1348,0.0,train,0.9284088055075429,0.07159119449245721,1,1,1
1349,1.0,train,5.255393357742552e-06,0.9999947446066423,0,1,1
1350,0.0,test,0.9976032696052884,0.0023967303947115305,1,1,1
1351,,,0.003707252950062888,0.9962927470499371,0,1,1
1352,0.0,train,0.004755199213437667,0.9952448007865623,0,1,1
1353,1.0,test,0.9999898700080002,1.0129991999766892e-05,1,1,1
1354,1.0,train,0.99992397522165,7.60247783499932e-05,1,1,1
1355,1.0,train,0.9997507673599402,0.00024923264005993745,1,1,1
1356,0.0,train,0.0016743991542578246,0.9983256008457422,0,1,1
1357,1.0,train,0.9999886991931638,1.1300806836312837e-05,1,1,1
1358,0.0,train,0.060086652698692546,0.9399133473013074,0,1,1
1359,1.0,train,0.9539660977643549,0.04603390223564507,1,1,1
1360,1.0,train,0.9998623453367006,0.00013765466329932816,1,1,1
1361,1.0,test,0.9861513876476583,0.013848612352341711,1,1,1
1362,0.0,train,0.7248702821204019,0.275129717879598,1,1,1
1363,0.0,train,0.9890130553454136,0.010986944654586371,1,1,1
1364,1.0,train,0.9879462210604769,0.012053778939523087,1,1,1
1365,0.0,train,0.2568319970758679,0.7431680029241321,0,1,1
1366,0.0,train,9.170200508918864e-05,0.9999082979949109,0,1,1
1367,1.0,train,0.010328152823929092,0.9896718471760709,0,1,1
1368,0.0,dev,0.00020662976408567784,0.9997933702359144,0,1,1
1369,1.0,train,0.012053781246376684,0.9879462187536233,0,1,1
1370,0.0,train,0.017712299999706207,0.9822877000002938,0,1,1
1371,0.0,dev,0.0004655268143137379,0.9995344731856863,0,1,1
1372,0.0,train,0.0011160141933976965,0.9988839858066023,0,1,1
1373,1.0,train,0.4882833952958347,0.5117166047041654,0,1,1
1374,0.0,dev,0.9999239752236766,7.602477632339447e-05,1,1,1
1375,1.0,train,0.9999944056622838,5.594337716040053e-06,1,1,1
1376,1.0,dev,0.9854964210008214,0.01450357899917859,1,1,1
1377,1.0,test,0.9999970976882804,2.902311719643243e-06,1,1,1
1378,1.0,train,0.9752018413359355,0.02479815866406449,1,1,1
1379,1.0,train,0.9958660319862305,0.0041339680137696105,1,1,1
1380,0.0,train,2.156816566829273e-06,0.9999978431834331,0,1,1
1381,1.0,train,0.9995416870433682,0.0004583129566317418,1,1,1
1382,1.0,dev,0.9999954340296227,4.565970377386096e-06,1,1,1
1383,0.0,train,0.9950945934396103,0.004905406560389784,1,1,1
1384,1.0,train,0.8976952900545975,0.10230470994540249,1,1,1
1385,0.0,test,0.5698526514141571,0.4301473485858429,1,1,1
1386,0.0,train,2.368799560093139e-06,0.9999976312004398,0,1,1
1387,0.0,test,0.0015487611346125234,0.9984512388653876,0,1,1
1388,0.0,train,0.41869690935568665,0.5813030906443133,0,1,1
1389,1.0,train,0.9998088956200173,0.0001911043799827442,1,1,1
1390,1.0,train,0.9863631679004533,0.013636832099546652,1,1,1
1391,1.0,train,0.9968273174903468,0.003172682509653138,1,1,1
1392,0.0,train,0.010169656891380687,0.9898303431086194,0,1,1
1393,1.0,train,0.9995044640976415,0.0004955359023585906,1,1,1
1394,1.0,train,0.999992816740459,7.1832595410440525e-06,1,1,1
1395,1.0,train,0.7461389873857265,0.2538610126142736,1,1,1
1396,0.0,train,0.0006263342991842528,0.9993736657008156,0,1,1
1397,0.0,train,0.0005274783123604982,0.9994725216876394,0,1,1
1398,0.0,test,0.5698526514141571,0.4301473485858429,1,1,1
1399,1.0,test,0.9999850289153245,1.4971084675587767e-05,1,1,1
1400,1.0,train,0.9999706884629349,2.9311537065052293e-05,1,1,1
1401,0.0,train,0.0015978452800719774,0.9984021547199281,0,1,1
1402,1.0,train,0.9980429833335719,0.001957016666428053,1,1,1
1403,0.0,train,0.341582499438317,0.658417500561683,0,1,1
1404,0.0,train,0.0002131876553815976,0.9997868123446184,0,1,1
1405,1.0,train,0.999989383869228,1.0616130772076571e-05,1,1,1
1406,1.0,train,0.9927672350061786,0.007232764993821402,1,1,1
1407,0.0,train,0.010013571804930541,0.9899864281950695,0,1,1
1408,0.0,train,0.0004238847301555673,0.9995761152698445,0,1,1
1409,1.0,test,0.9955316155077202,0.004468384492279826,1,1,1
1410,1.0,dev,0.967410258874914,0.03258974112508605,1,1,1
1411,1.0,train,0.9999922330485176,7.766951482414582e-06,1,1,1
1412,1.0,train,0.9970189671262077,0.0029810328737922957,1,1,1
1413,1.0,train,0.9999984220379592,1.5779620409411765e-06,1,1,1
1414,1.0,train,0.9999907765341407,9.223465859168383e-06,1,1,1
1415,0.0,test,0.1755380649971796,0.8244619350028205,0,1,1
1416,1.0,train,0.978051745885287,0.021948254114713097,1,1,1
1417,1.0,train,0.9511422224165261,0.04885777758347391,1,1,1
1418,1.0,train,0.46879062662624377,0.5312093733737563,0,1,1
1419,1.0,train,0.25091278688527247,0.7490872131147275,0,1,1
1420,0.0,train,0.003172682194493617,0.9968273178055064,0,1,1
1421,1.0,train,0.046724957298645224,0.9532750427013548,0,1,1
1422,0.0,train,0.04084571357479774,0.9591542864252022,0,1,1
1423,0.0,train,0.00029136992178387344,0.9997086300782161,0,1,1
1424,1.0,dev,0.9999960945152475,3.905484752541565e-06,1,1,1
1425,1.0,train,0.001700722585370307,0.9982992774146298,0,1,1
1426,1.0,train,0.9992678188558802,0.0007321811441197734,1,1,1
1427,0.0,train,0.9899864277519105,0.010013572248089603,1,1,1
1428,1.0,train,0.9999417087322217,5.829126777824616e-05,1,1,1
1429,1.0,train,0.9875683472030435,0.012431652796956613,1,1,1
1430,0.0,train,0.9946981059557457,0.005301894044254283,1,1,1
1431,0.0,train,1.670141935943114e-05,0.9999832985806406,0,1,1
1432,1.0,train,0.9999778743316744,2.2125668325565363e-05,1,1,1
1433,1.0,train,0.9985220571242391,0.0014779428757609955,1,1,1
1434,0.0,train,0.9621075771731111,0.037892422826888844,1,1,1
1435,0.0,train,8.851565586243847e-07,0.9999991148434414,0,1,1
1436,1.0,train,0.999472521647378,0.0005274783526219531,1,1,1
1437,0.0,train,0.0001376545826720888,0.9998623454173279,0,1,1
1438,1.0,train,0.9996749640488484,0.00032503595115175425,1,1,1
1439,0.0,train,0.05500528442066435,0.9449947155793358,0,1,1
1440,0.0,train,0.00757724303271387,0.9924227569672861,0,1,1
1441,0.0,train,0.00028685407597761376,0.9997131459240223,0,1,1
1442,1.0,train,0.9879462215041025,0.012053778495897446,1,1,1
1443,1.0,train,0.9999646437580085,3.5356241991418994e-05,1,1,1
1444,1.0,train,0.9865717465905466,0.013428253409453512,1,1,1
1445,0.0,test,0.0007554054780706719,0.9992445945219294,0,1,1
1446,1.0,test,0.9981613351413311,0.0018386648586688913,1,1,1
1447,0.0,train,8.05944814833289e-07,0.9999991940551852,0,1,1
1448,0.0,train,0.0021489495072966247,0.9978510504927034,0,1,1
1449,0.0,train,0.9184802356574271,0.08151976434257278,1,1,1
1450,0.0,test,0.25982564942392716,0.7401743505760728,0,1,1
1451,0.0,train,0.05749327880038583,0.9425067211996143,0,1,1
1452,1.0,train,0.966914024948248,0.03308597505175204,1,1,1
1453,0.0,train,0.0164030331172004,0.9835969668827996,0,1,1
1454,0.0,train,0.1294027198405294,0.8705972801594707,0,1,1
1455,1.0,train,0.9920620059425975,0.007937994057402427,1,1,1
1456,0.0,train,0.06656918526680433,0.9334308147331958,0,1,1
1457,1.0,train,0.998999495662854,0.0010005043371460757,1,1,1
1458,0.0,train,0.009859853303262538,0.9901401466967374,0,1,1
1459,1.0,train,0.9999715902613333,2.8409738666547483e-05,1,1,1
1460,0.0,dev,0.0014103584257891299,0.9985896415742109,0,1,1
1461,0.0,train,0.10669059536584675,0.8933094046341532,0,1,1
1462,0.0,train,0.7248702702332475,0.2751297297667525,1,1,1
1463,1.0,train,0.9983256006277909,0.0016743993722090915,1,1,1
1464,0.0,train,0.8311430499496096,0.1688569500503904,1,1,1
1465,1.0,train,0.45326184801538616,0.5467381519846138,0,1,1
1466,0.0,train,0.0005527785237268694,0.9994472214762732,0,1,1
1467,1.0,train,0.9997546304890148,0.0002453695109851945,1,1,1
1468,0.0,train,0.00030534885023591297,0.9996946511497641,0,1,1
1469,1.0,train,0.23651623644570763,0.7634837635542924,0,1,1
1470,0.0,train,0.21206879937726766,0.7879312006227324,0,1,1
1471,1.0,train,0.9999988088918209,1.1911081791814241e-06,1,1,1
1472,1.0,train,0.9998858775685937,0.0001141224314063796,1,1,1
1473,0.0,train,0.9219218278830522,0.07807817211694787,1,1,1
1474,1.0,train,0.1688569605068544,0.8311430394931456,0,1,1
1475,1.0,train,0.2509127812837603,0.7490872187162397,0,1,1
1476,1.0,dev,0.07263670535703559,0.9273632946429643,0,1,1
1477,1.0,test,0.9999932519509191,6.748049080934352e-06,1,1,1
1478,1.0,train,0.9971990732956063,0.0028009267043937144,1,1,1
1479,1.0,train,0.18010666408646395,0.8198933359135361,0,1,1
1480,1.0,train,0.999504464170177,0.0004955358298230894,1,1,1
1481,0.0,test,4.069458487794453e-05,0.999959305415122,0,1,1
1482,1.0,train,0.9891815515265332,0.010818448473466824,1,1,1
1483,0.0,train,0.08035746717041012,0.91964253282959,0,1,1
1484,1.0,train,0.9998415637425392,0.00015843625746081143,1,1,1
1485,1.0,train,0.9999524235567648,4.757644323523177e-05,1,1,1
1486,1.0,train,0.9930961610667611,0.006903838933238868,1,1,1
1487,0.0,train,0.005554925547420126,0.9944450744525799,0,1,1
1488,1.0,train,0.9995344731025907,0.00046552689740933636,1,1,1
1489,0.0,test,0.0014103583103642747,0.9985896416896358,0,1,1
1490,1.0,train,0.0024343818456646804,0.9975656181543352,0,1,1
1491,0.0,train,6.144175677983402e-06,0.999993855824322,0,1,1
1492,1.0,dev,0.8887588038050466,0.1112411961949534,1,1,1
1493,0.0,train,4.8325643227768895e-05,0.9999516743567722,0,1,1
1494,1.0,test,0.9999979095421185,2.0904578815832874e-06,1,1,1
1495,1.0,train,0.795658104908603,0.2043418950913969,1,1,1
1496,0.0,train,0.06754669724011829,0.9324533027598818,0,1,1
1497,1.0,dev,0.6442250928250376,0.3557749071749625,1,1,1
1498,0.0,train,0.9982725413539977,0.0017274586460022064,1,1,1
1499,1.0,train,0.9999599363133487,4.006368665125407e-05,1,1,1
1500,0.0,test,0.0003053489059570408,0.9996946510940429,0,1,1
1501,1.0,train,0.999997398382824,2.6016171761352668e-06,1,1,1
1502,0.0,train,1.3211962067861125e-05,0.9999867880379322,0,1,1
1503,1.0,train,0.9904405985366415,0.009559401463358527,1,1,1
1504,1.0,test,0.9999611688864697,3.8831113530271265e-05,1,1,1
1505,0.0,train,0.004538432036154916,0.995461567963845,0,1,1
1506,1.0,train,0.9999971426843094,2.8573156906046287e-06,1,1,1
1507,0.0,train,0.0007672924785511773,0.9992327075214488,0,1,1
1508,0.0,train,0.0010162441696545549,0.9989837558303454,0,1,1
1509,1.0,train,0.9999263140610964,7.368593890360025e-05,1,1,1
1510,,,6.854314249672998e-06,0.9999931456857503,0,1,1
1511,0.0,train,0.6893056231680122,0.3106943768319878,1,1,1
1512,1.0,dev,0.9950177293554161,0.004982270644583786,1,1,1
1513,1.0,dev,0.9999957771671979,4.222832802138198e-06,1,1,1
1514,1.0,train,0.9995826842136818,0.0004173157863182851,1,1,1
1515,0.0,test,0.00022341625783389854,0.999776583742166,0,1,1
1516,1.0,train,0.8267117983401363,0.17328820165986372,1,1,1
1517,1.0,train,0.988312742585205,0.011687257414795064,1,1,1
1518,0.0,train,0.9059898241909247,0.09401017580907535,1,1,1
1519,1.0,train,0.9848109494645667,0.015189050535433155,1,1,1
1520,1.0,train,0.999780046543394,0.0002199534566059019,1,1,1
1521,1.0,train,0.9591542826305809,0.04084571736941912,1,1,1
1522,1.0,train,0.9828232881262263,0.01717671187377361,1,1,1
1523,0.0,train,0.011869119779297136,0.9881308802207027,0,1,1
1524,0.0,train,7.254360755624586e-05,0.9999274563924436,0,1,1
1525,1.0,train,0.9973269937996239,0.002673006200376078,1,1,1
1526,1.0,train,0.5,0.5,1,1,1
1527,1.0,train,0.9998204720088377,0.0001795279911622593,1,1,1
1528,0.0,train,0.9658995717109449,0.03410042828905512,1,1,1
1529,0.0,train,0.0003301528025568572,0.9996698471974431,0,1,1
1530,0.0,test,0.13296422989056964,0.8670357701094303,0,1,1
1531,0.0,train,1.0511494704310994e-06,0.9999989488505296,0,1,1
1532,0.0,train,0.9940889314392749,0.0059110685607249806,1,1,1
1533,1.0,dev,0.16451646699291617,0.8354835330070839,0,1,1
1534,1.0,train,0.9999989651473209,1.034852679018095e-06,1,1,1
1535,0.0,train,0.0013045067000024089,0.9986954932999975,0,1,1
1536,0.0,train,2.058049945296345e-06,0.9999979419500548,0,1,1
1537,1.0,train,0.9997584337754314,0.00024156622456861574,1,1,1
1538,1.0,train,0.9999251537824915,7.484621750855226e-05,1,1,1
1539,1.0,test,0.9961155242080001,0.0038844757919998347,1,1,1
1540,0.0,train,0.0006667021888664168,0.9993332978111337,0,1,1
1541,1.0,dev,0.9997868124998487,0.00021318750015141,1,1,1
1542,1.0,train,0.9997868124297271,0.00021318757027296092,1,1,1
1543,1.0,train,0.9999961550655415,3.844934458503553e-06,1,1,1
1544,1.0,dev,0.9740426412951848,0.025957358704815272,1,1,1
1545,0.0,train,0.8872045892435128,0.11279541075648725,1,1,1
1546,1.0,dev,0.9996800019004947,0.0003199980995052917,1,1,1
1547,0.0,train,0.0032224841445123694,0.9967775158554877,0,1,1
1548,1.0,train,0.9993638086818791,0.0006361913181209017,1,1,1
1549,0.0,test,6.605215346629913e-05,0.9999339478465337,0,1,1
1550,1.0,train,0.9999941371836513,5.862816348826323e-06,1,1,1
1551,1.0,dev,0.9997346976403929,0.00026530235960713056,1,1,1
1552,1.0,train,0.9777138161653918,0.022286183834608186,1,1,1
1553,0.0,train,0.6261241772283034,0.37387582277169656,1,1,1
1554,1.0,train,0.3345894545235253,0.6654105454764747,0,1,1
1555,0.0,train,1.2289188537417782e-06,0.9999987710811463,0,1,1
1556,1.0,train,0.47268347662043286,0.5273165233795671,0,1,1
1557,0.0,train,0.9985449371392741,0.0014550628607260788,1,1,1
1558,1.0,train,0.7577943658046609,0.24220563419533922,1,1,1
1559,1.0,train,0.9988486006222991,0.001151399377700981,1,1,1
1560,1.0,train,0.998245385323192,0.0017546146768080274,1,1,1
1561,0.0,train,0.08035747487879621,0.9196425251212038,0,1,1
1562,1.0,dev,0.9998706843178858,0.00012931568211420308,1,1,1
1563,1.0,test,0.9995197026669581,0.0004802973330419807,1,1,1
1564,1.0,train,0.5156199157230156,0.48438008427698437,1,1,1
1565,1.0,train,0.9999711428907823,2.8857109217783938e-05,1,1,1
1566,1.0,train,0.9995044640975261,0.0004955359024739094,1,1,1
1567,1.0,train,0.38121956625614994,0.6187804337438501,0,1,1
1568,1.0,train,0.9999111191366907,8.888086330919978e-05,1,1,1
1569,1.0,dev,0.6406358411176238,0.3593641588823761,1,1,1
1570,1.0,dev,0.007345825542233145,0.9926541744577668,0,1,1
1571,0.0,train,0.1384617959016485,0.8615382040983515,0,1,1
1572,0.0,train,0.0034834242836016085,0.9965165757163984,0,1,1
1573,0.0,train,0.8267117962054049,0.17328820379459514,1,1,1
1574,0.0,train,0.9973269939448663,0.002673006055133642,1,1,1
1575,1.0,train,0.9999988984051225,1.101594877552126e-06,1,1,1
1576,0.0,train,0.012821214738097941,0.9871787852619022,0,1,1
1577,1.0,train,0.9433475810629194,0.056652418937080694,1,1,1
1578,0.0,train,0.997326993994522,0.00267300600547811,1,1,1
1579,1.0,train,0.9999901816721729,9.818327827186184e-06,1,1,1
1580,0.0,train,0.0003569707174570291,0.9996430292825429,0,1,1
1581,0.0,train,5.4759790304977767e-05,0.999945240209695,0,1,1
1582,0.0,test,9.080476712228894e-06,0.9999909195232879,0,1,1
1583,1.0,train,0.9999986712221218,1.3287778781233167e-06,1,1,1
1584,1.0,train,0.9883127415094652,0.011687258490534659,1,1,1
1585,1.0,train,0.9999973574136458,2.642586354284686e-06,1,1,1
1586,0.0,train,0.658417500561683,0.341582499438317,1,1,1
1587,0.0,train,0.06853749017811521,0.9314625098218848,0,1,1
1588,0.0,train,0.9994207083680918,0.0005792916319081839,1,1,1
1589,1.0,train,0.999972030702047,2.796929795303478e-05,1,1,1
1590,0.0,train,0.731058584489497,0.26894141551050293,1,1,1
1591,1.0,train,0.9999921107358046,7.88926419532369e-06,1,1,1
1592,1.0,test,0.9732407164264826,0.02675928357351743,1,1,1
1593,1.0,train,0.9999953621253533,4.6378746466065245e-06,1,1,1
1594,1.0,train,0.9944450750082063,0.005554924991793682,1,1,1
1595,0.0,train,0.009559401040105091,0.9904405989598949,0,1,1
1596,1.0,dev,0.970239903580026,0.029760096419973965,1,1,1
1597,0.0,train,0.002182716899701462,0.9978172831002985,0,1,1
1598,0.0,train,0.0018102112382403213,0.9981897887617597,0,1,1
1599,0.0,train,0.3960681662740417,0.6039318337259583,0,1,1
1600,0.0,train,0.16026603834399278,0.8397339616560072,0,1,1
1601,1.0,train,0.992878569680422,0.0071214303195778934,1,1,1
1602,0.0,train,8.851572230632716e-07,0.9999991148427768,0,1,1
1603,,,0.9161096124442242,0.08389038755577574,1,1,1
1604,1.0,dev,0.2254166158350767,0.7745833841649233,0,1,1
1605,1.0,test,0.9597620606853117,0.04023793931468826,1,1,1
1606,0.0,train,0.08269734041427963,0.9173026595857203,0,1,1
1607,1.0,train,0.9999501404201246,4.985957987526785e-05,1,1,1
1608,0.0,train,0.0008693675901918903,0.999130632409808,0,1,1
1609,1.0,train,0.9925393574325954,0.00746064256740469,1,1,1
1610,1.0,train,0.06560483791579616,0.9343951620842037,0,1,1
1611,1.0,train,0.9867771771297221,0.013222822870277895,1,1,1
1612,1.0,train,0.9925393567360562,0.00746064326394378,1,1,1
1613,0.0,train,1.1478769431298632e-05,0.9999885212305688,0,1,1
1614,1.0,train,0.9991030605788896,0.0008969394211103953,1,1,1
1615,1.0,train,0.0019267344519948995,0.9980732655480052,0,1,1
1616,0.0,train,0.003483424044367699,0.9965165759556321,0,1,1
1617,1.0,train,0.9999847931544195,1.5206845580618801e-05,1,1,1
1618,0.0,dev,0.9059898159413479,0.09401018405865219,1,1,1
1619,1.0,train,0.9932024700529801,0.006797529947019886,1,1,1
1620,1.0,dev,0.9999881568651722,1.1843134827819067e-05,1,1,1
1621,1.0,train,0.9991169542056242,0.0008830457943757192,1,1,1
1622,1.0,train,0.9873750527152622,0.012624947284737897,1,1,1
1623,0.0,train,0.9702399055162075,0.029760094483792406,1,1,1
1624,0.0,test,0.0002653023027933358,0.9997346976972066,0,1,1
1625,0.0,train,1.428552185423229e-05,0.9999857144781458,0,1,1
1626,0.0,train,0.0014550630846742556,0.9985449369153258,0,1,1
1627,0.0,train,0.0007554058126962361,0.9992445941873038,0,1,1
1628,1.0,train,0.07921033063001552,0.9207896693699845,0,1,1
1629,1.0,train,0.9992562972829514,0.0007437027170486059,1,1,1
1630,0.0,train,0.0002868539905129729,0.9997131460094871,0,1,1
1631,1.0,train,0.9999687980763797,3.1201923620180366e-05,1,1,1
1632,0.0,train,0.5467381519846138,0.45326184801538616,1,1,1
1633,1.0,train,0.7248702821204019,0.275129717879598,1,1,1
1634,1.0,train,0.9808759610828265,0.019124038917173444,1,1,1
1635,1.0,train,0.9999966594595029,3.3405404971834566e-06,1,1,1
1636,1.0,train,0.9987934102742853,0.0012065897257148095,1,1,1
1637,0.0,train,0.999746843728026,0.0002531562719739592,1,1,1
1638,1.0,dev,0.9999964440151409,3.5559848592237774e-06,1,1,1
1639,1.0,train,0.9790357568880538,0.02096424311194623,1,1,1
1640,1.0,train,0.9525741311981335,0.0474258688018665,1,1,1
1641,0.0,dev,0.06371499158516146,0.9362850084148384,0,1,1
1642,1.0,dev,0.999998446501968,1.5534980320199494e-06,1,1,1
1643,0.0,dev,0.005730247088053854,0.9942697529119462,0,1,1
1644,1.0,train,0.9998028306446817,0.00019716935531829803,1,1,1
1645,1.0,train,0.999979214832488,2.0785167512112222e-05,1,1,1
1646,1.0,train,0.9787126479737087,0.02128735202629139,1,1,1
1647,0.0,train,0.9615338045370352,0.03846619546296478,1,1,1
1648,0.0,train,0.0008969391984833585,0.9991030608015167,0,1,1
1649,0.0,train,0.001345860491422608,0.9986541395085774,0,1,1
1650,1.0,train,0.9997765836159983,0.00022341638400177454,1,1,1
1651,1.0,train,0.9999697580311018,3.0241968898366226e-05,1,1,1
1652,0.0,train,1.384600941224344e-05,0.9999861539905879,0,1,1
1653,1.0,train,0.9998822554433783,0.00011774455662174711,1,1,1
1654,1.0,train,0.9991440992226835,0.0008559007773164271,1,1,1
1655,0.0,dev,0.9830850842553892,0.01691491574461083,1,1,1
1656,0.0,train,4.2647451742803924e-05,0.9999573525482571,0,1,1
1657,1.0,train,0.9902915235632955,0.009708476436704356,1,1,1
1658,0.0,train,0.999874662460358,0.0001253375396419817,1,1,1
1659,1.0,train,0.999987970364194,1.202963580618018e-05,1,1,1
1660,0.0,train,1.1659534680033971e-05,0.99998834046532,0,1,1
1661,0.0,dev,0.9732407170085939,0.026759282991406008,1,1,1
1662,0.0,train,0.007232762773632449,0.9927672372263675,0,1,1
1663,1.0,train,0.9999974387185416,2.561281458471511e-06,1,1,1
1664,1.0,train,0.9999982119352335,1.7880647665580954e-06,1,1,1
1665,0.0,train,0.9843363547345896,0.015663645265410357,1,1,1
1666,0.0,train,0.0001767452190757779,0.9998232547809242,0,1,1
1667,1.0,train,0.9994472212352155,0.0005527787647844794,1,1,1
1668,0.0,train,0.40356685373537454,0.5964331462646254,0,1,1
1669,0.0,train,2.225281766189752e-06,0.9999977747182339,0,1,1
1670,1.0,train,0.9999921107396639,7.889260336107052e-06,1,1,1
1671,1.0,train,0.9999952149055502,4.785094449768611e-06,1,1,1
1672,1.0,train,0.48438008427698437,0.5156199157230156,0,1,1
1673,0.0,train,0.07696082934474628,0.9230391706552538,0,1,1
1674,0.0,train,0.00012339460080592455,0.9998766053991941,0,1,1
1675,1.0,dev,0.18713268442910244,0.8128673155708976,0,1,1
1676,1.0,train,0.9999715902448502,2.8409755149811055e-05,1,1,1
1677,0.0,train,0.00045121061033713544,0.9995487893896629,0,1,1
1678,1.0,train,0.9999955048177114,4.495182288639522e-06,1,1,1
1679,0.0,train,2.6842012205121045e-06,0.9999973157987794,0,1,1
1680,1.0,train,0.9995271454653407,0.00047285453465939985,1,1,1
1681,1.0,train,0.9964619134339779,0.0035380865660219396,1,1,1
1682,1.0,train,0.9920620041824015,0.007937995817598333,1,1,1
1683,1.0,train,0.28140561345566495,0.718594386544335,0,1,1
1684,1.0,test,0.9999965534224926,3.4465775074863235e-06,1,1,1
1685,0.0,train,0.01032815156735556,0.9896718484326443,0,1,1
1686,0.0,train,0.0031726827894676926,0.9968273172105323,0,1,1
1687,1.0,train,0.9999982938170101,1.7061829899856434e-06,1,1,1
1688,0.0,train,5.805003616202646e-07,0.9999994194996383,0,1,1
1689,1.0,train,0.998812094304772,0.001187905695227996,1,1,1
1690,1.0,train,0.9984268881948581,0.00157311180514189,1,1,1
1691,1.0,train,0.9999702268783999,2.977312160020144e-05,1,1,1
1692,1.0,train,0.9988664312116167,0.0011335687883833282,1,1,1
1693,1.0,train,0.6992544085240401,0.3007455914759599,1,1,1
1694,0.0,train,0.9965165759249198,0.0034834240750801597,1,1,1
1695,1.0,train,0.8840392741081575,0.1159607258918425,1,1,1
1696,1.0,train,0.9999611689018841,3.8831098115843176e-05,1,1,1
1697,0.0,train,0.021948254594527396,0.9780517454054727,0,1,1
1698,1.0,train,0.0001195985629037039,0.9998804014370963,0,1,1
1699,0.0,dev,0.01590639031229368,0.9840936096877062,0,1,1
1700,0.0,test,0.00037998448680532444,0.9996200155131947,0,1,1
1701,1.0,train,0.4301473485858429,0.5698526514141571,0,1,1
1702,0.0,train,0.6113819732941511,0.38861802670584894,1,1,1
1703,1.0,dev,0.9999935609643844,6.43903561571454e-06,1,1,1
1704,1.0,train,0.9999869928706903,1.300712930989067e-05,1,1,1
1705,0.0,train,0.5,0.5,1,1,1
1706,1.0,train,0.9959298628692572,0.004070137130742831,1,1,1
1707,0.0,train,0.0034296044206601766,0.9965703955793398,0,1,1
1708,1.0,train,0.999926314039035,7.368596096503695e-05,1,1,1
1709,0.0,train,2.8130176727003075e-06,0.9999971869823273,0,1,1
1710,1.0,dev,0.9999318512461199,6.814875387995836e-05,1,1,1
1711,0.0,test,0.10087863083945883,0.8991213691605411,0,1,1
1712,1.0,train,0.9999989651470538,1.0348529462263183e-06,1,1,1
1713,1.0,train,0.9999749284066335,2.5071593366406856e-05,1,1,1
1714,0.0,train,0.04468086518426274,0.9553191348157372,0,1,1
1715,0.0,train,0.1520322377801054,0.8479677622198947,0,1,1
1716,1.0,train,0.9985449371372442,0.0014550628627558204,1,1,1
1717,0.0,train,0.19436780635202988,0.80563219364797,0,1,1
1718,1.0,train,0.9999983202687963,1.6797312036236735e-06,1,1,1
1719,1.0,train,0.0014550626624879929,0.9985449373375119,0,1,1
1720,0.0,train,0.9059898210180105,0.09401017898198943,1,1,1
1721,0.0,test,0.9972850146633822,0.0027149853366179068,1,1,1
1722,0.0,train,0.9999847931657865,1.5206834213636539e-05,1,1,1
1723,0.0,train,9.818324843976025e-06,0.999990181675156,0,1,1
1724,1.0,train,0.35936413143782797,0.640635868562172,0,1,1
1725,0.0,train,0.03622005846583568,0.9637799415341644,0,1,1
1726,1.0,dev,0.49218813572079556,0.5078118642792044,0,1,1
1727,1.0,train,0.999916503725744,8.349627425596001e-05,1,1,1
1728,0.0,train,0.010818448573131469,0.9891815514268686,0,1,1
1729,1.0,train,0.0003101559035481781,0.9996898440964518,0,1,1
1730,1.0,dev,0.9999930377414682,6.962258531717803e-06,1,1,1
1731,1.0,train,0.9999928167407115,7.183259288500946e-06,1,1,1
1732,1.0,test,0.9999960945164441,3.905483555885869e-06,1,1,1
1733,0.0,train,0.10230471199815197,0.8976952880018482,0,1,1
1734,1.0,test,0.9964619143500582,0.003538085649941868,1,1,1
1735,1.0,train,0.7279754548076477,0.27202454519235225,1,1,1
1736,0.0,dev,0.9390248174286374,0.06097518257136261,1,1,1
1737,1.0,train,0.3998116407397951,0.600188359260205,0,1,1
1738,1.0,train,0.9999962146743859,3.7853256141284135e-06,1,1,1
1739,0.0,train,0.968856171825758,0.03114382817424187,1,1,1
1740,1.0,train,0.9999845536867316,1.5446313268393194e-05,1,1,1
1741,1.0,train,0.9999737252251975,2.6274774802626818e-05,1,1,1
1742,1.0,train,0.8397339596505966,0.16026604034940353,1,1,1
1743,1.0,train,0.9999949062936716,5.0937063285455715e-06,1,1,1
1744,0.0,test,0.2628418489200747,0.7371581510799253,0,1,1
1745,0.0,dev,0.9904405985190059,0.009559401480994087,1,1,1
1746,0.0,train,0.015189049643846445,0.9848109503561535,0,1,1
1747,0.0,dev,0.9381240203311673,0.06187597966883275,1,1,1
1748,1.0,dev,0.9999389114685677,6.108853143221957e-05,1,1,1
1749,1.0,test,0.9999962733611106,3.726638889395554e-06,1,1,1
1750,0.0,dev,0.38491214448393346,0.6150878555160665,0,1,1
1751,1.0,train,0.9658995708520304,0.03410042914796971,1,1,1
1752,0.0,train,0.9449947151920568,0.05500528480794332,1,1,1
1753,0.0,test,0.0004728544565288999,0.9995271455434711,0,1,1
1754,1.0,dev,0.03114383368216086,0.9688561663178392,0,1,1
1755,0.0,train,0.6926419894793248,0.30735801052067535,1,1,1
1756,1.0,train,0.9196425267730007,0.08035747322699913,1,1,1
1757,0.0,train,0.0600866447038573,0.9399133552961428,0,1,1
1758,0.0,train,0.9991169539882914,0.0008830460117085892,1,1,1
1759,1.0,train,0.9996259044701484,0.00037409552985148036,1,1,1
1760,1.0,train,0.999990776531608,9.223468392128097e-06,1,1,1
1761,1.0,train,0.9999810748566141,1.892514338592099e-05,1,1,1
1762,1.0,train,0.9999906312814638,9.368718536114828e-06,1,1,1
1763,0.0,train,0.6859494485880928,0.31405055141190724,1,1,1
1764,0.0,train,1.3211962560038572e-05,0.9999867880374399,0,1,1
1765,1.0,train,0.9658995720790511,0.03410042792094888,1,1,1
1766,1.0,train,0.9972850147125546,0.0027149852874454937,1,1,1
1767,1.0,test,0.9999804741152368,1.9525884763120932e-05,1,1,1
1768,1.0,train,0.9978842968156926,0.002115703184307434,1,1,1
1769,0.0,train,0.47268347662043286,0.5273165233795671,0,1,1
1770,0.0,train,0.0017007223292114665,0.9982992776707884,0,1,1
1771,0.0,dev,0.00757724180011804,0.992422758199882,0,1,1
1772,0.0,test,0.020023442239749036,0.979976557760251,0,1,1
1773,1.0,train,0.9999775259093006,2.247409069934685e-05,1,1,1
1774,0.0,train,0.0004512106884632836,0.9995487893115367,0,1,1
1775,0.0,dev,0.0010817152889536932,0.9989182847110462,0,1,1
1776,0.0,train,0.33111973302838926,0.6688802669716107,0,1,1
1777,1.0,train,0.6926419767901475,0.3073580232098525,1,1,1
1778,0.0,train,0.00021654404908858847,0.9997834559509114,0,1,1
1779,1.0,train,0.9997800465353043,0.00021995346469560323,1,1,1
1780,0.0,train,0.04336580000026228,0.9566341999997378,0,1,1
1781,0.0,train,0.0005792917249193018,0.9994207082750808,0,1,1
1782,1.0,train,0.9998804014294673,0.00011959857053265326,1,1,1
1783,1.0,dev,0.9998204719891536,0.00017952801084634588,1,1,1
1784,0.0,dev,2.468291148765933e-05,0.9999753170885123,0,1,1
1785,1.0,train,0.9999854895165213,1.451048347878919e-05,1,1,1
1786,0.0,dev,4.710908922571521e-06,0.9999952890910774,0,1,1
1787,1.0,train,0.9838471667171115,0.016152833282888558,1,1,1
1788,0.0,test,0.9073122138417881,0.09268778615821208,1,1,1
1789,0.0,test,0.42250463481418826,0.5774953651858118,0,1,1
1790,0.0,test,0.03021458477509262,0.9697854152249075,0,1,1
1791,1.0,train,0.9999977747177226,2.2252822775669802e-06,1,1,1
1792,0.0,train,0.9759464457938071,0.024053554206192908,1,1,1
1793,1.0,train,0.9952447992439142,0.004755200756085799,1,1,1
1794,0.0,train,0.000286853951519739,0.9997131460484802,0,1,1
1795,1.0,train,0.9997546304952976,0.00024536950470248705,1,1,1
1796,1.0,test,0.9997834560461306,0.0002165439538694604,1,1,1
1797,1.0,train,0.9978172831682491,0.0021827168317508513,1,1,1
1798,0.0,dev,0.5774953651858118,0.42250463481418826,1,1,1
1799,1.0,train,0.9973269940416946,0.0026730059583053556,1,1,1
1800,0.0,train,0.03676946211738795,0.963230537882612,0,1,1
1801,1.0,train,0.14608724704829565,0.8539127529517043,0,1,1
1802,0.0,train,0.010013572395809293,0.9899864276041906,0,1,1
1803,0.0,test,0.0017274582798246553,0.9982725417201753,0,1,1
1804,1.0,dev,0.9987551564938303,0.0012448435061695807,1,1,1
1805,0.0,train,0.3629691917376782,0.6370308082623217,0,1,1
1806,1.0,train,0.999955998815554,4.400118444607617e-05,1,1,1
1807,1.0,dev,0.9926541727599972,0.00734582724000282,1,1,1
1808,0.0,train,0.1480472055495773,0.8519527944504226,0,1,1
1809,1.0,train,0.8933094159957173,0.10669058400428263,1,1,1
1810,0.0,train,0.0052201265930996036,0.9947798734069004,0,1,1
1811,1.0,train,0.9999914696766207,8.530323379346082e-06,1,1,1
1812,0.0,dev,0.003273065134739947,0.99672693486526,0,1,1
1813,0.0,train,0.9999942280774362,5.77192256369875e-06,1,1,1
1814,0.0,dev,0.6334102775181399,0.36658972248186006,1,1,1
1815,0.0,train,0.0007916297104187937,0.9992083702895812,0,1,1
1816,1.0,train,0.9916842231968245,0.0083157768031756,1,1,1
1817,1.0,train,0.9929882050075702,0.007011794992429842,1,1,1
1818,1.0,train,0.9999824970718538,1.7502928146250418e-05,1,1,1
1819,0.0,train,0.9985896413427052,0.0014103586572946918,1,1,1
1820,0.0,dev,8.614653271174783e-05,0.9999138534672882,0,1,1
1821,1.0,train,0.9993332975596756,0.000666702440324427,1,1,1
1822,1.0,train,0.9940889309959968,0.005911069004003209,1,1,1
1823,1.0,dev,0.9999850289198174,1.4971080182553242e-05,1,1,1
1824,1.0,train,0.9579122677288678,0.04208773227113229,1,1,1
1825,0.0,dev,0.00026119031423194137,0.9997388096857681,0,1,1
1826,0.0,train,0.01322281883585495,0.986777181164145,0,1,1
1827,0.0,train,0.0014550631415070313,0.9985449368584931,0,1,1
1828,0.0,train,0.8723473879530492,0.12765261204695083,1,1,1
1829,1.0,test,0.9833429584958127,0.016657041504187318,1,1,1
1830,0.0,train,0.13117323055476698,0.868826769445233,0,1,1
1831,1.0,train,0.9999053873727263,9.461262727382131e-05,1,1,1
1832,0.0,train,0.22815649691270326,0.7718435030872968,0,1,1
1833,1.0,train,0.9808759647515342,0.019124035248465895,1,1,1
1834,1.0,train,0.9999847931638496,1.5206836150324706e-05,1,1,1
1835,1.0,train,0.9999239752397477,7.602476025220303e-05,1,1,1
1836,0.0,train,0.8333245932423309,0.16667540675766923,1,1,1
1837,0.0,train,0.0002098830029966134,0.9997901169970034,0,1,1
1838,1.0,test,0.9935117307515443,0.0064882692484557174,1,1,1
1839,1.0,train,0.9953181770894176,0.004681822910582443,1,1,1
1840,1.0,dev,0.9999985632487393,1.436751260816476e-06,1,1,1
1841,0.0,train,0.0034834236370235127,0.9965165763629764,0,1,1
1842,1.0,test,0.9999830355771983,1.696442280170845e-05,1,1,1
1843,1.0,train,0.1666753984788992,0.8333246015211009,0,1,1
1844,1.0,dev,0.9999960945147219,3.9054852781245014e-06,1,1,1
1845,1.0,train,0.999958013686079,4.1986313921165925e-05,1,1,1
1846,0.0,train,3.555984355422749e-06,0.9999964440156447,0,1,1
1847,0.0,train,0.30074556640652345,0.6992544335934766,0,1,1
1848,1.0,train,0.8757869948899666,0.12421300511003351,1,1,1
1849,1.0,test,0.9999957106676706,4.289332329444697e-06,1,1,1
1850,0.0,train,6.922182076522412e-05,0.9999307781792348,0,1,1
1851,1.0,dev,0.9999923534602803,7.646539719746976e-06,1,1,1
1852,1.0,train,0.01590639357784294,0.9840936064221572,0,1,1
1853,0.0,train,3.7052956865971986e-05,0.999962947043134,0,1,1
1854,1.0,train,0.9999991148428095,8.851571905008085e-07,1,1,1
1855,0.0,train,0.8198933381139645,0.18010666188603547,1,1,1
1856,1.0,train,0.44167300566462553,0.5583269943353745,0,1,1
1857,1.0,dev,0.8962513752119936,0.10374862478800638,1,1,1
1858,0.0,test,1.0677033244734924e-06,0.9999989322966756,0,1,1
1859,0.0,train,0.0003353501008061104,0.999664649899194,0,1,1
1860,1.0,train,0.9999916019265103,8.398073489703856e-06,1,1,1
1861,0.0,test,0.9999977747188628,2.2252811372011044e-06,1,1,1
1862,0.0,train,0.9915543720683789,0.008445627931621071,1,1,1
1863,0.0,train,0.0005703156178963879,0.9994296843821037,0,1,1
1864,0.0,test,0.4378234991142019,0.5621765008857981,0,1,1
1865,1.0,train,0.959154287592778,0.040845712407222005,1,1,1
1866,1.0,train,0.9951702786839208,0.004829721316079112,1,1,1
1867,1.0,train,0.10970577969958141,0.8902942203004186,0,1,1
1868,1.0,train,0.9998766054412497,0.00012339455875033688,1,1,1
1869,1.0,train,0.9999877809197207,1.2219080279367785e-05,1,1,1
1870,0.0,test,0.06754668503914042,0.9324533149608596,0,1,1
1871,0.0,train,3.822911132862634e-05,0.9999617708886713,0,1,1
1872,0.0,train,0.9980429828187817,0.001957017181218398,1,1,1
1873,1.0,train,0.9999949852640142,5.014735985760948e-06,1,1,1
1874,1.0,train,0.5467381519846138,0.45326184801538616,1,1,1
1875,1.0,test,0.9843363526955538,0.01566364730444623,1,1,1
1876,0.0,train,0.00012339458839607753,0.9998766054116041,0,1,1
1877,0.0,train,0.9994472214515756,0.0005527785484243358,1,1,1
1878,1.0,test,0.523420348936324,0.47657965106367595,1,1,1
1879,0.0,train,1.5689554169714652e-05,0.9999843104458304,0,1,1
1880,1.0,train,0.41869690935568665,0.5813030906443133,0,1,1
1881,1.0,train,0.9988120946962215,0.0011879053037785576,1,1,1
1882,0.0,train,0.341582512843634,0.658417487156366,0,1,1
1883,1.0,dev,0.9993121488871961,0.0006878511128039836,1,1,1
1884,0.0,train,0.07477004703138002,0.92522995296862,0,1,1
1885,1.0,dev,0.1602660263115288,0.8397339736884711,0,1,1
1886,0.0,train,0.09947022189081606,0.900529778109184,0,1,1
1887,0.0,train,0.3007455789412415,0.6992544210587585,0,1,1
1888,1.0,train,0.38861802670584894,0.6113819732941511,0,1,1
1889,1.0,train,0.016403031314088434,0.9835969686859116,0,1,1
1890,0.0,test,0.41869690935568665,0.5813030906443133,0,1,1
1891,0.0,train,8.614646708911416e-05,0.9999138535329108,0,1,1
1892,1.0,train,0.021615333235344758,0.9783846667646553,0,1,1
1893,0.0,train,0.9999715902497812,2.840975021872137e-05,1,1,1
1894,0.0,train,2.4300243730547078e-05,0.9999756997562695,0,1,1
1895,1.0,train,0.9978510503329382,0.002148949667061779,1,1,1
1896,1.0,train,0.9999983463099882,1.6536900118633648e-06,1,1,1
1897,1.0,train,0.9999745335953059,2.54664046941357e-05,1,1,1
1898,0.0,train,0.8705972801594707,0.1294027198405294,1,1,1
1899,0.0,train,0.0035936022612815957,0.9964063977387183,0,1,1
1900,0.0,train,0.06465348790566186,0.9353465120943382,0,1,1
1901,0.0,train,0.9919380079131446,0.008061992086855365,1,1,1
1902,1.0,train,0.9999933565636476,6.64343635243573e-06,1,1,1
1903,1.0,train,0.14414885487109627,0.8558511451289037,0,1,1
1904,0.0,train,0.02228618424046944,0.9777138157595305,0,1,1
1905,1.0,train,0.9999559988079834,4.400119201666871e-05,1,1,1
1906,1.0,train,0.9999711428903992,2.885710960074559e-05,1,1,1
1907,0.0,train,0.6334102775181399,0.36658972248186006,1,1,1
1908,1.0,train,0.9992562969879386,0.0007437030120614131,1,1,1
1909,1.0,train,0.9999756997525778,2.430024742219915e-05,1,1,1
1910,1.0,dev,0.980280872180697,0.01971912781930291,1,1,1
1911,1.0,train,0.9968273164329422,0.00317268356705774,1,1,1
1912,0.0,train,0.2909808723634538,0.7090191276365462,0,1,1
1913,1.0,train,0.9693241982893259,0.030675801710674105,1,1,1
1914,1.0,dev,0.7772998714925403,0.22270012850745968,1,1,1
1915,1.0,dev,0.9999931456835862,6.854316413691312e-06,1,1,1
1916,1.0,test,0.9999980666410364,1.933358963616532e-06,1,1,1
1917,0.0,train,0.9702399069145607,0.029760093085439133,1,1,1
1918,1.0,dev,4.812518680895624e-07,0.9999995187481319,0,1,1
1919,0.0,test,0.0010322309445614404,0.9989677690554385,0,1,1
1920,0.0,test,7.722188353481414e-05,0.9999227781164652,0,1,1
1921,1.0,test,0.9990746150866584,0.0009253849133416627,1,1,1
1922,1.0,train,0.9998960892809252,0.00010391071907479523,1,1,1
1923,1.0,train,0.9999737252323486,2.6274767651373176e-05,1,1,1
1924,1.0,train,0.9999895484561556,1.0451543844363652e-05,1,1,1
1925,0.0,train,0.9669140207770578,0.03308597922294221,1,1,1
1926,0.0,train,0.7090191214879991,0.2909808785120009,1,1,1
1927,1.0,train,0.2909808600663598,0.7090191399336402,0,1,1
1928,0.0,train,0.011687259286582024,0.988312740713418,0,1,1
1929,0.0,train,0.016152837663838075,0.9838471623361619,0,1,1
1930,0.0,train,0.13660840232900245,0.8633915976709976,0,1,1
1931,0.0,train,0.9999927036206452,7.296379354699568e-06,1,1,1
1932,1.0,train,0.9994385211937581,0.0005614788062418693,1,1,1
1933,1.0,train,0.9964063972368347,0.0035936027631653937,1,1,1
1934,0.0,train,0.05500528480794332,0.9449947151920568,0,1,1
1935,0.0,train,0.015189050758329842,0.9848109492416701,0,1,1
1936,1.0,train,0.06954173872068878,0.9304582612793112,0,1,1
1937,1.0,train,0.9984752132911641,0.0015247867088359842,1,1,1
1938,0.0,test,0.01798621259404007,0.9820137874059599,0,1,1
1939,0.0,train,0.004681823053798263,0.9953181769462017,0,1,1
1940,0.0,train,0.0002780308706863037,0.9997219691293138,0,1,1
1941,1.0,train,0.999844019752167,0.00015598024783305194,1,1,1
1942,0.0,train,9.915269274825663e-05,0.9999008473072518,0,1,1
1943,0.0,train,0.0052201246876200265,0.9947798753123799,0,1,1
1944,1.0,train,0.9988839858564362,0.001116014143563653,1,1,1
1945,1.0,train,0.9999917321253565,8.267874643400692e-06,1,1,1
1946,0.0,test,0.0012065898031582297,0.9987934101968418,0,1,1
1947,1.0,train,0.9999980052711762,1.9947288237777315e-06,1,1,1
1948,1.0,test,0.9998822553619393,0.00011774463806078616,1,1,1
1949,1.0,train,0.9914225148001248,0.008577485199875081,1,1,1
1950,1.0,train,0.9840936111746974,0.015906388825302722,1,1,1
1951,0.0,train,0.626124191181315,0.37387580881868504,1,1,1
1952,0.0,train,0.6959583313396339,0.3040416686603661,1,1,1
1953,0.0,train,3.591299542840188e-05,0.9999640870045716,0,1,1
1954,0.0,train,0.3311197264277872,0.6688802735722128,0,1,1
1955,0.0,test,0.029312233613242346,0.9706877663867577,0,1,1
1956,0.0,train,4.888303784034875e-07,0.9999995111696216,0,1,1
1957,1.0,test,0.9572778073288127,0.04272219267118716,1,1,1
1958,1.0,train,0.9999978431835463,2.1568164535895113e-06,1,1,1
1959,1.0,train,0.9899864282135344,0.010013571786465579,1,1,1
1960,1.0,train,0.9994806950835406,0.0005193049164592671,1,1,1
1961,1.0,train,0.9999807768215865,1.9223178413565367e-05,1,1,1
1962,0.0,train,1.2411501305262178e-05,0.9999875884986947,0,1,1
1963,0.0,train,0.16451645470385742,0.8354835452961425,0,1,1
1964,0.0,train,4.637872662411367e-06,0.9999953621273378,0,1,1
1965,0.0,test,0.0001072088035173162,0.9998927911964826,0,1,1
1966,0.0,train,0.7310585727705126,0.2689414272294874,1,1,1
1967,0.0,train,0.08509904674726423,0.9149009532527358,0,1,1
1968,1.0,train,0.8976952996340947,0.1023047003659054,1,1,1
1969,1.0,test,0.9989994956761187,0.0010005043238813208,1,1,1
1970,1.0,train,0.9980732649319168,0.0019267350680831517,1,1,1
1971,1.0,train,0.9999932519462827,6.748053717376012e-06,1,1,1
1972,1.0,dev,0.11436852467249822,0.8856314753275019,0,1,1
1973,1.0,train,0.999997843183313,2.1568166870994488e-06,1,1,1
1974,1.0,train,0.9919380093282234,0.008061990671776672,1,1,1
1975,0.0,train,8.801102510906582e-06,0.999991198897489,0,1,1
1976,1.0,train,0.9999985632489435,1.4367510564252347e-06,1,1,1
1977,1.0,train,0.785308580887758,0.2146914191122419,1,1,1
1978,0.0,train,0.9999068540954664,9.314590453361762e-05,1,1,1
1979,0.0,train,0.9994557868162112,0.000544213183788771,1,1,1
1980,1.0,train,0.9998601779123741,0.00013982208762584444,1,1,1
1981,1.0,test,0.9999832985820598,1.6701417940115094e-05,1,1,1
1982,1.0,train,0.3665897294020099,0.63341027059799,0,1,1
1983,0.0,train,0.9996017869231002,0.00039821307689981965,1,1,1
1984,1.0,train,0.9999546021319952,4.539786800484508e-05,1,1,1
1985,0.0,train,0.9994642193791149,0.0005357806208850913,1,1,1
1986,0.0,test,0.0002737218006105355,0.9997262781993894,0,1,1
1987,1.0,dev,0.9918120897882148,0.008187910211785297,1,1,1
1988,1.0,train,0.988841969111568,0.011158030888431907,1,1,1
1989,1.0,train,0.9953904288974744,0.004609571102525478,1,1,1
1990,0.0,train,0.11596071214366648,0.8840392878563335,0,1,1
1991,1.0,train,0.994698106230795,0.005301893769205024,1,1,1
1992,0.0,train,0.08035747047400407,0.9196425295259959,0,1,1
1993,1.0,train,0.9976768372593514,0.0023231627406486077,1,1,1
1994,0.0,train,0.2974699301485223,0.7025300698514778,0,1,1
1995,0.0,train,0.3208213138121609,0.6791786861878392,0,1,1
1996,1.0,train,0.9999928167416297,7.1832583703144964e-06,1,1,1
1997,1.0,train,0.9998840807068466,0.00011591929315346968,1,1,1
1998,1.0,train,0.9997507674252935,0.0002492325747065742,1,1,1
1999,1.0,train,0.9999883404661263,1.16595338737784e-05,1,1,1
2000,0.0,train,0.1329642333263228,0.8670357666736773,0,1,1
2001,1.0,train,0.9999756997511379,2.4300248862085058e-05,1,1,1
2002,0.0,train,0.10669060104662924,0.8933093989533708,0,1,1
2003,1.0,train,0.904650527388829,0.09534947261117097,1,1,1
2004,0.0,train,0.03904829244665435,0.9609517075533456,0,1,1
