index,label,split,p_yes,p_no,pred_yes,saw_yes,saw_no
0,1.0,train,0.9999873930518345,1.26069481654731e-05,1,1,1
1,0.0,train,0.07369626665435941,0.9263037333456405,0,1,1
2,0.0,train,1.3631351585757948e-05,0.9999863686484143,0,1,1
3,1.0,train,0.45326184801538616,0.5467381519846138,0,1,1
4,0.0,dev,0.0008167379587420876,0.999183262041258,0,1,1
5,1.0,train,0.9998286917925279,0.00017130820747222794,1,1,1
6,1.0,train,0.9998822554252593,0.00011774457474062638,1,1,1
7,1.0,train,0.9999886991937714,1.1300806228518498e-05,1,1,1
8,0.0,train,0.9997131460223068,0.00028685397769327904,1,1,1
9,1.0,train,0.5813030906443133,0.41869690935568665,1,1,1
10,0.0,dev,0.28457600421652673,0.7154239957834733,0,1,1
11,1.0,dev,0.839733983715524,0.1602660162844761,1,1,1
12,0.0,train,6.276701141038541e-07,0.999999372329886,0,1,1
13,1.0,train,0.01133175286359008,0.9886682471364099,0,1,1
14,1.0,train,0.9999993820606853,6.179393146394451e-07,1,1,1
15,0.0,train,0.0022170128251704333,0.9977829871748296,0,1,1
16,0.0,train,0.013848609808559443,0.9861513901914405,0,1,1
17,1.0,train,0.9632305297023093,0.0367694702976907,1,1,1
18,0.0,dev,0.012624948910061778,0.9873750510899382,0,1,1
19,1.0,train,0.7310585903489892,0.2689414096510108,1,1,1
20,1.0,train,0.9998623454083551,0.0001376545916449112,1,1,1
21,0.0,test,5.805004027083572e-07,0.9999994194995973,0,1,1
22,0.0,train,0.99687635088974,0.00312364911025993,1,1,1
23,0.0,train,3.7052971980030794e-05,0.9999629470280199,0,1,1
24,1.0,train,0.9996200155135483,0.00037998448645157074,1,1,1
25,0.0,dev,0.10230471062965231,0.8976952893703478,0,1,1
26,0.0,train,0.000732181392489225,0.9992678186075109,0,1,1
27,0.0,train,7.338212866992196e-07,0.9999992661787134,0,1,1
28,1.0,train,0.9998911031114717,0.00010889688852824998,1,1,1
29,1.0,train,0.46879062662624377,0.5312093733737563,0,1,1
30,0.0,train,0.0032224835581782262,0.9967775164418217,0,1,1
31,0.0,train,0.0006462032137360756,0.999353796786264,0,1,1
32,0.0,train,0.022286182292335494,0.9777138177076644,0,1,1
33,1.0,train,0.9999830355751956,1.6964424804242197e-05,1,1,1
34,0.0,train,2.282799311101752e-05,0.9999771720068888,0,1,1
35,0.0,train,0.6297746074044134,0.3702253925955866,1,1,1
36,0.0,train,0.0002868541849450678,0.999713145815055,0,1,1
37,1.0,train,0.9978510510359049,0.002148948964095189,1,1,1
38,1.0,train,0.005301895498086323,0.9946981045019136,0,1,1
39,0.0,train,0.0001971694337121257,0.9998028305662878,0,1,1
40,0.0,train,1.2482714902199868e-06,0.9999987517285097,0,1,1
41,0.0,train,0.02297737258620403,0.977022627413796,0,1,1
42,0.0,train,0.9990889486360575,0.0009110513639425678,1,1,1
43,1.0,train,0.9999995034719215,4.965280785934169e-07,1,1,1
44,0.0,dev,0.8705972650509008,0.12940273494909915,1,1,1
45,1.0,train,0.9999165037050222,8.349629497779593e-05,1,1,1
46,0.0,train,0.0015978454464739265,0.998402154553526,0,1,1
47,1.0,train,0.9981324337026719,0.0018675662973279953,1,1,1
48,0.0,train,0.00037409573846723074,0.9996259042615327,0,1,1
49,1.0,dev,0.9999957771665553,4.222833444659923e-06,1,1,1
50,1.0,dev,0.0007096703568309563,0.9992903296431691,0,1,1
51,1.0,dev,0.23370636758849891,0.7662936324115011,0,1,1
52,0.0,train,0.0004442182001271685,0.9995557817998729,0,1,1
53,0.0,train,0.00014883842935202403,0.999851161570648,0,1,1
54,0.0,train,2.2474080477583448e-05,0.9999775259195224,0,1,1
55,0.0,train,3.393145621962729e-06,0.999996606854378,0,1,1
56,1.0,train,0.9950177301218353,0.004982269878164687,1,1,1
57,1.0,train,0.9999775259026109,2.2474097389149474e-05,1,1,1
58,1.0,train,0.9990149916006117,0.0009850083993882426,1,1,1
59,0.0,train,0.00013135178923711916,0.9998686482107629,0,1,1
60,0.0,train,0.24798742624020276,0.7520125737597972,0,1,1
61,1.0,train,0.9999990278449392,9.721550607679273e-07,1,1,1
62,0.0,train,0.08035747322699913,0.9196425267730007,0,1,1
63,1.0,train,0.99999969884029,3.011597100039147e-07,1,1,1
64,1.0,train,0.999862345333496,0.0001376546665039094,1,1,1
65,0.0,train,6.108854373460825e-05,0.9999389114562655,0,1,1
66,0.0,train,0.0007321811308325213,0.9992678188691675,0,1,1
67,1.0,train,0.9999888743911849,1.1125608815045498e-05,1,1,1
68,1.0,test,0.999951674373334,4.832562666608354e-05,1,1,1
69,1.0,train,0.45326184801538616,0.5467381519846138,0,1,1
70,1.0,train,0.9875683471344399,0.012431652865560293,1,1,1
71,1.0,train,0.9978842969140043,0.002115703085995769,1,1,1
72,1.0,train,0.8757869819218864,0.12421301807811345,1,1,1
73,0.0,train,0.0029349518319254017,0.9970650481680745,0,1,1
74,0.0,train,0.08269733363200235,0.9173026663679977,0,1,1
75,0.0,train,2.282800535663104e-05,0.9999771719946434,0,1,1
76,1.0,train,0.2814056194821861,0.7185943805178138,0,1,1
77,0.0,train,0.9999904837490502,9.516250949709074e-06,1,1,1
78,1.0,train,0.999607958187404,0.00039204181259597937,1,1,1
79,1.0,train,0.999999772672722,2.2732727802198832e-07,1,1,1
80,0.0,dev,0.9532750433650784,0.046724956634921655,1,1,1
81,0.0,dev,0.002434382442747099,0.9975656175572529,0,1,1
82,0.0,train,1.653689980290981e-06,0.9999983463100197,0,1,1
83,0.0,train,6.439038183086751e-06,0.9999935609618169,0,1,1
84,1.0,train,0.9999307781422327,6.92218577672151e-05,1,1,1
85,1.0,train,0.0051396109451837466,0.9948603890548162,0,1,1
86,1.0,train,0.9964619146784021,0.0035380853215978133,1,1,1
87,1.0,train,0.977370798319109,0.02262920168089112,1,1,1
88,0.0,train,0.9861513926334712,0.013848607366528903,1,1,1
89,1.0,dev,0.9390248131626427,0.06097518683735731,1,1,1
90,0.0,train,0.6076631698328917,0.3923368301671084,1,1,1
91,0.0,train,0.0003982132092458623,0.9996017867907541,0,1,1
92,0.0,dev,0.13477592784882603,0.865224072151174,0,1,1
93,1.0,test,0.9999995686086764,4.313913236266985e-07,1,1,1
94,1.0,train,0.9998204721055447,0.00017952789445533463,1,1,1
95,0.0,train,0.00029137002595553486,0.9997086299740444,0,1,1
96,0.0,train,0.9343951634543844,0.06560483654561555,1,1,1
97,1.0,train,0.9991832619804558,0.0008167380195441097,1,1,1
98,0.0,train,0.596433160611502,0.403566839388498,1,1,1
99,1.0,train,0.9883127435533705,0.011687256446629511,1,1,1
100,0.0,train,0.0008830460055460307,0.999116953994454,0,1,1
101,1.0,train,0.022629204647028358,0.9773707953529717,0,1,1
102,0.0,train,0.2974699301485223,0.7025300698514778,0,1,1
103,0.0,train,4.181188228189047e-07,0.9999995818811772,0,1,1
104,0.0,train,0.003222484611186559,0.9967775153888134,0,1,1
105,0.0,train,0.8376199552262966,0.16238004477370327,1,1,1
106,1.0,train,0.9999867880386212,1.3211961378812727e-05,1,1,1
107,1.0,train,0.999991986497616,8.013502384075253e-06,1,1,1
108,1.0,train,0.9932024694556523,0.0067975305443476125,1,1,1
109,0.0,train,1.1125604173132382e-05,0.9999888743958268,0,1,1
110,0.0,dev,0.00013765469931882555,0.9998623453006811,0,1,1
111,1.0,train,0.006903838071221877,0.993096161928778,0,1,1
112,1.0,train,0.996972165425248,0.003027834574751941,1,1,1
113,1.0,train,0.9999885212317018,1.1478768298125362e-05,1,1,1
114,0.0,train,0.6654105720171531,0.33458942798284697,1,1,1
115,0.0,train,0.002019014020548217,0.9979809859794517,0,1,1
116,1.0,dev,0.9943580913327832,0.005641908667216687,1,1,1
117,1.0,dev,0.9999973983823277,2.601617672231972e-06,1,1,1
118,0.0,train,9.666111708689135e-06,0.9999903338882914,0,1,1
119,0.0,train,0.12085323882332893,0.879146761176671,0,1,1
120,1.0,test,0.9780517475646369,0.021948252435363115,1,1,1
121,1.0,train,0.9999227781058221,7.722189417792848e-05,1,1,1
122,1.0,train,0.9960545937204306,0.003945406279569367,1,1,1
123,0.0,train,7.722190913582135e-05,0.9999227780908642,0,1,1
124,0.0,train,0.00011774461333576734,0.9998822553866642,0,1,1
125,1.0,train,0.9992791620492539,0.0007208379507461488,1,1,1
126,0.0,train,0.03161876818116342,0.9683812318188365,0,1,1
127,0.0,train,1.3081767436171053e-06,0.9999986918232564,0,1,1
128,0.0,train,0.06465348835622392,0.9353465116437761,0,1,1
129,1.0,train,0.21733752611649484,0.7826624738835051,0,1,1
130,1.0,train,0.9999997342276279,2.6577237215478675e-07,1,1,1
131,1.0,train,0.9999997830827614,2.1691723862651432e-07,1,1,1
132,1.0,train,0.025178843895084124,0.9748211561049159,0,1,1
133,0.0,train,3.0590219045925095e-07,0.9999996940978096,0,1,1
134,1.0,train,0.999279161839949,0.0007208381600509841,1,1,1
135,0.0,train,6.179394757795999e-07,0.9999993820605241,0,1,1
136,0.0,train,0.034618841827190314,0.9653811581728098,0,1,1
137,1.0,train,0.9936116776714995,0.006388322328500546,1,1,1
138,1.0,train,0.9059898305367525,0.09401016946324747,1,1,1
139,1.0,train,0.9999593054287655,4.069457123457926e-05,1,1,1
140,1.0,train,0.7310585727705126,0.2689414272294874,1,1,1
141,0.0,train,7.254361390656637e-05,0.9999274563860935,0,1,1
142,0.0,train,0.006589770199858242,0.9934102298001418,0,1,1
143,1.0,dev,0.9940889313188784,0.005911068681121534,1,1,1
144,0.0,train,0.0004955361837364696,0.9995044638162636,0,1,1
145,0.0,train,0.013848613064600826,0.986151386935399,0,1,1
146,0.0,dev,0.01665704391442642,0.9833429560855735,0,1,1
147,0.0,train,0.2658804730998169,0.734119526900183,0,1,1
148,1.0,train,0.8558511579973932,0.14414884200260686,1,1,1
149,0.0,train,2.156817249783174e-06,0.9999978431827501,0,1,1
150,0.0,test,0.0005614785789003535,0.9994385214210997,0,1,1
151,0.0,dev,0.712232184238947,0.2877678157610531,1,1,1
152,1.0,train,0.04603389978171546,0.9539661002182845,0,1,1
153,0.0,train,9.223465712065615e-06,0.9999907765342879,0,1,1
154,0.0,train,2.9944395535154025e-06,0.9999970055604465,0,1,1
155,0.0,train,1.61875795064726e-05,0.9999838124204934,0,1,1
156,1.0,train,0.9999987710819384,1.2289180617352561e-06,1,1,1
157,0.0,train,0.00012339458334021427,0.9998766054166598,0,1,1
158,1.0,train,0.8244619177503205,0.17553808224967943,1,1,1
159,1.0,train,0.999939858496113,6.014150388706636e-05,1,1,1
160,1.0,train,0.999438521266403,0.0005614787335970992,1,1,1
161,1.0,train,0.9951702783974375,0.004829721602562594,1,1,1
162,1.0,train,0.9998579764211345,0.0001420235788655113,1,1,1
163,0.0,train,0.3242353859211693,0.6757646140788307,0,1,1
164,1.0,train,0.9995044640044638,0.0004955359955361656,1,1,1
165,0.0,dev,0.02262920332874509,0.9773707966712549,0,1,1
166,1.0,test,0.9926541746207527,0.007345825379247276,1,1,1
167,0.0,train,5.368749719365408e-07,0.999999463125028,0,1,1
168,,,1.2952709042956956e-07,0.9999998704729095,0,1,1
169,0.0,train,5.225226840386986e-05,0.999947747731596,0,1,1
170,0.0,train,0.013848608994549217,0.9861513910054509,0,1,1
171,1.0,train,0.9999531611256959,4.683887430415032e-05,1,1,1
172,1.0,train,0.9996259044593521,0.0003740955406479521,1,1,1
173,0.0,train,2.58674310813544e-05,0.9999741325689185,0,1,1
174,1.0,train,0.0046818216910782095,0.9953181783089217,0,1,1
175,0.0,train,3.0894959211886916e-06,0.9999969105040789,0,1,1
176,0.0,test,0.02096424020644255,0.9790357597935575,0,1,1
177,0.0,train,0.006692852509305267,0.9933071474906947,0,1,1
178,1.0,dev,0.9799765554941656,0.020023444505834397,1,1,1
179,0.0,train,0.0006563727151431046,0.9993436272848568,0,1,1
180,1.0,train,0.10374863517987337,0.8962513648201267,0,1,1
181,1.0,train,0.967899295134923,0.03210070486507694,1,1,1
182,1.0,train,0.9999840633839086,1.593661609143198e-05,1,1,1
183,0.0,test,0.5039061705290805,0.4960938294709195,1,1,1
184,1.0,train,0.0007554055202503566,0.9992445944797497,0,1,1
185,1.0,train,0.9399133481428692,0.0600866518571309,1,1,1
186,1.0,train,0.0028449091999891356,0.9971550908000107,0,1,1
187,1.0,train,0.23651623644570763,0.7634837635542924,0,1,1
188,1.0,train,0.06656918526680433,0.9334308147331958,0,1,1
189,1.0,train,0.998951530670411,0.0010484693295891264,1,1,1
190,0.0,train,0.2254166262422842,0.7745833737577158,0,1,1
191,1.0,dev,0.9999994460828585,5.539171416017675e-07,1,1,1
192,1.0,train,0.28776782797747225,0.7122321720225278,0,1,1
193,1.0,train,0.9999995752969028,4.24703097334639e-07,1,1,1
194,1.0,train,0.6619228625116081,0.33807713748839185,1,1,1
195,0.0,train,0.003707252213935377,0.9962927477860646,0,1,1
196,0.0,dev,7.141903953857398e-05,0.9999285809604613,0,1,1
197,1.0,train,0.9609517083920617,0.039048291607938254,1,1,1
198,1.0,train,0.9999835574991313,1.644250086881774e-05,1,1,1
199,1.0,test,0.8397339756938818,0.16026602430611822,1,1,1
200,1.0,dev,0.9702399064842983,0.029760093515701674,1,1,1
201,1.0,test,0.2751297238231752,0.7248702761768248,0,1,1
202,1.0,train,0.8918110425624792,0.10818895743752079,1,1,1
203,1.0,train,0.9219218327098193,0.0780781672901807,1,1,1
204,0.0,dev,0.0460339010904779,0.9539660989095221,0,1,1
205,1.0,dev,0.5774953651858118,0.42250463481418826,1,1,1
206,0.0,train,6.854314760355724e-06,0.9999931456852396,0,1,1
207,0.0,train,0.6224593312018546,0.37754066879814546,1,1,1
208,0.0,train,7.527993258654625e-06,0.9999924720067412,0,1,1
209,1.0,train,0.9999994714487033,5.285512966116269e-07,1,1,1
210,1.0,test,0.9999901816715898,9.818328410112411e-06,1,1,1
211,1.0,train,0.99990685405292,9.314594707999135e-05,1,1,1
212,1.0,train,0.002631673740213808,0.9973683262597863,0,1,1
213,0.0,train,0.9136765187126079,0.08632348128739208,1,1,1
214,1.0,train,0.45713671682749485,0.5428632831725052,0,1,1
215,0.0,train,0.00014202368255031717,0.9998579763174497,0,1,1
216,1.0,train,0.9999997383480036,2.6165199643233896e-07,1,1,1
217,1.0,test,0.9901401458602582,0.009859854139741648,1,1,1
218,1.0,train,0.7718434978390747,0.22815650216092537,1,1,1
219,1.0,train,0.9525741281688026,0.047425871831197425,1,1,1
220,1.0,train,0.9984268880452898,0.00157311195471011,1,1,1
221,0.0,train,6.814870586934759e-05,0.9999318512941305,0,1,1
222,0.0,train,1.248271192609279e-06,0.9999987517288075,0,1,1
223,0.0,train,4.052546521719457e-07,0.9999995947453478,0,1,1
224,0.0,train,0.00047285436409283215,0.9995271456359072,0,1,1
225,0.0,train,0.0008426422585733339,0.9991573577414266,0,1,1
226,1.0,train,0.9998927912414086,0.00010720875859145207,1,1,1
227,1.0,train,0.999999825702224,1.7429777607448434e-07,1,1,1
228,0.0,train,0.11596071519881657,0.8840392848011833,0,1,1
229,0.0,train,0.12765261868437058,0.8723473813156294,0,1,1
230,1.0,train,0.682573734412324,0.31742626558767584,1,1,1
231,1.0,dev,0.9399133464597458,0.06008665354025422,1,1,1
232,1.0,train,0.9999407908604101,5.920913958988369e-05,1,1,1
233,0.0,train,5.539174016029559e-07,0.9999994460825985,0,1,1
234,0.0,train,0.00031015591278867765,0.9996898440872114,0,1,1
235,0.0,train,0.018546560172282282,0.9814534398277177,0,1,1
236,1.0,train,0.9993332976014042,0.0006667023985957314,1,1,1
237,0.0,train,0.9252299643080207,0.07477003569197924,1,1,1
238,1.0,dev,0.9999962146745982,3.785325401726331e-06,1,1,1
239,1.0,train,0.9793540700140232,0.02064592998597682,1,1,1
240,1.0,train,0.9693241982893259,0.030675801710674105,1,1,1
241,0.0,train,0.010169657753872614,0.9898303422461273,0,1,1
242,0.0,train,2.2474080477583448e-05,0.9999775259195224,0,1,1
243,1.0,train,0.9999997830828018,2.1691719822254262e-07,1,1,1
244,0.0,train,0.0006771942733751561,0.9993228057266249,0,1,1
245,1.0,train,0.9999068540390414,9.314596095852726e-05,1,1,1
246,1.0,train,0.0012255674119030602,0.9987744325880968,0,1,1
247,1.0,train,0.0008167379101004732,0.9991832620898996,0,1,1
248,0.0,train,0.00012931558945178506,0.9998706844105482,0,1,1
249,1.0,train,0.9934102269224709,0.006589773077529114,1,1,1
250,1.0,train,0.9998058868450325,0.00019411315496751068,1,1,1
251,1.0,train,0.1645164792819756,0.8354835207180245,0,1,1
252,1.0,train,0.7185943925708561,0.28140560742914383,1,1,1
253,1.0,train,0.9693241965169939,0.03067580348300616,1,1,1
254,0.0,train,0.9173026550642019,0.08269734493579813,1,1,1
255,0.0,test,0.0013458606416318142,0.9986541393583681,0,1,1
256,0.0,train,0.0510827412909026,0.9489172587090975,0,1,1
257,1.0,train,0.9999968618535972,3.138146402861875e-06,1,1,1
258,1.0,train,0.480478678047907,0.5195213219520929,0,1,1
259,1.0,test,0.968381232959484,0.031618767040516,1,1,1
260,0.0,train,0.00046552675234414864,0.9995344732476559,0,1,1
261,1.0,train,0.6959583376458152,0.3040416623541848,1,1,1
262,0.0,train,3.3405395525727e-06,0.9999966594604475,0,1,1
263,1.0,train,0.9999913353452382,8.664654761814505e-06,1,1,1
264,1.0,train,0.9999998532265411,1.4677345898690904e-07,1,1,1
265,1.0,test,0.9999988634361073,1.136563892730956e-06,1,1,1
266,0.0,train,0.013428256716065068,0.9865717432839349,0,1,1
267,1.0,test,0.9875683476832692,0.01243165231673086,1,1,1
268,0.0,train,0.9407897467685334,0.05921025323146657,1,1,1
269,1.0,train,0.9999923534642451,7.646535754941622e-06,1,1,1
270,1.0,train,0.0280075149268076,0.9719924850731925,0,1,1
271,1.0,train,0.8376199673867852,0.16238003261321476,1,1,1
272,1.0,test,0.9865717444683929,0.013428255531607104,1,1,1
273,0.0,train,0.006003595440877645,0.9939964045591224,0,1,1
274,0.0,train,7.722190913582135e-05,0.9999227780908642,0,1,1
275,0.0,test,0.006192989240742869,0.993807010759257,0,1,1
276,0.0,train,0.00359360194114313,0.9964063980588568,0,1,1
277,1.0,train,0.9999687980824458,3.1201917554292326e-05,1,1,1
278,1.0,train,0.9525741308615412,0.04742586913845881,1,1,1
279,1.0,train,0.008847354560252537,0.9911526454397475,0,1,1
280,1.0,train,0.9715639636617015,0.028436036338298557,1,1,1
281,0.0,train,4.356878944710891e-06,0.9999956431210554,0,1,1
282,1.0,train,0.989671849308438,0.010328150691561979,1,1,1
283,1.0,train,0.9943580907476066,0.005641909252393404,1,1,1
284,0.0,train,4.965282598650609e-07,0.9999995034717403,0,1,1
285,0.0,train,0.0003920418826710414,0.9996079581173289,0,1,1
286,1.0,test,0.9999997726726796,2.273273203649878e-07,1,1,1
287,1.0,train,0.9999995947454007,4.052545993327777e-07,1,1,1
288,0.0,test,0.19436781101874467,0.8056321889812553,0,1,1
289,0.0,train,0.6926419958239132,0.30735800417608683,1,1,1
290,1.0,train,0.9935117301632047,0.006488269836795327,1,1,1
291,0.0,dev,8.18636049497676e-07,0.9999991813639504,0,1,1
292,0.0,train,0.8933093975331751,0.10669060246682488,1,1,1
293,0.0,train,3.7266397284349533e-06,0.9999962733602715,0,1,1
294,1.0,train,0.9993638089240571,0.000636191075942889,1,1,1
295,0.0,train,0.0014779428042918197,0.9985220571957083,0,1,1
296,0.0,train,0.0026316738966609865,0.997368326103339,0,1,1
297,1.0,train,0.9999995335550473,4.6644495278946086e-07,1,1,1
298,1.0,train,0.9999981837768723,1.8162231277687633e-06,1,1,1
299,1.0,train,0.9999969584033516,3.0415966485138393e-06,1,1,1
300,0.0,train,1.6442492109772372e-05,0.9999835575078901,0,1,1
301,0.0,train,4.157364256918926e-06,0.9999958426357431,0,1,1
302,0.0,train,0.044018646100611195,0.9559813538993887,0,1,1
303,1.0,dev,0.9999646437634827,3.535623651732195e-05,1,1,1
304,0.0,dev,2.392350373941087e-05,0.9999760764962606,0,1,1
305,0.0,train,0.665410558746814,0.33458944125318596,1,1,1
306,0.0,train,5.173919695389801e-06,0.9999948260803045,0,1,1
307,0.0,test,1.2289181258282506e-06,0.9999987710818742,0,1,1
308,1.0,train,0.9896718479376306,0.01032815206236936,1,1,1
309,0.0,train,0.00013342005861821093,0.9998665799413818,0,1,1
310,0.0,dev,0.0007672923443100707,0.9992327076556898,0,1,1
311,0.0,train,1.191107909065781e-06,0.9999988088920909,0,1,1
312,0.0,train,7.112438257194094e-07,0.9999992887561742,0,1,1
313,1.0,train,0.9940889305308283,0.005911069469171754,1,1,1
314,1.0,train,0.9999640869764774,3.5913023522533916e-05,1,1,1
315,1.0,train,0.9999838124236896,1.6187576310442713e-05,1,1,1
316,1.0,dev,0.0004802973177289119,0.9995197026822711,0,1,1
317,1.0,train,0.9994806951123023,0.0005193048876976085,1,1,1
318,1.0,train,0.9999975175195744,2.482480425578994e-06,1,1,1
319,1.0,dev,0.999998397189251,1.6028107489910952e-06,1,1,1
320,0.0,train,0.9981324339387759,0.0018675660612240705,1,1,1
321,1.0,train,0.9990600561333302,0.0009399438666697655,1,1,1
322,1.0,train,0.8006920020959544,0.19930799790404563,1,1,1
323,1.0,train,0.9744347871903672,0.025565212809632806,1,1,1
324,0.0,train,0.00014425991606870311,0.9998557400839313,0,1,1
325,1.0,train,0.9992327077071015,0.0007672922928985893,1,1,1
326,1.0,train,0.1602660162844761,0.839733983715524,0,1,1
327,0.0,train,0.9907319881925639,0.009268011807436041,1,1,1
328,0.0,train,0.005730246345196008,0.9942697536548041,0,1,1
329,1.0,train,0.9916842201093562,0.008315779890643788,1,1,1
330,0.0,train,0.0017821960042528377,0.9982178039957472,0,1,1
331,1.0,dev,0.9999996843873112,3.1561268873471983e-07,1,1,1
332,0.0,train,0.8991213813246445,0.1008786186753556,1,1,1
333,0.0,train,1.0030145066964918e-06,0.9999989969854934,0,1,1
334,1.0,train,0.9999984220377074,1.5779622926083727e-06,1,1,1
335,0.0,train,3.4465790899498234e-06,0.9999965534209101,0,1,1
336,0.0,train,0.8128673087708699,0.18713269122913015,1,1,1
337,0.0,train,0.00407013711186692,0.9959298628881332,0,1,1
338,0.0,dev,4.936990126522402e-06,0.9999950630098734,0,1,1
339,1.0,train,0.0646534955652171,0.9353465044347828,0,1,1
340,1.0,train,0.9999801666293195,1.9833370680579586e-05,1,1,1
341,0.0,dev,0.5660185351961015,0.43398146480389854,1,1,1
342,0.0,train,8.315283250415342e-07,0.9999991684716749,0,1,1
343,1.0,train,0.06754669301670263,0.9324533069832973,0,1,1
344,1.0,train,0.0005442131003326557,0.9994557868996674,0,1,1
345,1.0,train,0.05184546957979609,0.948154530420204,0,1,1
346,1.0,test,0.9999914696801956,8.530319804360097e-06,1,1,1
347,0.0,train,2.0377483477747004e-07,0.9999997962251652,0,1,1
348,0.0,train,2.0904589733002036e-06,0.9999979095410267,0,1,1
349,1.0,train,0.9481545355477322,0.05184546445226775,1,1,1
350,1.0,train,0.9362850101927077,0.06371498980729229,1,1,1
351,1.0,train,0.9579122762897041,0.04208772371029592,1,1,1
352,1.0,train,0.9999994194998482,5.805001518547849e-07,1,1,1
353,1.0,train,0.9976403391074647,0.0023596608925353407,1,1,1
354,0.0,train,0.9518632302488963,0.04813676975110367,1,1,1
355,1.0,train,0.9998534686722537,0.00014653132774626395,1,1,1
356,1.0,train,0.3451052709578724,0.6548947290421275,0,1,1
357,1.0,dev,0.009559400193598274,0.9904405998064019,0,1,1
358,1.0,train,0.9999994373600697,5.626399303732578e-07,1,1,1
359,0.0,dev,0.9928785713596266,0.007121428640373252,1,1,1
360,1.0,train,0.9999996479087311,3.5209126901931486e-07,1,1,1
361,1.0,train,0.9073122125886486,0.09268778741135145,1,1,1
362,0.0,test,0.09670579329612154,0.9032942067038784,0,1,1
363,0.0,train,1.6442488679657978e-05,0.9999835575113204,0,1,1
364,1.0,train,0.9161096204605947,0.08389037953940537,1,1,1
365,0.0,train,0.6334102775181399,0.36658972248186006,1,1,1
366,0.0,train,0.0015011825247663551,0.9984988174752337,0,1,1
367,0.0,test,0.5851011542032312,0.41489884579676883,1,1,1
368,0.0,train,0.0346188358511616,0.9653811641488383,0,1,1
369,0.0,train,1.2219073107272209e-05,0.9999877809268928,0,1,1
370,0.0,dev,0.3007455914759599,0.6992544085240401,0,1,1
371,1.0,test,0.9998858775728977,0.00011412242710233664,1,1,1
372,1.0,train,0.45326184801538616,0.5467381519846138,0,1,1
373,1.0,train,0.9632305355076857,0.03676946449231437,1,1,1
374,0.0,test,0.00026947915555885544,0.9997305208444413,0,1,1
375,1.0,train,0.9996374097986905,0.0003625902013095982,1,1,1
376,0.0,train,0.8947894548800271,0.10521054511997296,1,1,1
377,,,6.786732981189371e-07,0.9999993213267019,0,1,1
378,0.0,train,1.3156702932236039e-07,0.9999998684329707,0,1,1
379,0.0,train,0.0005703155711820397,0.9994296844288181,0,1,1
380,0.0,train,5.829126566113865e-05,0.9999417087343389,0,1,1
381,1.0,train,0.02064592832884534,0.9793540716711546,0,1,1
382,1.0,train,0.2658804730998169,0.734119526900183,0,1,1
383,0.0,train,0.029760094806489324,0.9702399051935106,0,1,1
384,0.0,train,0.7401743620390163,0.2598256379609837,1,1,1
385,1.0,train,0.9998785182725343,0.0001214817274655964,1,1,1
386,0.0,train,0.04336579814572903,0.956634201854271,0,1,1
387,1.0,train,0.9999996310116301,3.689883697426694e-07,1,1,1
388,1.0,test,0.9999832985745435,1.6701425456658702e-05,1,1,1
389,1.0,train,0.021615336229093302,0.9783846637709066,0,1,1
390,0.0,train,0.016914909797689063,0.9830850902023109,0,1,1
391,1.0,test,0.11279541821247763,0.8872045817875224,0,1,1
392,1.0,train,0.998498817743263,0.0015011822567369915,1,1,1
393,0.0,test,0.33458944125318596,0.665410558746814,0,1,1
394,0.0,train,3.668862215856691e-06,0.9999963311377842,0,1,1
395,0.0,train,1.2679278229203094e-06,0.999998732072177,0,1,1
396,1.0,dev,0.9999991285663321,8.714336678535551e-07,1,1,1
397,1.0,train,0.9999960330151786,3.9669848213663335e-06,1,1,1
398,1.0,train,0.33807711081161995,0.6619228891883799,0,1,1
399,1.0,train,0.9999760764917154,2.3923508284524375e-05,1,1,1
400,1.0,train,0.9999203269687706,7.967303122929825e-05,1,1,1
401,1.0,train,0.9915543748682819,0.00844562513171807,1,1,1
402,0.0,train,4.495183454041556e-06,0.9999955048165459,0,1,1
403,1.0,train,0.9999989811906328,1.018809367135296e-06,1,1,1
404,0.0,train,4.965284374373477e-07,0.9999995034715626,0,1,1
405,0.0,train,1.3709567165661007e-06,0.9999986290432835,0,1,1
406,1.0,test,0.9999937590720275,6.240927972605546e-06,1,1,1
407,0.0,dev,0.33458942798284697,0.6654105720171531,0,1,1
408,1.0,test,0.9918120900983038,0.008187909901696235,1,1,1
409,1.0,train,0.9998579763788142,0.0001420236211858311,1,1,1
410,1.0,train,0.9999996843873488,3.1561265111076956e-07,1,1,1
411,1.0,train,0.9999935609637118,6.439036288103601e-06,1,1,1
412,0.0,train,2.6842016604858252e-06,0.9999973157983395,0,1,1
413,0.0,train,0.4882833952958347,0.5117166047041654,0,1,1
414,0.0,train,7.453766154448557e-07,0.9999992546233845,0,1,1
415,0.0,train,0.23651624720889433,0.7634837527911056,0,1,1
416,1.0,train,0.9967775161067737,0.0032224838932262954,1,1,1
417,0.0,train,0.0017274582155829877,0.998272541784417,0,1,1
418,1.0,train,0.9999990723638726,9.276361272919518e-07,1,1,1
419,1.0,train,0.9921841129440442,0.007815887055955793,1,1,1
420,1.0,train,0.9999994956524846,5.043475152953179e-07,1,1,1
421,1.0,train,0.00028240807799315707,0.9997175919220068,0,1,1
422,1.0,train,0.9911526437410444,0.008847356258955653,1,1,1
423,1.0,test,0.9998706844009146,0.0001293155990853017,1,1,1
424,0.0,train,1.892514260601123e-05,0.999981074857394,0,1,1
425,1.0,dev,0.999984063377853,1.5936622146925796e-05,1,1,1
426,1.0,train,0.934395157060208,0.06560484293979194,1,1,1
427,0.0,test,0.603931819468636,0.39606818053136394,1,1,1
428,1.0,train,0.9857180658651108,0.01428193413488911,1,1,1
429,0.0,test,3.689884192278511e-07,0.9999996310115806,0,1,1
430,0.0,train,0.006192989791010243,0.9938070102089896,0,1,1
431,0.0,test,3.944259850625375e-05,0.9999605574014938,0,1,1
432,0.0,train,0.5039061705290805,0.4960938294709195,1,1,1
433,1.0,train,0.9999988455383543,1.154461645858962e-06,1,1,1
434,0.0,test,0.9912886170864414,0.008711382913558587,1,1,1
435,0.0,dev,8.99095896913289e-07,0.999999100904103,0,1,1
436,1.0,train,0.6297745935070806,0.3702254064929193,1,1,1
437,0.0,train,1.9947288892627956e-06,0.9999980052711107,0,1,1
438,0.0,train,0.8774767986961401,0.12252320130385977,1,1,1
439,0.0,train,0.0002531564702065372,0.9997468435297934,0,1,1
440,1.0,train,0.10669060246682488,0.8933093975331751,0,1,1
441,0.0,train,0.0002453694805426224,0.9997546305194572,0,1,1
442,1.0,train,0.9993638088174751,0.0006361911825248881,1,1,1
443,0.0,train,0.5506073655352404,0.44939263446475963,1,1,1
444,1.0,dev,0.585101139733739,0.41489886026626094,1,1,1
445,1.0,train,0.9999883404737246,1.1659526275433195e-05,1,1,1
446,0.0,train,0.0013458606015760242,0.998654139398424,0,1,1
447,1.0,train,0.82893881677331,0.17106118322669,1,1,1
448,0.0,train,0.001700722816229541,0.9982992771837703,0,1,1
449,1.0,train,0.9981897887583941,0.001810211241605999,1,1,1
450,0.0,train,0.011687259028404494,0.9883127409715955,0,1,1
451,1.0,train,0.18242552380635632,0.8175744761936437,0,1,1
452,0.0,train,0.0003625900662832244,0.9996374099337169,0,1,1
453,1.0,train,0.9929882043072492,0.007011795692750935,1,1,1
454,1.0,train,0.9994023307001023,0.000597669299897711,1,1,1
455,1.0,train,0.41489884579676883,0.5851011542032312,0,1,1
456,1.0,dev,0.6619228758499942,0.33807712415000585,1,1,1
457,0.0,train,0.0018675659778932805,0.9981324340221067,0,1,1
458,1.0,test,0.999952423561694,4.7576438306088554e-05,1,1,1
459,1.0,train,0.8128673223709252,0.18713267762907493,1,1,1
460,1.0,train,0.0017007226138324027,0.9982992773861677,0,1,1
461,0.0,test,0.002323162522631283,0.9976768374773688,0,1,1
462,1.0,train,0.4378234844434674,0.5621765155565327,0,1,1
463,1.0,train,0.01342825237305304,0.986571747626947,0,1,1
464,1.0,train,0.19193278182505782,0.8080672181749422,0,1,1
465,0.0,train,0.38121955219593834,0.6187804478040616,0,1,1
466,0.0,train,8.939696304799167e-06,0.9999910603036951,0,1,1
467,0.0,train,0.20946968133032526,0.7905303186696747,0,1,1
468,1.0,train,0.9046505299595163,0.09534947004048376,1,1,1
469,1.0,train,0.00012148170212561452,0.9998785182978743,0,1,1
470,1.0,train,0.00026119025683936706,0.9997388097431607,0,1,1
471,1.0,train,0.0002531563118090308,0.999746843688191,0,1,1
472,1.0,train,0.9999928167397072,7.183260292819774e-06,1,1,1
473,0.0,train,2.8130179870786637e-06,0.9999971869820129,0,1,1
474,1.0,train,0.734119521083126,0.26588047891687405,1,1,1
475,0.0,train,0.0004955358294771331,0.9995044641705229,0,1,1
476,0.0,train,2.0904584748970465e-06,0.9999979095415252,0,1,1
477,1.0,train,0.9998028304877103,0.00019716951228957675,1,1,1
478,1.0,train,0.9999895484559975,1.0451544002535581e-05,1,1,1
479,0.0,train,1.051149438125479e-06,0.9999989488505618,0,1,1
480,1.0,train,0.9999987517295607,1.248270439282491e-06,1,1,1
481,0.0,train,0.3849121585956185,0.6150878414043816,0,1,1
482,0.0,train,2.6274785673270173e-05,0.9999737252143267,0,1,1
483,1.0,train,0.8267117898012104,0.17328821019878954,1,1,1
484,1.0,train,0.9850429114309508,0.0149570885690493,1,1,1
485,1.0,test,0.6513548782017746,0.3486451217982255,1,1,1
486,0.0,test,0.0028895816188453864,0.9971104183811547,0,1,1
487,1.0,train,0.9099069962657176,0.09009300373428239,1,1,1
488,1.0,train,0.9985674635225271,0.0014325364774727485,1,1,1
489,1.0,dev,0.9999635214776794,3.647852232043857e-05,1,1,1
490,1.0,dev,0.9970650479282426,0.002934952071757491,1,1,1
491,0.0,train,0.8705972616934408,0.1294027383065593,1,1,1
492,1.0,dev,0.0012255671565431457,0.9987744328434568,0,1,1
493,0.0,train,1.1659533789623783e-05,0.9999883404662104,0,1,1
494,1.0,train,0.9992327074728936,0.0007672925271064771,1,1,1
495,1.0,train,0.665410558746814,0.33458944125318596,1,1,1
496,1.0,train,0.9890130576932457,0.010986942306754304,1,1,1
497,0.0,train,0.05582313799303739,0.9441768620069627,0,1,1
498,0.0,train,0.08035747322699913,0.9196425267730007,0,1,1
499,1.0,train,0.997565617855794,0.0024343821442058718,1,1,1
500,1.0,train,0.9992206340462321,0.000779365953767952,1,1,1
501,0.0,train,5.0644734642989134e-05,0.9999493552653571,0,1,1
502,1.0,train,0.999857976362944,0.00014202363705595426,1,1,1
503,1.0,train,0.9999469249447077,5.3075055292367326e-05,1,1,1
504,1.0,train,0.9920620063679781,0.007937993632021809,1,1,1
505,1.0,train,0.9926541746207527,0.007345825379247276,1,1,1
506,1.0,train,0.9473810473951122,0.05261895260488792,1,1,1
507,1.0,train,0.9999991813634563,8.186365435418438e-07,1,1,1
508,1.0,train,0.00884735665096411,0.991152643349036,0,1,1
509,0.0,train,0.028007523851234655,0.9719924761487654,0,1,1
510,1.0,dev,0.9999982669488735,1.7330511264269642e-06,1,1,1
511,1.0,dev,0.9999952149041325,4.785095867475437e-06,1,1,1
512,1.0,test,0.5506073655352404,0.44939263446475963,1,1,1
513,0.0,train,0.05834583733690639,0.9416541626630937,0,1,1
514,0.0,train,0.596433160611502,0.403566839388498,1,1,1
515,0.0,dev,1.4144759142733736e-06,0.9999985855240857,0,1,1
516,1.0,train,0.9999990125359531,9.874640468906241e-07,1,1,1
517,1.0,train,0.999195914220009,0.0008040857799909139,1,1,1
518,1.0,train,0.9999824970742113,1.7502925788778212e-05,1,1,1
519,1.0,train,0.9865717468373084,0.013428253162691485,1,1,1
520,0.0,train,0.0006070754357912965,0.9993929245642086,0,1,1
521,1.0,train,0.9999971869818872,2.8130181128300165e-06,1,1,1
522,0.0,test,1.130081304844646e-05,0.9999886991869515,0,1,1
523,0.0,train,0.009412590560178105,0.9905874094398219,0,1,1
524,1.0,train,0.2422056177854002,0.7577943822145998,0,1,1
525,0.0,train,2.39235065912467e-05,0.9999760764934088,0,1,1
526,0.0,train,0.07477004909308943,0.9252299509069106,0,1,1
527,1.0,train,0.20434189993684582,0.7956581000631541,0,1,1
528,0.0,train,0.8267118026095992,0.17328819739040088,1,1,1
529,1.0,train,0.9999984705871127,1.5294128872977617e-06,1,1,1
530,0.0,test,0.003483423468913228,0.9965165765310867,0,1,1
531,1.0,test,0.9992206338489571,0.0007793661510428887,1,1,1
532,0.0,dev,7.224439982327414e-07,0.9999992775560017,0,1,1
533,0.0,dev,0.0027576218756539357,0.9972423781243461,0,1,1
534,1.0,train,0.7154239957834733,0.28457600421652673,1,1,1
535,1.0,train,0.9999940448632247,5.955136775229588e-06,1,1,1
536,1.0,train,0.999966785799113,3.3214200886889274e-05,1,1,1
537,1.0,train,0.9999778743338716,2.212566612848501e-05,1,1,1
538,0.0,train,0.02405355639247096,0.9759464436075291,0,1,1
539,1.0,train,0.9848109530866375,0.01518904691336246,1,1,1
540,1.0,train,0.4263215925474903,0.5736784074525096,0,1,1
541,0.0,dev,4.6112770129904274e-05,0.9999538872298701,0,1,1
542,0.0,train,0.766293653760418,0.23370634623958197,1,1,1
543,0.0,train,5.539171704907825e-07,0.9999994460828296,0,1,1
544,1.0,train,0.9970189676687409,0.0029810323312590603,1,1,1
545,1.0,dev,0.9933071475897585,0.00669285241024148,1,1,1
546,1.0,train,0.998272541244787,0.0017274587552130703,1,1,1
547,0.0,train,0.00017130826489795064,0.9998286917351019,0,1,1
548,0.0,train,0.5660185498374789,0.4339814501625211,1,1,1
549,1.0,train,0.9465966656805269,0.05340333431947304,1,1,1
550,1.0,train,0.00019411311737216515,0.9998058868826277,0,1,1
551,1.0,train,0.9999435020907086,5.649790929140652e-05,1,1,1
552,0.0,train,3.373722275390921e-05,0.9999662627772461,0,1,1
553,0.0,train,0.9817357177739141,0.018264282226085865,1,1,1
554,1.0,train,0.640635854839898,0.35936414516010196,1,1,1
555,0.0,train,0.002889581361243189,0.9971104186387569,0,1,1
556,1.0,train,0.9999982396571407,1.7603428592225116e-06,1,1,1
557,1.0,train,0.9999493552613953,5.0644738604781745e-05,1,1,1
558,1.0,train,0.9998960892771515,0.00010391072284860466,1,1,1
559,0.0,train,7.002171660605834e-07,0.999999299782834,0,1,1
560,0.0,train,0.0001293156626665296,0.9998706843373335,0,1,1
561,1.0,train,0.9899864304108645,0.010013569589135523,1,1,1
562,0.0,train,4.888302190630229e-07,0.9999995111697808,0,1,1
563,0.0,train,0.99724237748918,0.0027576225108200225,1,1,1
564,0.0,train,0.00010071396620287609,0.9998992860337972,0,1,1
565,0.0,train,8.714341677901447e-07,0.9999991285658323,0,1,1
566,1.0,train,0.9830850897067342,0.016914910293265802,1,1,1
567,0.0,train,1.7603427936447469e-06,0.9999982396572065,0,1,1
568,0.0,train,0.010652510525638453,0.9893474894743615,0,1,1
569,0.0,train,0.9755769099458929,0.024423090054107213,1,1,1
570,1.0,train,0.9999997170866514,2.8291334860031444e-07,1,1,1
571,0.0,train,9.223474233292614e-06,0.9999907765257667,0,1,1
572,0.0,train,2.7264710832452955e-06,0.9999972735289168,0,1,1
573,0.0,dev,0.042722193890012965,0.9572778061099871,0,1,1
574,1.0,train,0.9975656180276815,0.002434381972318515,1,1,1
575,0.0,train,0.0003053488957225472,0.9996946511042774,0,1,1
576,1.0,train,0.9999215621181283,7.843788187159212e-05,1,1,1
577,0.0,train,0.9996646497471455,0.0003353502528545494,1,1,1
578,0.0,train,4.3568794640891026e-06,0.999995643120536,0,1,1
579,1.0,train,0.912436153333645,0.08756384666635493,1,1,1
580,1.0,test,0.0028449090731735953,0.9971550909268263,0,1,1
581,1.0,train,0.9999994714486207,5.285513793098845e-07,1,1,1
582,0.0,train,0.006097562192575309,0.9939024378074247,0,1,1
583,1.0,train,0.004399412379521097,0.995600587620479,0,1,1
584,0.0,dev,0.019124040943697917,0.980875959056302,0,1,1
585,1.0,dev,0.2909808539178129,0.709019146082187,0,1,1
586,1.0,train,0.9999369723847314,6.302761526862765e-05,1,1,1
587,1.0,train,0.9989515305689651,0.001048469431034825,1,1,1
588,0.0,train,0.19436781101874467,0.8056321889812553,0,1,1
589,0.0,train,8.18636147086624e-07,0.9999991813638529,0,1,1
590,0.0,train,4.181185486790462e-07,0.9999995818814514,0,1,1
591,1.0,train,0.9946981040304005,0.005301895969599502,1,1,1
592,0.0,train,0.006692852311177695,0.9933071476888222,0,1,1
593,1.0,train,0.9998927912246363,0.00010720877536377248,1,1,1
594,1.0,test,0.36658972248186006,0.6334102775181399,0,1,1
595,1.0,dev,0.999999288756124,7.112438760615803e-07,1,1,1
596,1.0,train,0.9999819414775007,1.8058522499296957e-05,1,1,1
597,0.0,train,0.06954173679230911,0.9304582632076909,0,1,1
598,1.0,test,0.975946448854596,0.02405355114540397,1,1,1
599,0.0,train,0.001264422057544423,0.9987355779424555,0,1,1
600,0.0,train,0.865224072151174,0.13477592784882603,1,1,1
601,0.0,train,1.788065175171831e-06,0.999998211934825,0,1,1
602,0.0,train,4.133540762365094e-05,0.9999586645923764,0,1,1
603,0.0,train,2.0580488642753304e-06,0.9999979419511357,0,1,1
604,1.0,train,0.9996485616948393,0.00035143830516077656,1,1,1
605,0.0,train,6.8936104552113e-07,0.9999993106389544,0,1,1
606,0.0,train,0.00018522572118877275,0.9998147742788113,0,1,1
607,0.0,train,0.0025909788253094513,0.9974090211746905,0,1,1
608,1.0,train,0.9994725215049899,0.0005274784950100504,1,1,1
609,0.0,train,0.9996540085462847,0.0003459914537153557,1,1,1
610,1.0,dev,0.9995955184780587,0.000404481521941306,1,1,1
611,1.0,train,0.7662936430859597,0.23370635691404026,1,1,1
612,1.0,train,0.5926666143433998,0.4073333856566001,1,1,1
613,1.0,train,0.9999990429174589,9.570825412365107e-07,1,1,1
614,0.0,dev,0.839733983715524,0.1602660162844761,1,1,1
615,0.0,train,0.051845472509812494,0.9481545274901876,0,1,1
616,1.0,train,0.9998313472635997,0.00016865273640025903,1,1,1
617,1.0,train,0.9999991940550254,8.059449747098258e-07,1,1,1
618,0.0,train,0.000552778702783526,0.9994472212972165,0,1,1
619,0.0,train,3.6898836424431635e-07,0.9999996310116357,0,1,1
620,1.0,train,0.999962363563895,3.763643610506428e-05,1,1,1
621,1.0,train,0.999992588723082,7.411276917815532e-06,1,1,1
622,0.0,train,0.009708475908421797,0.9902915240915781,0,1,1
623,0.0,train,2.156816607003026e-06,0.9999978431833929,0,1,1
624,0.0,train,0.05500528829345415,0.9449947117065459,0,1,1
625,0.0,test,0.004264635198403303,0.9957353648015967,0,1,1
626,1.0,train,0.9998706844076581,0.00012931559234183998,1,1,1
627,1.0,dev,0.9961155240854761,0.003884475914523839,1,1,1
628,1.0,dev,0.9993833701527485,0.000616629847251429,1,1,1
629,1.0,train,0.004331501634974993,0.995668498365025,0,1,1
630,0.0,train,0.03461883784317106,0.9653811621568289,0,1,1
631,0.0,train,0.2751297238231752,0.7248702761768248,0,1,1
632,0.0,train,8.01350130938952e-06,0.9999919864986907,0,1,1
633,0.0,test,3.269928414165409e-05,0.9999673007158584,0,1,1
634,1.0,train,0.9996317021288443,0.0003682978711556084,1,1,1
635,1.0,train,0.9999951395518151,4.8604481850219295e-06,1,1,1
636,1.0,test,0.9173026539338223,0.08269734606617778,1,1,1
637,1.0,train,0.9998313472749069,0.00016865272509311946,1,1,1
638,0.0,train,0.03904828937136209,0.9609517106286379,0,1,1
639,0.0,train,0.9898303432211183,0.010169656778881743,1,1,1
640,0.0,train,0.0022872274698523066,0.9977127725301478,0,1,1
641,1.0,train,0.999980166634713,1.9833365287077667e-05,1,1,1
642,1.0,test,0.9995344731089826,0.0004655268910173666,1,1,1
643,0.0,train,0.004538431455511477,0.9954615685444884,0,1,1
644,0.0,train,0.00021654402408663234,0.9997834559759134,0,1,1
645,1.0,train,0.9999980361951383,1.9638048618331466e-06,1,1,1
646,0.0,train,4.985958807069958e-05,0.9999501404119293,0,1,1
647,1.0,dev,0.9111797075998822,0.08882029240011771,1,1,1
648,0.0,train,0.0006771942330385673,0.9993228057669614,0,1,1
649,1.0,train,0.9811668692835145,0.01883313071648549,1,1,1
650,0.0,train,2.710879974980542e-05,0.9999728912002502,0,1,1
651,1.0,train,0.9989994956735587,0.0010005043264411859,1,1,1
652,1.0,train,0.9966233877185515,0.003376612281448403,1,1,1
653,0.0,train,1.1015956226406114e-06,0.9999988984043773,0,1,1
654,1.0,test,0.9999990577554413,9.422445588058235e-07,1,1,1
655,1.0,train,0.9997468436768769,0.0002531563231231351,1,1,1
656,0.0,train,0.0016743992040752546,0.9983256007959248,0,1,1
657,1.0,test,0.9999929281027035,7.071897296609551e-06,1,1,1
658,1.0,test,0.9996749642661258,0.00032503573387430984,1,1,1
659,0.0,train,0.0010484692983750673,0.998951530701625,0,1,1
660,1.0,train,0.9999764473795268,2.3552620473280086e-05,1,1,1
661,1.0,train,0.00048029721757921845,0.9995197027824206,0,1,1
662,0.0,train,0.0007208378541439374,0.999279162145856,0,1,1
663,1.0,train,0.9999998724809009,1.2751909894299376e-07,1,1,1
664,0.0,test,9.610239831667594e-05,0.9999038976016834,0,1,1
665,0.0,train,0.002511463439150386,0.9974885365608496,0,1,1
666,1.0,test,0.999999057755543,9.42244457012024e-07,1,1,1
667,1.0,train,0.9995626655899679,0.0004373344100322233,1,1,1
668,1.0,train,0.9999911989025054,8.801097494592905e-06,1,1,1
669,1.0,train,0.890294223211224,0.10970577678877605,1,1,1
670,1.0,train,0.6548947290421275,0.3451052709578724,1,1,1
671,1.0,train,0.9284088055075429,0.07159119449245721,1,1,1
672,1.0,train,0.9988304898916046,0.0011695101083954067,1,1,1
673,1.0,train,0.17553805637093017,0.8244619436290698,0,1,1
674,1.0,test,0.9591542881765658,0.04084571182343415,1,1,1
675,0.0,train,0.00014653130263984576,0.9998534686973602,0,1,1
676,1.0,dev,0.7090191214879991,0.2909808785120009,1,1,1
677,1.0,train,0.9674102575829678,0.032589742417032205,1,1,1
678,0.0,train,3.9897170419844533e-07,0.9999996010282959,0,1,1
679,0.0,dev,6.475946438064136e-07,0.9999993524053562,0,1,1
680,0.0,train,0.20181321265898594,0.7981867873410141,0,1,1
681,1.0,train,0.999989870012189,1.012998781098533e-05,1,1,1
682,1.0,train,0.999195914088315,0.0008040859116848763,1,1,1
683,0.0,train,0.640635868562172,0.35936413143782797,1,1,1
684,1.0,test,0.999488742114045,0.0005112578859548137,1,1,1
685,0.0,test,0.00026947921176144447,0.9997305207882384,0,1,1
686,0.0,train,7.338211992209746e-07,0.9999992661788006,0,1,1
687,1.0,train,0.7577943658046609,0.24220563419533922,1,1,1
688,1.0,train,0.9992903296854387,0.0007096703145613268,1,1,1
689,0.0,train,0.04272219998414247,0.9572778000158576,0,1,1
690,1.0,train,0.9865717472321277,0.013428252767872257,1,1,1
691,1.0,train,0.9697854133692348,0.030214586630765133,1,1,1
692,1.0,train,0.9997901169336848,0.00020988306631521502,1,1,1
693,0.0,train,0.03567854780163102,0.9643214521983688,0,1,1
694,0.0,train,3.120190581480456e-05,0.9999687980941853,0,1,1
695,0.0,train,0.0003301528332945829,0.9996698471667054,0,1,1
696,0.0,train,0.5350984286266115,0.46490157137338844,1,1,1
697,0.0,train,0.9518632336627241,0.04813676633727598,1,1,1
698,0.0,train,2.9189405254558216e-07,0.9999997081059474,0,1,1
699,1.0,dev,0.9888419697383902,0.011158030261609659,1,1,1
700,1.0,train,0.9973683265042349,0.0026316734957651097,1,1,1
701,1.0,train,0.9994966645294984,0.000503335470501691,1,1,1
702,0.0,train,0.00012148174194558845,0.9998785182580545,0,1,1
703,0.0,train,0.06371499425196533,0.9362850057480346,0,1,1
704,0.0,train,0.003172682371218578,0.9968273176287814,0,1,1
705,1.0,train,0.9999824970709511,1.750292904889543e-05,1,1,1
706,0.0,dev,0.743168019989179,0.256831980010821,1,1,1
707,0.0,train,0.007232762733508558,0.9927672372664913,0,1,1
708,0.0,train,4.331905448489054e-05,0.9999566809455152,0,1,1
709,0.0,train,0.9811668673560625,0.018833132643937482,1,1,1
710,0.0,train,2.6841992606300425e-06,0.9999973158007394,0,1,1
711,0.0,test,0.0037654132256962746,0.9962345867743037,0,1,1
712,0.0,train,0.12085322615761271,0.8791467738423874,0,1,1
713,1.0,train,0.9999913353493697,8.664650630221935e-06,1,1,1
714,1.0,train,0.9999617708856808,3.822911431921742e-05,1,1,1
715,0.0,train,0.0009547319384890428,0.999045268061511,0,1,1
716,0.0,train,7.766955097347585e-06,0.9999922330449026,0,1,1
717,1.0,train,0.015663645954661888,0.984336354045338,0,1,1
718,1.0,test,0.9609517067146295,0.03904829328537047,1,1,1
719,0.0,train,0.03461883684716632,0.9653811631528337,0,1,1
720,0.0,train,0.0002959571487834747,0.9997040428512165,0,1,1
721,1.0,train,0.9999897104846748,1.028951532529025e-05,1,1,1
722,0.0,train,0.7310585903489892,0.2689414096510108,1,1,1
723,0.0,train,0.00022693387101924834,0.9997730661289808,0,1,1
724,0.0,train,1.3925466113719648e-06,0.9999986074533888,0,1,1
725,0.0,train,0.01243164829198241,0.9875683517080176,0,1,1
726,0.0,train,7.112435289656334e-07,0.999999288756471,0,1,1
727,0.0,train,0.9820137879323497,0.017986212067650338,1,1,1
728,0.0,train,4.565969792685e-06,0.9999954340302073,0,1,1
729,0.0,train,0.9111797015700343,0.08882029842996576,1,1,1
730,0.0,train,8.267875043800424e-06,0.9999917321249562,0,1,1
731,1.0,dev,0.9999886991934346,1.1300806565304966e-05,1,1,1
732,0.0,test,4.888303064726428e-07,0.9999995111696935,0,1,1
733,0.0,dev,0.005301893926376027,0.9946981060736241,0,1,1
734,1.0,train,0.9838471684931718,0.016152831506828277,1,1,1
735,0.0,train,2.668852320975784e-05,0.9999733114767902,0,1,1
736,0.0,test,5.225227463250056e-05,0.9999477477253674,0,1,1
737,1.0,train,0.9688561683411564,0.03114383165884356,1,1,1
738,1.0,test,0.32082130082460697,0.679178699175393,0,1,1
739,1.0,train,0.9941800406743992,0.0058199593256007395,1,1,1
740,1.0,train,0.9957353660987752,0.004264633901224847,1,1,1
741,0.0,train,8.902265315114222e-08,0.9999999109773469,0,1,1
742,1.0,train,0.9999251537881024,7.484621189764171e-05,1,1,1
743,1.0,dev,0.9999986712229778,1.3287770222243826e-06,1,1,1
744,1.0,train,0.9996430294340882,0.0003569705659117491,1,1,1
745,1.0,train,0.7341195385342971,0.2658804614657029,1,1,1
746,1.0,train,0.9982178040090018,0.0017821959909981072,1,1,1
747,1.0,test,0.999993855828053,6.144171947126857e-06,1,1,1
748,0.0,train,0.6370308082623217,0.3629691917376782,1,1,1
749,1.0,train,0.9999947446037448,5.255396255252275e-06,1,1,1
750,1.0,test,0.049589027197777955,0.950410972802222,0,1,1
751,0.0,train,0.00016346462939173802,0.9998365353706081,0,1,1
752,1.0,test,0.6825737473266735,0.31742625267332647,1,1,1
753,0.0,train,0.23651622568252118,0.7634837743174788,0,1,1
754,1.0,train,0.999974928406899,2.5071593100810212e-05,1,1,1
755,0.0,dev,7.484619182382853e-05,0.9999251538081763,0,1,1
756,1.0,train,0.9999177980745965,8.220192540358903e-05,1,1,1
757,1.0,train,0.9999987517287238,1.2482712763122834e-06,1,1,1
758,0.0,train,0.7090191337850932,0.29098086621490676,1,1,1
759,0.0,train,6.375546638534586e-07,0.9999993624453362,0,1,1
760,0.0,test,0.0008830460581331979,0.9991169539418668,0,1,1
761,0.0,train,0.33458942798284697,0.6654105720171531,0,1,1
762,1.0,test,0.12765263195921103,0.872347368040789,0,1,1
763,1.0,train,0.025957356444287677,0.9740426435557125,0,1,1
764,0.0,dev,0.6619228625116081,0.33807713748839185,1,1,1
765,0.0,train,0.6859494550081925,0.31405054499180746,1,1,1
766,0.0,train,2.785271548097108e-07,0.9999997214728452,0,1,1
767,0.0,test,0.020964237759702915,0.9790357622402971,0,1,1
768,1.0,train,0.9999994714485831,5.285514167210051e-07,1,1,1
769,0.0,train,0.47657965106367595,0.523420348936324,0,1,1
770,1.0,train,0.9553191303633982,0.044680869636601735,1,1,1
771,1.0,test,0.9999911988984398,8.801101560101807e-06,1,1,1
772,1.0,train,0.712232184238947,0.2877678157610531,1,1,1
773,0.0,train,0.06656918526680433,0.9334308147331958,0,1,1
774,0.0,train,0.0029349522679837604,0.9970650477320163,0,1,1
775,1.0,train,0.9997040428291726,0.00029595717082747544,1,1,1
776,0.0,train,3.5209139362530095e-07,0.9999996479086065,0,1,1
777,1.0,train,0.9939964035809643,0.006003596419035768,1,1,1
778,0.0,train,0.22000709974589314,0.7799929002541067,0,1,1
779,0.0,train,0.6076631840431539,0.39233681595684605,1,1,1
780,0.0,train,0.014728614714686339,0.9852713852853138,0,1,1
781,1.0,train,0.689305616785446,0.31069438321455395,1,1,1
782,0.0,train,6.814869774594292e-05,0.999931851302254,0,1,1
783,1.0,train,0.03308597648187432,0.9669140235181256,0,1,1
784,0.0,dev,0.00042388471673896074,0.999576115283261,0,1,1
785,1.0,train,0.9848109529751893,0.015189047024810777,1,1,1
786,1.0,train,0.5544704649604273,0.4455295350395727,1,1,1
787,1.0,train,0.6150878696277513,0.38491213037224875,1,1,1
788,0.0,train,0.14033624949008322,0.8596637505099167,0,1,1
789,0.0,train,4.520942532011561e-07,0.9999995479057467,0,1,1
790,0.0,dev,0.0005357805543063438,0.9994642194456936,0,1,1
791,0.0,train,1.73305187533558e-06,0.9999982669481248,0,1,1
792,0.0,train,0.014281934554445033,0.985718065445555,0,1,1
793,0.0,train,2.7969313028151017e-05,0.9999720306869718,0,1,1
794,0.0,train,0.046033907634290654,0.9539660923657093,0,1,1
795,0.0,train,0.035678550877730524,0.9643214491222695,0,1,1
796,1.0,train,0.9877587268703082,0.01224127312969181,1,1,1
797,1.0,test,0.9999531611059795,4.683889402042059e-05,1,1,1
798,1.0,train,0.9999890468773418,1.0953122658282923e-05,1,1,1
799,1.0,dev,0.9865717430865252,0.013428256913474738,1,1,1
800,0.0,train,0.0007793660001855797,0.9992206339998143,0,1,1
801,0.0,train,0.7799929053683038,0.22000709463169615,1,1,1
802,1.0,train,0.9999795370748691,2.0462925130823912e-05,1,1,1
803,0.0,train,0.9658995752693051,0.03410042473069496,1,1,1
804,0.0,train,0.7310585786300049,0.2689414213699951,1,1,1
805,1.0,train,0.9990600560913511,0.0009399439086490366,1,1,1
806,1.0,train,0.32423539898095244,0.6757646010190476,0,1,1
807,0.0,test,0.0034834245551644445,0.9965165754448356,0,1,1
808,0.0,test,9.81833166535599e-06,0.9999901816683346,0,1,1
809,0.0,train,8.664657279504692e-06,0.9999913353427204,0,1,1
810,1.0,train,0.9999998388008626,1.6119913729768524e-07,1,1,1
811,1.0,train,0.9854964196696611,0.014503580330338982,1,1,1
812,0.0,test,0.026759283185443145,0.9732407168145568,0,1,1
813,0.0,train,1.4449812430981183e-07,0.9999998555018756,0,1,1
814,0.0,train,0.9912886167004046,0.008711383299595291,1,1,1
815,1.0,train,0.9999996843875464,3.1561245358510416e-07,1,1,1
816,0.0,train,0.0373268852023206,0.9626731147976793,0,1,1
817,1.0,train,0.042087723109535534,0.9579122768904644,0,1,1
818,0.0,train,0.0010817151239145822,0.9989182848760854,0,1,1
819,1.0,train,0.9664104909639236,0.03358950903607646,1,1,1
820,1.0,train,0.8519527944504226,0.1480472055495773,1,1,1
821,1.0,train,0.9999973574139331,2.6425860669519972e-06,1,1,1
822,0.0,train,5.539170054107176e-07,0.9999994460829946,0,1,1
823,1.0,train,0.9918120893722415,0.008187910627758449,1,1,1
824,1.0,train,0.9124361676202372,0.08756383237976291,1,1,1
825,0.0,test,0.9981613344251588,0.0018386655748412518,1,1,1
826,1.0,train,0.41489883132727684,0.5851011686727232,0,1,1
827,0.0,train,3.393144812976613e-06,0.9999966068551871,0,1,1
828,0.0,test,0.0017546140969005183,0.9982453859030994,0,1,1
829,1.0,train,0.9999910603062262,8.939693773796894e-06,1,1,1
830,1.0,train,0.9790357591818724,0.0209642408181275,1,1,1
831,1.0,train,0.021615330241596613,0.9783846697584035,0,1,1
832,1.0,dev,0.9975656176115331,0.0024343823884668734,1,1,1
833,1.0,test,0.10521053109182897,0.8947894689081711,0,1,1
834,0.0,test,0.6297745935070806,0.3702254064929193,1,1,1
835,0.0,train,0.10087863354259306,0.8991213664574069,0,1,1
836,1.0,train,0.5964331462646254,0.40356685373537454,1,1,1
837,1.0,train,0.9683812313625776,0.03161876863742241,1,1,1
838,1.0,train,0.9719924769600771,0.028007523039922988,1,1,1
839,1.0,train,0.3960681662740417,0.6039318337259583,0,1,1
840,1.0,train,0.9873750509041869,0.012624949095813092,1,1,1
841,0.0,train,0.003376612482030602,0.9966233875179694,0,1,1
842,0.0,dev,0.00040448161833822057,0.9995955183816617,0,1,1
843,1.0,train,0.8824278602705732,0.11757213972942693,1,1,1
844,1.0,train,0.9994966643758197,0.0005033356241801247,1,1,1
845,0.0,train,0.4571367316191468,0.5428632683808533,0,1,1
846,0.0,train,2.4439934282812426e-06,0.9999975560065718,0,1,1
847,0.0,train,0.0006986755624476388,0.9993013244375525,0,1,1
848,0.0,dev,3.269928706510244e-05,0.9999673007129349,0,1,1
849,0.0,train,1.770425437492849e-07,0.9999998229574563,0,1,1
850,0.0,train,2.1782642073198936e-05,0.9999782173579268,0,1,1
851,1.0,train,0.9993929244059976,0.000607075594002469,1,1,1
852,0.0,train,3.747993737154253e-07,0.9999996252006264,0,1,1
853,1.0,train,0.999664649909497,0.000335350090503036,1,1,1
854,1.0,train,0.9965703955920724,0.0034296044079277226,1,1,1
855,1.0,train,0.9982453855833755,0.0017546144166244659,1,1,1
856,1.0,train,0.8652240825770433,0.1347759174229568,1,1,1
857,0.0,train,0.6076631840431539,0.39233681595684605,1,1,1
858,1.0,train,0.9999485577977555,5.144220224457097e-05,1,1,1
859,1.0,train,0.9999990867450177,9.132549822087874e-07,1,1,1
860,1.0,train,0.99999718698151,2.8130184900841078e-06,1,1,1
861,1.0,train,0.9990452685163278,0.0009547314836721299,1,1,1
862,1.0,test,0.9999943175649354,5.682435064690303e-06,1,1,1
863,0.0,train,1.3925462793634822e-06,0.9999986074537207,0,1,1
864,1.0,train,0.9999760764852098,2.392351479027659e-05,1,1,1
865,1.0,train,0.993096161928778,0.006903838071221877,1,1,1
866,1.0,train,0.9881308768564868,0.011869123143513292,1,1,1
867,0.0,dev,6.475946824060383e-07,0.9999993524053176,0,1,1
868,1.0,train,0.9046505428129514,0.09534945718704857,1,1,1
869,1.0,train,0.9979809861596013,0.0020190138403987654,1,1,1
870,0.0,train,0.5312093733737563,0.46879062662624377,1,1,1
871,1.0,train,0.9999788875220728,2.111247792717359e-05,1,1,1
872,0.0,train,5.307507506332046e-05,0.9999469249249368,0,1,1
873,1.0,train,0.013222819030284943,0.9867771809697151,0,1,1
874,1.0,train,0.9653811621568289,0.03461883784317106,1,1,1
875,0.0,train,0.0018102110262026487,0.9981897889737974,0,1,1
876,1.0,train,0.9999359799468662,6.402005313384989e-05,1,1,1
877,0.0,test,0.3007455789412415,0.6992544210587585,0,1,1
878,1.0,train,0.24798742624020276,0.7520125737597972,0,1,1
879,1.0,train,0.9999931456816649,6.854318335135873e-06,1,1,1
880,1.0,train,0.001133568768874681,0.9988664312311254,0,1,1
881,1.0,train,0.9999838124161518,1.618758384825007e-05,1,1,1
882,0.0,train,1.3846005389028177e-05,0.999986153994611,0,1,1
883,0.0,train,0.5774953797290153,0.42250462027098473,1,1,1
884,1.0,train,0.06465348655397574,0.9353465134460243,0,1,1
885,1.0,dev,0.999996553420422,3.4465795778494666e-06,1,1,1
886,0.0,train,2.964905899548858e-07,0.9999997035094101,0,1,1
887,0.0,train,0.0035936018877867223,0.9964063981122133,0,1,1
888,1.0,train,0.9999989322967839,1.067703216086607e-06,1,1,1
889,0.0,train,0.00010889694896689028,0.999891103051033,0,1,1
890,1.0,train,0.9942697541641922,0.005730245835807825,1,1,1
891,1.0,train,0.9999925887168702,7.411283129832648e-06,1,1,1
892,1.0,test,0.9886682442983812,0.011331755701618686,1,1,1
893,0.0,dev,7.602477635879358e-05,0.9999239752236413,0,1,1
894,0.0,train,0.002631673427319478,0.9973683265726806,0,1,1
895,1.0,test,0.9999995947453598,4.05254640094421e-07,1,1,1
896,1.0,train,0.9693241987324088,0.0306758012675911,1,1,1
897,1.0,train,0.9980732655515869,0.0019267344484129915,1,1,1
898,1.0,train,0.10374862686637971,0.8962513731336202,0,1,1
899,0.0,train,6.083588554082255e-07,0.9999993916411447,0,1,1
900,1.0,test,0.9987744327157769,0.0012255672842230963,1,1,1
901,0.0,train,4.611273165220076e-05,0.9999538872683478,0,1,1
902,0.0,train,0.4073334000459302,0.5926665999540697,0,1,1
903,0.0,train,8.186360007032066e-07,0.9999991813639992,0,1,1
904,0.0,train,5.89641526750033e-07,0.9999994103584733,0,1,1
905,1.0,train,0.7634837581726991,0.23651624182730094,1,1,1
906,0.0,test,0.8056321843145405,0.19436781568545955,1,1,1
907,1.0,test,0.9999950630104987,4.936989501207e-06,1,1,1
908,0.0,train,1.267928200791824e-06,0.9999987320717991,0,1,1
909,0.0,dev,2.0904589733002036e-06,0.9999979095410267,0,1,1
910,0.0,dev,0.8670357563664174,0.1329642436335826,1,1,1
911,0.0,train,0.00020027384429471834,0.9997997261557052,0,1,1
912,0.0,train,0.8991213705121083,0.10087862948789174,1,1,1
913,1.0,train,0.9997694933278003,0.00023050667219976707,1,1,1
914,1.0,train,0.048857778622174906,0.9511422213778251,0,1,1
915,1.0,train,0.03846618871146969,0.9615338112885302,0,1,1
916,1.0,train,0.9999991420765324,8.579234677356009e-07,1,1,1
917,0.0,test,0.9196425256718028,0.08035747432819719,1,1,1
918,1.0,dev,0.9999987710819519,1.2289180480010436e-06,1,1,1
919,1.0,train,0.00034062928714106397,0.9996593707128589,0,1,1
920,1.0,train,0.9996646499394696,0.00033535006053045743,1,1,1
921,0.0,train,4.05254640094421e-07,0.9999995947453598,0,1,1
922,1.0,train,0.9997868124625298,0.000213187537470166,1,1,1
923,0.0,train,0.0013670258897654514,0.9986329741102344,0,1,1
924,0.0,dev,0.0004955357409123385,0.9995044642590876,0,1,1
925,0.0,dev,0.00029137006067943023,0.9997086299393205,0,1,1
926,1.0,train,0.9999798543071958,2.01456928041594e-05,1,1,1
927,0.0,train,0.0014779430681780246,0.9985220569318219,0,1,1
928,1.0,train,0.9999980966149682,1.903385031845345e-06,1,1,1
929,0.0,train,0.027585281427362537,0.9724147185726374,0,1,1
930,0.0,train,0.014728611254831986,0.985271388745168,0,1,1
931,0.0,train,0.4610167793123159,0.5389832206876841,0,1,1
932,1.0,train,0.9946981060736241,0.005301893926376027,1,1,1
933,0.0,dev,0.001098730974798367,0.9989012690252015,0,1,1
934,1.0,train,0.9999983202683669,1.6797316330430084e-06,1,1,1
935,1.0,train,0.9999417087373788,5.8291262621189526e-05,1,1,1
936,1.0,dev,0.9999715902557839,2.8409744216088205e-05,1,1,1
937,1.0,train,0.9930961618266132,0.006903838173386849,1,1,1
938,1.0,train,0.05261895854749498,0.947381041452505,0,1,1
939,1.0,train,0.2628418489200747,0.7371581510799253,0,1,1
940,0.0,train,9.223471484508853e-06,0.9999907765285155,0,1,1
941,0.0,train,4.133540269629034e-05,0.9999586645973036,0,1,1
942,1.0,train,0.061875990913480276,0.9381240090865198,0,1,1
943,1.0,train,0.585101139733739,0.41489886026626094,1,1,1
944,0.0,train,0.3486451488696663,0.6513548511303336,0,1,1
945,0.0,train,6.748053601111423e-06,0.9999932519463989,0,1,1
946,1.0,train,0.9921841125973777,0.00781588740262233,1,1,1
947,1.0,train,0.9999982396566489,1.7603433510558279e-06,1,1,1
948,1.0,train,0.9998415638540733,0.00015843614592674554,1,1,1
949,1.0,test,0.9999867880476773,1.3211952322751437e-05,1,1,1
950,1.0,dev,0.9372107984180243,0.06278920158197555,1,1,1
951,1.0,train,0.9999990867448851,9.13255114892133e-07,1,1,1
952,1.0,train,0.9915543721853666,0.008445627814633462,1,1,1
953,1.0,train,0.8962513703624558,0.10374862963754419,1,1,1
954,0.0,train,2.753570260305513e-05,0.999972464297397,0,1,1
955,0.0,train,6.709223299978644e-05,0.9999329077670001,0,1,1
956,1.0,train,0.9999847931626884,1.5206837311629614e-05,1,1,1
957,0.0,test,1.1079038042726268e-07,0.9999998892096197,0,1,1
958,0.0,train,1.2411496080609795e-05,0.9999875885039194,0,1,1
959,0.0,train,0.000544213197592591,0.9994557868024075,0,1,1
960,0.0,train,0.00013552077754749436,0.9998644792224526,0,1,1
961,1.0,train,0.9999979095417977,2.0904582023328703e-06,1,1,1
962,0.0,test,0.8652240964782011,0.13477590352179888,1,1,1
963,0.0,train,0.02595736021183377,0.9740426397881662,0,1,1
964,1.0,train,0.0010987310729246428,0.9989012689270753,0,1,1
965,1.0,train,0.999999086745164,9.13254835916916e-07,1,1,1
966,1.0,train,0.9979170287523437,0.0020829712476563124,1,1,1
967,0.0,train,8.614649596948468e-05,0.9999138535040305,0,1,1
968,0.0,test,0.00015356247086263146,0.9998464375291373,0,1,1
969,0.0,train,1.287895522713603e-06,0.9999987121044773,0,1,1
970,1.0,test,0.9985674632347629,0.0014325367652371225,1,1,1
971,1.0,test,0.006903838888541687,0.9930961611114582,0,1,1
972,1.0,train,0.9996140339582867,0.00038596604171323016,1,1,1
973,1.0,test,0.9999906312809862,9.368719013820489e-06,1,1,1
974,1.0,train,0.021615336544224758,0.9783846634557752,0,1,1
975,1.0,test,0.9993121488705515,0.0006878511294484197,1,1,1
976,0.0,train,0.13660837948097748,0.8633916205190225,0,1,1
977,1.0,train,0.9996374100012299,0.0003625899987700563,1,1,1
978,1.0,train,0.9999940448618936,5.955138106298605e-06,1,1,1
979,0.0,test,0.016914916240187736,0.9830850837598123,0,1,1
980,1.0,train,0.9744347886752162,0.02556521132478383,1,1,1
981,0.0,dev,0.02333077016665843,0.9766692298333416,0,1,1
982,1.0,train,0.45326184801538616,0.5467381519846138,0,1,1
983,0.0,train,3.7853248658738304e-06,0.9999962146751342,0,1,1
984,0.0,train,9.170197998267524e-05,0.9999082980200172,0,1,1
985,0.0,train,0.00012731102265372863,0.9998726889773463,0,1,1
986,0.0,train,0.00024156624790424653,0.9997584337520957,0,1,1
987,1.0,train,0.9999863686549141,1.3631345085913147e-05,1,1,1
988,1.0,test,0.9999963311377293,3.668862270526797e-06,1,1,1
989,1.0,train,0.9996374100012299,0.0003625899987700563,1,1,1
990,0.0,test,0.12421300511003351,0.8757869948899666,0,1,1
991,1.0,train,0.9999914696804816,8.530319518361283e-06,1,1,1
992,1.0,dev,0.9992562972663408,0.0007437027336592946,1,1,1
993,0.0,train,0.0009253850795213041,0.9990746149204787,0,1,1
994,1.0,train,0.9996946511224721,0.0003053488775278927,1,1,1
995,0.0,train,0.05261895631901725,0.9473810436809826,0,1,1
996,1.0,train,0.9999931456797242,6.854320275731591e-06,1,1,1
997,0.0,train,1.0845170486747115e-06,0.9999989154829514,0,1,1
998,1.0,train,0.014503578626453704,0.9854964213735464,0,1,1
999,0.0,train,0.0015978456841910268,0.9984021543158089,0,1,1
1000,0.0,dev,3.844933683694943e-06,0.9999961550663165,0,1,1
1001,0.0,train,0.001987774123700116,0.9980122258762998,0,1,1
1002,1.0,train,0.9998785182956118,0.00012148170438811268,1,1,1
1003,1.0,train,0.9999274564044688,7.254359553117238e-05,1,1,1
1004,0.0,train,0.0007437029302191389,0.9992562970697809,0,1,1
1005,0.0,train,2.7694051508069564e-06,0.9999972305948492,0,1,1
1006,0.0,train,0.24508500761839525,0.7549149923816048,0,1,1
1007,1.0,train,0.9999978431834411,2.1568165587945224e-06,1,1,1
1008,1.0,train,0.9987551567071749,0.0012448432928251147,1,1,1
1009,0.0,train,0.00011774458526657268,0.9998822554147335,0,1,1
1010,1.0,train,0.9433475715065794,0.05665242849342066,1,1,1
1011,0.0,train,6.402006028819071e-05,0.9999359799397117,0,1,1
1012,1.0,train,1.1125606825653926e-05,0.9999888743931744,0,1,1
1013,1.0,train,0.9871787844131953,0.012821215586804635,1,1,1
1014,0.0,train,0.04208773272170267,0.9579122672782973,0,1,1
1015,0.0,train,5.391082154039403e-05,0.9999460891784596,0,1,1
1016,1.0,train,0.9982992777150628,0.001700722284937103,1,1,1
1017,1.0,train,0.9999318512728067,6.814872719328951e-05,1,1,1
1018,0.0,train,1.3287773439792037e-06,0.9999986712226561,0,1,1
1019,0.0,train,0.8615382129861582,0.1384617870138417,1,1,1
1020,1.0,dev,0.6893056295505783,0.3106943704494217,1,1,1
1021,1.0,train,0.9999996192985333,3.807014666347526e-07,1,1,1
1022,1.0,train,0.9999994194998351,5.80500164829967e-07,1,1,1
1023,0.0,train,7.766952782632913e-06,0.9999922330472174,0,1,1
1024,0.0,train,4.6644506399856506e-07,0.9999995335549361,0,1,1
1025,1.0,train,0.9950177303803862,0.004982269619613691,1,1,1
1026,0.0,train,0.9978510502211027,0.0021489497788973943,1,1,1
1027,1.0,train,0.9946150610805052,0.005384938919494821,1,1,1
1028,1.0,train,0.8418256512199033,0.15817434878009673,1,1,1
1029,0.0,train,0.0010817150595090821,0.9989182849404908,0,1,1
1030,0.0,train,0.9489172673767974,0.05108273262320274,1,1,1
1031,1.0,train,0.9998058867915314,0.0001941132084685919,1,1,1
1032,1.0,test,0.9998390691054806,0.00016093089451938035,1,1,1
1033,1.0,dev,0.0007793662322737596,0.9992206337677262,0,1,1
1034,1.0,train,0.847967769904032,0.15203223009596795,1,1,1
1035,0.0,train,0.4882833952958347,0.5117166047041654,0,1,1
1036,1.0,train,0.9998579763946843,0.00014202360531570968,1,1,1
1037,1.0,train,0.9999215620871571,7.843791284278005e-05,1,1,1
1038,1.0,train,0.9998992860000336,0.00010071399996646946,1,1,1
1039,0.0,dev,2.482479297330901e-06,0.9999975175207027,0,1,1
1040,1.0,train,0.9999989969860539,1.0030139462191788e-06,1,1,1
1041,0.0,train,5.014734822853043e-06,0.999994985265177,0,1,1
1042,0.0,dev,0.9992327076785396,0.0007672923214605231,1,1,1
1043,0.0,train,0.0009547317679326749,0.9990452682320672,0,1,1
1044,1.0,train,0.998774432369217,0.0012255676307830292,1,1,1
1045,0.0,train,0.00019411316942726092,0.9998058868305727,0,1,1
1046,1.0,train,0.9977127719180685,0.0022872280819314283,1,1,1
1047,1.0,train,0.9793540694114299,0.02064593058857012,1,1,1
1048,1.0,train,0.9999724643140143,2.7535685985803033e-05,1,1,1
1049,1.0,train,0.1329642436335826,0.8670357563664174,0,1,1
1050,1.0,train,0.9982178036643788,0.0017821963356211249,1,1,1
1051,0.0,train,0.5039061705290805,0.4960938294709195,1,1,1
1052,1.0,dev,0.9999586645954559,4.13354045440505e-05,1,1,1
1053,1.0,train,0.9999824970686039,1.7502931396180213e-05,1,1,1
1054,0.0,train,0.003324436990402207,0.9966755630095978,0,1,1
1055,1.0,train,0.9998706844057315,0.00012931559426854333,1,1,1
1056,0.0,train,1.1189428099105813e-06,0.9999988810571901,0,1,1
1057,1.0,train,0.9999994546706589,5.453293411902553e-07,1,1,1
1058,1.0,test,0.9988664308093166,0.0011335691906833414,1,1,1
1059,1.0,train,0.06853748922682354,0.9314625107731764,0,1,1
1060,1.0,train,0.999220633904078,0.0007793660959219455,1,1,1
1061,0.0,train,0.046724957298645224,0.9532750427013548,0,1,1
1062,0.0,train,2.7969293023506094e-05,0.9999720307069765,0,1,1
1063,0.0,train,0.06097517403937405,0.939024825960626,0,1,1
1064,1.0,dev,0.9334308101035739,0.06656918989642603,1,1,1
1065,1.0,train,0.995992710637771,0.004007289362229198,1,1,1
1066,1.0,train,0.9416541561135441,0.05834584388645591,1,1,1
1067,1.0,train,0.9999524235404266,4.757645957340672e-05,1,1,1
1068,1.0,train,0.9993929243969569,0.0006070756030431086,1,1,1
1069,1.0,dev,0.9787126485170027,0.021287351482997274,1,1,1
1070,1.0,train,0.7956581000631541,0.20434189993684582,1,1,1
1071,0.0,train,0.08882029963593542,0.9111797003640645,0,1,1
1072,0.0,train,2.561281752766938e-06,0.9999974387182472,0,1,1
1073,0.0,train,6.6434330461830044e-06,0.9999933565669538,0,1,1
1074,1.0,train,0.9997800465735001,0.00021995342649992725,1,1,1
1075,1.0,train,0.5467381519846138,0.45326184801538616,1,1,1
1076,0.0,train,2.0145687851055233e-05,0.999979854312149,0,1,1
1077,1.0,train,0.02595735719779685,0.9740426428022031,0,1,1
1078,0.0,dev,8.26787208700287e-06,0.9999917321279131,0,1,1
1079,0.0,train,0.00011959861368912784,0.9998804013863108,0,1,1
1080,1.0,train,0.9990889486157125,0.0009110513842876005,1,1,1
1081,0.0,train,0.04468087536103822,0.9553191246389617,0,1,1
1082,0.0,train,0.09268778866449084,0.9073122113355091,0,1,1
1083,0.0,test,0.33807712415000585,0.6619228758499942,0,1,1
1084,0.0,train,0.005060331281733766,0.9949396687182663,0,1,1
1085,1.0,train,0.9999840633830775,1.5936616922578054e-05,1,1,1
1086,0.0,train,4.157365248107802e-06,0.9999958426347519,0,1,1
1087,1.0,train,0.9136765316406923,0.08632346835930767,1,1,1
1088,1.0,test,0.9999329077510053,6.709224899475002e-05,1,1,1
1089,0.0,train,2.4824788534301528e-06,0.9999975175211465,0,1,1
1090,0.0,test,2.769404490531222e-06,0.9999972305955094,0,1,1
1091,1.0,train,0.9073122113355091,0.09268778866449084,1,1,1
1092,1.0,train,0.993902438484725,0.006097561515274886,1,1,1
1093,0.0,train,0.010013570918612474,0.9899864290813876,0,1,1
1094,0.0,train,2.468290440760729e-05,0.9999753170955924,0,1,1
1095,1.0,train,0.9998960893595946,0.00010391064040541454,1,1,1
1096,1.0,train,0.9992791619848522,0.00072083801514763,1,1,1
1097,0.0,train,0.6859494421679929,0.31405055783200714,1,1,1
1098,0.0,train,0.14414884567931804,0.855851154320682,0,1,1
1099,1.0,train,0.9988664307586996,0.0011335692413003914,1,1,1
1100,0.0,test,0.00010071404423430902,0.9998992859557657,0,1,1
1101,0.0,test,0.09138210801622944,0.9086178919837706,0,1,1
1102,1.0,dev,0.9999995034719954,4.965280046050098e-07,1,1,1
1103,1.0,train,0.9993638089169516,0.000636191083048355,1,1,1
1104,0.0,train,0.7401743620390163,0.2598256379609837,1,1,1
1105,1.0,test,0.9946981040304005,0.005301895969599502,1,1,1
1106,0.0,test,0.00012533746196814033,0.9998746625380319,0,1,1
1107,1.0,train,0.9998706843180664,0.00012931568193357451,1,1,1
1108,1.0,test,0.00048785731170067066,0.9995121426882994,0,1,1
1109,1.0,train,0.9963500127520281,0.003649987247971947,1,1,1
1110,0.0,train,0.001367025360862466,0.9986329746391375,0,1,1
1111,1.0,test,0.7577943712746406,0.24220562872535945,1,1,1
1112,0.0,train,6.962255835158461e-06,0.9999930377441649,0,1,1
1113,1.0,train,0.8947894604912848,0.10521053950871516,1,1,1
1114,0.0,dev,4.683886749942179e-05,0.9999531611325004,0,1,1
1115,0.0,train,0.007937993279982692,0.9920620067200173,0,1,1
1116,1.0,train,0.999943502051984,5.649794801591666e-05,1,1,1
1117,1.0,train,0.02758528062793511,0.9724147193720649,0,1,1
1118,1.0,dev,0.9974490881095175,0.002550911890482471,1,1,1
1119,1.0,test,0.9921841101129337,0.007815889887066284,1,1,1
1120,0.0,train,5.682435043521703e-06,0.9999943175649565,0,1,1
1121,1.0,train,0.3276683139517237,0.6723316860482762,0,1,1
1122,1.0,test,0.9999922330491848,7.76695081512598e-06,1,1,1
1123,1.0,train,0.8688267762381844,0.13117322376181567,1,1,1
1124,0.0,train,9.028042781483233e-05,0.9999097195721852,0,1,1
1125,1.0,test,0.9999993820607543,6.179392455793916e-07,1,1,1
1126,0.0,test,8.851569304133282e-07,0.9999991148430695,0,1,1
1127,0.0,dev,0.9987355777778021,0.0012644222221978516,1,1,1
1128,1.0,train,0.6688802603710086,0.3311197396289915,1,1,1
1129,0.0,train,3.041596784483394e-06,0.9999969584032155,0,1,1
1130,1.0,train,0.9999978092187929,2.1907812071569624e-06,1,1,1
1131,1.0,train,0.19930799790404563,0.8006920020959544,0,1,1
1132,1.0,train,0.9999398584571315,6.0141542868488056e-05,1,1,1
1133,1.0,train,0.689305616785446,0.31069438321455395,1,1,1
1134,1.0,test,0.9959298621934995,0.004070137806500516,1,1,1
1135,0.0,train,6.339208514757971e-06,0.9999936607914852,0,1,1
1136,0.0,train,2.7535704244265758e-05,0.9999724642957557,0,1,1
1137,1.0,train,0.9981030802922862,0.0018969197077137415,1,1,1
1138,0.0,train,0.030675799052176204,0.9693242009478238,0,1,1
1139,0.0,train,3.927863407383057e-07,0.9999996072136592,0,1,1
1140,1.0,train,0.9993833701274959,0.0006166298725042255,1,1,1
1141,0.0,train,4.198631324178326e-05,0.9999580136867581,0,1,1
1142,0.0,train,0.061875990913480276,0.9381240090865198,0,1,1
1143,0.0,dev,7.453768153703214e-07,0.9999992546231846,0,1,1
1144,0.0,train,0.0013885230690712277,0.9986114769309289,0,1,1
1145,0.0,test,0.00034062944951047735,0.9996593705504896,0,1,1
1146,1.0,train,0.9999369724072703,6.302759272962063e-05,1,1,1
1147,1.0,dev,0.9996593707356922,0.00034062926430787144,1,1,1
1148,1.0,train,0.9955316153026461,0.004468384697353982,1,1,1
1149,1.0,train,0.5467381519846138,0.45326184801538616,1,1,1
1150,0.0,train,0.0017821963223663927,0.9982178036776337,0,1,1
1151,0.0,test,1.3925461133592704e-06,0.9999986074538866,0,1,1
1152,0.0,train,0.0004728542654943797,0.9995271457345055,0,1,1
1153,0.0,train,0.016657038056630716,0.9833429619433692,0,1,1
1154,0.0,train,0.00013765463368900106,0.9998623453663109,0,1,1
1155,0.0,train,0.024423090054107213,0.9755769099458929,0,1,1
1156,1.0,dev,0.9968273167569381,0.003172683243061864,1,1,1
1157,1.0,train,0.9999984220377955,1.577962204433e-06,1,1,1
1158,0.0,train,3.107195215950911e-07,0.9999996892804786,0,1,1
1159,1.0,train,0.9966233877686972,0.0033766122313028555,1,1,1
1160,0.0,train,0.034618842823195196,0.9653811571768048,0,1,1
1161,1.0,test,0.2422056177854002,0.7577943822145998,0,1,1
1162,1.0,train,0.9999082980172846,9.170198271535665e-05,1,1,1
1163,0.0,train,0.001432536594710079,0.9985674634052898,0,1,1
1164,0.0,train,1.2098659719815606e-06,0.999998790134028,0,1,1
1165,0.0,train,1.4823581951680362e-06,0.9999985176418047,0,1,1
1166,0.0,train,0.00028240794336855356,0.9997175920566315,0,1,1
1167,0.0,train,0.03622005482463042,0.9637799451753697,0,1,1
1168,0.0,train,1.7704262816975356e-07,0.9999998229573719,0,1,1
1169,0.0,train,5.285512808595794e-07,0.999999471448719,0,1,1
1170,0.0,train,2.0261428048483702e-06,0.9999979738571952,0,1,1
1171,1.0,train,0.8615382165412808,0.1384617834587191,1,1,1
1172,1.0,train,0.9986541396387588,0.0013458603612413094,1,1,1
1173,0.0,train,0.0005442132624325574,0.9994557867375674,0,1,1
1174,1.0,train,0.9999389114680983,6.108853190155921e-05,1,1,1
1175,1.0,train,0.9928785712542649,0.007121428745735101,1,1,1
1176,0.0,train,0.0053849371636807055,0.9946150628363193,0,1,1
1177,0.0,train,0.8991213853793453,0.1008786146206548,1,1,1
1178,0.0,dev,1.2411500519252387e-05,0.9999875884994807,0,1,1
1179,1.0,train,0.9999947446063683,5.2553936318312425e-06,1,1,1
1180,0.0,test,7.031183009729748e-05,0.9999296881699027,0,1,1
1181,1.0,train,0.9929882032697364,0.007011796730263793,1,1,1
1182,1.0,train,0.9999987901342894,1.2098657105699909e-06,1,1,1
1183,1.0,train,0.999999086745198,9.132548018955538e-07,1,1,1
1184,1.0,train,0.9999965534220656,3.4465779343983117e-06,1,1,1
1185,0.0,train,1.69644254994019e-05,0.9999830355745006,0,1,1
1186,0.0,test,1.9525891609602268e-05,0.9999804741083904,0,1,1
1187,1.0,train,0.16667541296674696,0.8333245870332532,0,1,1
1188,0.0,train,0.0015247867542088804,0.9984752132457911,0,1,1
1189,1.0,train,0.11596071825396677,0.8840392817460332,0,1,1
1190,1.0,test,0.9896718453483274,0.010328154651672678,1,1,1
1191,1.0,test,0.9399133557169234,0.06008664428307651,1,1,1
1192,1.0,train,0.9999989488499001,1.0511500999014115e-06,1,1,1
1193,0.0,train,0.9996993836893162,0.000300616310683796,1,1,1
1194,0.0,test,0.13296423676207594,0.867035763237924,0,1,1
1195,0.0,train,1.5381720367624805e-07,0.9999998461827962,0,1,1
1196,0.0,train,0.012821217284218192,0.9871787827157817,0,1,1
1197,0.0,train,0.00015356233358822832,0.9998464376664117,0,1,1
1198,0.0,train,6.179395126116412e-07,0.9999993820604874,0,1,1
1199,0.0,train,0.8267117898012104,0.17328821019878954,1,1,1
1200,1.0,train,0.9988304896740211,0.001169510325978896,1,1,1
1201,1.0,train,0.00284490903090175,0.9971550909690984,0,1,1
1202,1.0,dev,0.9752018412458461,0.02479815875415397,1,1,1
1203,0.0,train,0.00031999835847764806,0.9996800016415223,0,1,1
1204,1.0,train,0.004468384465350897,0.9955316155346491,0,1,1
1205,1.0,train,0.999967300725116,3.269927488406935e-05,1,1,1
1206,0.0,train,1.2805473449972739e-05,0.99998719452655,0,1,1
1207,1.0,train,0.9615338101862454,0.03846618981375453,1,1,1
1208,0.0,test,8.48110619423963e-05,0.9999151889380576,0,1,1
1209,0.0,train,8.481105941504409e-05,0.999915188940585,0,1,1
1210,1.0,train,0.9998259945774352,0.00017400542256493042,1,1,1
1211,1.0,test,0.9988304899873414,0.0011695100126586841,1,1,1
1212,1.0,train,0.0064882707493221755,0.9935117292506779,0,1,1
1213,1.0,test,0.999999547905969,4.520940308892429e-07,1,1,1
1214,1.0,train,0.718594386544335,0.28140561345566495,1,1,1
1215,1.0,train,0.8723473846343393,0.12765261536566067,1,1,1
1216,1.0,train,0.9724147157746412,0.027585284225358716,1,1,1
1217,1.0,train,0.9999934595645272,6.540435472663376e-06,1,1,1
1218,0.0,dev,0.48438008427698437,0.5156199157230156,0,1,1
1219,0.0,train,0.9926541720129785,0.0073458279870216,1,1,1
1220,0.0,train,0.11920292515117029,0.8807970748488297,0,1,1
1221,1.0,train,2.144493947357797e-05,0.9999785550605266,0,1,1
1222,1.0,train,0.03846618760918489,0.9615338123908153,0,1,1
1223,1.0,dev,0.949669363129097,0.050330636870902994,1,1,1
1224,1.0,train,0.9740426409184302,0.025957359081569886,1,1,1
1225,1.0,train,0.9999516743420107,4.832565798927585e-05,1,1,1
1226,1.0,dev,0.9852713873396024,0.014728612660397721,1,1,1
1227,0.0,dev,3.6326803510733926e-07,0.9999996367319649,0,1,1
1228,1.0,train,0.9999956431192051,4.3568807949960525e-06,1,1,1
1229,0.0,train,0.9763105262881578,0.023689473711842175,1,1,1
1230,0.0,train,2.0611536181902033e-09,0.9999999979388463,0,0,1
1231,0.0,train,0.8596637505099167,0.14033624949008322,1,1,1
1232,1.0,train,0.9999877809185628,1.2219081437259056e-05,1,1,1
1233,0.0,train,0.002844909749523212,0.9971550902504768,0,1,1
1234,1.0,train,0.9893474885320983,0.01065251146790161,1,1,1
1235,0.0,train,0.9957353650547047,0.004264634945295279,1,1,1
1236,1.0,train,0.9711290938892909,0.028870906110708944,1,1,1
1237,1.0,train,0.999921562140042,7.843785995802316e-05,1,1,1
1238,1.0,train,0.037326884666868405,0.9626731153331315,0,1,1
1239,1.0,train,0.9999993213263302,6.786736697722794e-07,1,1,1
1240,1.0,train,0.010652510839726164,0.9893474891602738,0,1,1
1241,1.0,train,1.4144753662635812e-06,0.9999985855246337,0,1,1
1242,0.0,train,0.0002341357131578993,0.9997658642868421,0,1,1
1243,1.0,train,0.9999954340311938,4.565968806134959e-06,1,1,1
1244,1.0,train,0.999961770904194,3.8229095806038344e-05,1,1,1
1245,1.0,train,0.9961755170933895,0.0038244829066104748,1,1,1
1246,1.0,train,0.006192991258390145,0.9938070087416098,0,1,1
1247,1.0,train,0.9998927912038704,0.00010720879612950613,1,1,1
1248,1.0,train,0.9977481530887722,0.002251846911227689,1,1,1
1249,0.0,train,5.771918310007289e-06,0.9999942280816899,0,1,1
1250,1.0,train,0.9980429832198815,0.0019570167801184887,1,1,1
1251,1.0,train,0.9353465080392794,0.06465349196072041,1,1,1
1252,1.0,dev,0.9998840806490416,0.0001159193509584279,1,1,1
1253,1.0,train,0.8872046041554923,0.11279539584450776,1,1,1
1254,0.0,test,6.814874242468066e-05,0.9999318512575752,0,1,1
1255,0.0,train,3.288747889316258e-06,0.9999967112521108,0,1,1
1256,1.0,test,0.9919380101400316,0.00806198985996848,1,1,1
1257,0.0,train,0.01322282447432591,0.9867771755256742,0,1,1
1258,0.0,train,9.223474233292614e-06,0.9999907765257667,0,1,1
1259,1.0,train,0.2877678157610531,0.712232184238947,0,1,1
1260,1.0,train,0.9996079582633186,0.00039204173668134286,1,1,1
1261,0.0,test,0.9989515308967126,0.0010484691032872182,1,1,1
1262,0.0,train,0.0006563727737888823,0.9993436272262111,0,1,1
1263,1.0,train,0.9984752139377276,0.0015247860622723613,1,1,1
1264,0.0,train,7.254362255381223e-05,0.9999274563774463,0,1,1
1265,0.0,train,0.006488270365100329,0.9935117296348998,0,1,1
1266,0.0,train,0.9755769071055401,0.02442309289445975,1,1,1
1267,0.0,dev,0.00022693395215872197,0.9997730660478412,0,1,1
1268,1.0,dev,0.9999911988996857,8.80110031421985e-06,1,1,1
1269,0.0,train,0.787931190663057,0.2120688093369431,1,1,1
1270,0.0,dev,0.001754614566698992,0.9982453854333011,0,1,1
1271,0.0,train,1.8925147118031986e-05,0.9999810748528819,0,1,1
1272,0.0,train,0.002287227741887452,0.9977127722581126,0,1,1
1273,1.0,train,0.28457599208146817,0.7154240079185319,0,1,1
1274,0.0,train,6.893610866102232e-07,0.9999993106389133,0,1,1
1275,0.0,train,6.108857286212332e-05,0.9999389114271379,0,1,1
1276,1.0,train,0.9924227577236518,0.0075772422763482235,1,1,1
1277,0.0,train,2.829132674474039e-07,0.9999997170867326,0,1,1
1278,1.0,train,0.9219218423633528,0.0780781576366472,1,1,1
1279,1.0,train,0.9996079581640458,0.00039204183595433205,1,1,1
1280,1.0,train,0.7799929104825006,0.2200070895174993,1,1,1
1281,0.0,train,0.712232184238947,0.2877678157610531,1,1,1
1282,0.0,train,0.982823294509472,0.017176705490528025,1,1,1
1283,1.0,train,0.10818895168662002,0.8918110483133801,0,1,1
1284,1.0,train,0.9992327074157695,0.0007672925842303628,1,1,1
1285,1.0,dev,0.9959927115596173,0.004007288440382668,1,1,1
1286,0.0,train,4.495181578513687e-06,0.9999955048184215,0,1,1
1287,1.0,train,0.8376199673867852,0.16238003261321476,1,1,1
1288,1.0,train,0.9999975175194172,2.482480582793933e-06,1,1,1
1289,0.0,train,0.2393493581744072,0.7606506418255927,0,1,1
1290,0.0,train,1.8631755368857638e-05,0.999981368244631,0,1,1
1291,0.0,train,2.0145681246918233e-05,0.999979854318753,0,1,1
1292,1.0,train,0.8872045817875224,0.11279541821247763,1,1,1
1293,1.0,train,0.9988839856404889,0.0011160143595111906,1,1,1
1294,0.0,train,0.003945407157957165,0.9960545928420428,0,1,1
1295,1.0,test,0.9910145721762713,0.008985427823728588,1,1,1
1296,1.0,train,0.9999985632494971,1.4367505029633373e-06,1,1,1
1297,1.0,train,0.9911526467464419,0.008847353253558055,1,1,1
1298,1.0,train,0.018833127136932293,0.9811668728630676,0,1,1
1299,1.0,test,0.998967768794224,0.001032231205776036,1,1,1
1300,1.0,train,0.998611476910267,0.0013885230897331046,1,1,1
1301,1.0,train,0.9859363717170516,0.014063628282948357,1,1,1
1302,0.0,train,0.979667646212118,0.020332353787881955,1,1,1
1303,0.0,train,0.8558511579973932,0.14414884200260686,1,1,1
1304,1.0,train,0.9999329077749978,6.709222500230612e-05,1,1,1
1305,1.0,train,0.9999992661788719,7.338211281449083e-07,1,1,1
1306,0.0,train,0.002673005556095589,0.9973269944439045,0,1,1
1307,1.0,train,0.9940889320631481,0.005911067936851978,1,1,1
1308,1.0,train,0.06008665522337757,0.9399133447766225,0,1,1
1309,1.0,dev,0.014281931197997989,0.9857180688020021,0,1,1
1310,0.0,train,7.453770597237409e-07,0.9999992546229401,0,1,1
1311,1.0,train,0.9999934595648685,6.5404351315553255e-06,1,1,1
1312,0.0,train,8.579232312308025e-07,0.9999991420767689,0,1,1
1313,1.0,train,0.9999985406241269,1.4593758731350304e-06,1,1,1
1314,1.0,train,0.982013793459441,0.017986206540559057,1,1,1
1315,0.0,dev,1.6701416870767467e-05,0.9999832985831292,0,1,1
1316,0.0,train,0.9950945945852285,0.0049054054147713464,1,1,1
1317,0.0,test,2.84097497193287e-05,0.9999715902502806,0,1,1
1318,1.0,train,0.999130632717212,0.0008693672827879926,1,1,1
1319,1.0,train,0.999959305408452,4.06945915480359e-05,1,1,1
1320,0.0,train,0.0001767451802354405,0.9998232548197645,0,1,1
1321,1.0,train,0.0021489490599542554,0.9978510509400457,0,1,1
1322,1.0,test,0.9986329741610906,0.0013670258389093864,1,1,1
1323,1.0,train,0.9999263140778741,7.368592212593352e-05,1,1,1
1324,1.0,train,0.9999538872331338,4.611276686616925e-05,1,1,1
1325,0.0,train,0.0070117955889996576,0.9929882044110003,0,1,1
1326,1.0,train,0.9449947086083138,0.055005291391686174,1,1,1
1327,0.0,train,2.2125675689520932e-05,0.9999778743243106,0,1,1
1328,1.0,train,0.9944450743085287,0.005554925691471436,1,1,1
1329,1.0,train,0.9999979738577612,2.0261422387518363e-06,1,1,1
1330,0.0,train,0.34864513533394575,0.6513548646660542,0,1,1
1331,1.0,test,0.9989182848438828,0.0010817151561173337,1,1,1
1332,1.0,train,0.9999852610218141,1.4738978185969186e-05,1,1,1
1333,1.0,train,0.0675466911396291,0.9324533088603709,0,1,1
1334,1.0,train,0.9999995883634754,4.116365246477688e-07,1,1,1
1335,0.0,train,0.9019206791658466,0.0980793208341535,1,1,1
1336,0.0,train,1.834289387453765e-05,0.9999816571061255,0,1,1
1337,1.0,train,0.9999972735301761,2.726469823793882e-06,1,1,1
1338,1.0,dev,0.9999952890924858,4.710907514230727e-06,1,1,1
1339,0.0,train,0.0007554057227128765,0.9992445942772872,0,1,1
1340,0.0,dev,1.497108726195891e-05,0.999985028912738,0,1,1
1341,0.0,train,0.05749327718546351,0.9425067228145364,0,1,1
1342,1.0,train,0.9999942280774327,5.7719225673944005e-06,1,1,1
1343,0.0,train,1.0953118904397016e-05,0.9999890468810956,0,1,1
1344,0.0,dev,0.0003799846619134258,0.9996200153380866,0,1,1
1345,1.0,dev,1.5936627371275256e-05,0.9999840633726287,0,1,1
1346,1.0,train,0.9840936073551713,0.015906392644828796,1,1,1
1347,0.0,train,0.6757645879592642,0.32423541204073586,1,1,1
1348,0.0,train,0.5926665999540697,0.4073334000459302,1,1,1
1349,1.0,train,2.260323489550585e-06,0.9999977396765105,0,1,1
1350,0.0,test,0.3923368301671084,0.6076631698328917,0,1,1
1351,,,0.00019411316075141065,0.9998058868392486,0,1,1
1352,0.0,train,0.0028895811895084025,0.9971104188104915,0,1,1
1353,1.0,test,0.9999952149052556,4.785094744451057e-06,1,1,1
1354,1.0,train,0.9489172652098724,0.051082734790127565,1,1,1
1355,1.0,train,0.999919072403233,8.092759676716569e-05,1,1,1
1356,0.0,train,0.0010649627988741956,0.9989350372011259,0,1,1
1357,1.0,train,0.9999165037236837,8.349627631648006e-05,1,1,1
1358,0.0,train,9.610244413747746e-05,0.9999038975558624,0,1,1
1359,1.0,train,0.7662936324115011,0.23370636758849891,1,1,1
1360,1.0,train,0.9995626656583642,0.00043733434163585307,1,1,1
1361,1.0,test,0.7799929002541067,0.22000709974589314,1,1,1
1362,0.0,train,0.7956581000631541,0.20434189993684582,1,1,1
1363,0.0,train,0.7981867729389246,0.2018132270610754,1,1,1
1364,1.0,train,0.995801203887421,0.0041987961125789135,1,1,1
1365,0.0,train,0.600188359260205,0.3998116407397951,1,1,1
1366,0.0,train,0.00013342005464251394,0.9998665799453575,0,1,1
1367,1.0,train,0.44167300566462553,0.5583269943353745,0,1,1
1368,0.0,dev,2.5867420288902552e-05,0.9999741325797111,0,1,1
1369,1.0,train,0.14223188410206938,0.8577681158979307,0,1,1
1370,0.0,train,5.738760205511904e-05,0.9999426123979449,0,1,1
1371,0.0,dev,0.000472854483819552,0.9995271455161805,0,1,1
1372,0.0,train,1.5057022638847178e-06,0.9999984942977361,0,1,1
1373,1.0,train,0.16238003666671086,0.8376199633332891,0,1,1
1374,0.0,dev,0.99435809141638,0.005641908583620018,1,1,1
1375,1.0,train,0.9999996133033974,3.8669660261705423e-07,1,1,1
1376,1.0,dev,0.9032942145139149,0.09670578548608504,1,1,1
1377,1.0,test,0.9999989651464243,1.0348535758163914e-06,1,1,1
1378,1.0,train,0.8723473813156294,0.12765261868437058,1,1,1
1379,1.0,train,0.9898303411961371,0.010169658803862884,1,1,1
1380,0.0,train,4.0525461593937263e-07,0.999999594745384,0,1,1
1381,1.0,train,0.9990889488801977,0.0009110511198022095,1,1,1
1382,1.0,dev,0.9999925887170359,7.411282964178791e-06,1,1,1
1383,0.0,train,0.9960545935154734,0.0039454064845265025,1,1,1
1384,1.0,train,0.588889130767832,0.411110869232168,1,1,1
1385,0.0,test,0.6334102636778401,0.3665897363221599,1,1,1
1386,0.0,train,3.966984141573265e-06,0.9999960330158585,0,1,1
1387,0.0,test,0.0001088969035364998,0.9998911030964635,0,1,1
1388,0.0,train,0.03789242337013433,0.9621075766298656,0,1,1
1389,1.0,train,0.9995416870584073,0.0004583129415926264,1,1,1
1390,1.0,train,0.9433475691174941,0.05665243088250589,1,1,1
1391,1.0,train,0.9974885358889143,0.0025114641110856734,1,1,1
1392,0.0,train,2.144494330815007e-05,0.9999785550566918,0,1,1
1393,1.0,train,0.9998147742208602,0.00018522577913969072,1,1,1
1394,1.0,train,0.9999838124110864,1.6187588913658585e-05,1,1,1
1395,1.0,train,0.7799929002541067,0.22000709974589314,1,1,1
1396,0.0,train,0.08882028516430056,0.9111797148356995,0,1,1
1397,0.0,train,2.2474085835702e-05,0.9999775259141642,0,1,1
1398,0.0,test,0.16667541296674696,0.8333245870332532,0,1,1
1399,1.0,test,0.999995842633838,4.1573661618602566e-06,1,1,1
1400,1.0,train,0.9987551566979116,0.0012448433020883743,1,1,1
1401,0.0,train,1.8162231615984941e-06,0.9999981837768384,0,1,1
1402,1.0,train,0.975946449554205,0.024053550445795126,1,1,1
1403,0.0,train,0.00011235330742281064,0.9998876466925771,0,1,1
1404,0.0,train,1.788064855441462e-06,0.9999982119351445,0,1,1
1405,1.0,train,0.999855740190323,0.0001442598096768996,1,1,1
1406,1.0,train,0.9626731121204184,0.037326887879581695,1,1,1
1407,0.0,train,0.003324436496669387,0.9966755635033305,0,1,1
1408,0.0,train,1.2289187118214968e-06,0.9999987710812882,0,1,1
1409,1.0,test,0.9970650476993119,0.0029349523006881395,1,1,1
1410,1.0,dev,0.9914225157267513,0.008577484273248568,1,1,1
1411,1.0,train,0.9999950630120805,4.9369879195272215e-06,1,1,1
1412,1.0,train,0.9994472213713089,0.0005527786286911093,1,1,1
1413,1.0,train,0.9999977747187955,2.2252812045557287e-06,1,1,1
1414,1.0,train,0.9999987121049763,1.2878950237447338e-06,1,1,1
1415,0.0,test,0.00037409576075673345,0.9996259042392432,0,1,1
1416,1.0,train,0.8918110396870288,0.10818896031297129,1,1,1
1417,1.0,train,0.7090191337850932,0.29098086621490676,1,1,1
1418,1.0,train,0.2720245510940225,0.7279754489059775,0,1,1
1419,1.0,train,0.07477003672283379,0.9252299632771662,0,1,1
1420,0.0,train,7.889263056478032e-06,0.9999921107369435,0,1,1
1421,1.0,train,0.11279540628289324,0.8872045937171068,0,1,1
1422,0.0,train,0.0020507439668585167,0.9979492560331413,0,1,1
1423,0.0,train,7.18325783094273e-06,0.999992816742169,0,1,1
1424,1.0,dev,0.9999687980923255,3.12019076745251e-05,1,1,1
1425,1.0,train,0.0006166296245677243,0.9993833703754323,0,1,1
1426,1.0,train,0.9869795070137442,0.013020492986255853,1,1,1
1427,0.0,train,0.42250463481418826,0.5774953651858118,0,1,1
1428,1.0,train,0.9987934105571221,0.001206589442878012,1,1,1
1429,1.0,train,0.9838471630465863,0.01615283695341375,1,1,1
1430,0.0,train,0.009268013380914325,0.9907319866190857,0,1,1
1431,0.0,train,2.6165195841789554e-07,0.9999997383480416,0,1,1
1432,1.0,train,0.9999885212305473,1.1478769452679258e-05,1,1,1
1433,1.0,train,0.9970650478846366,0.002934952115363327,1,1,1
1434,0.0,train,0.8887588038050466,0.1112411961949534,1,1,1
1435,0.0,train,5.8628133129885984e-06,0.999994137186687,0,1,1
1436,1.0,train,0.9999953621259424,4.637874057556935e-06,1,1,1
1437,0.0,train,0.002287227299830357,0.9977127727001696,0,1,1
1438,1.0,train,0.9999599363197101,4.006368028977666e-05,1,1,1
1439,0.0,train,0.007121429377906223,0.9928785706220938,0,1,1
1440,0.0,train,0.0004728545894608005,0.9995271454105393,0,1,1
1441,0.0,train,5.896420187851806e-07,0.9999994103579812,0,1,1
1442,1.0,train,0.9532750380552895,0.04672496194471053,1,1,1
1443,1.0,train,0.999981074843012,1.8925156988081137e-05,1,1,1
1444,1.0,train,0.9990746150857973,0.0009253849142026972,1,1,1
1445,0.0,test,2.332075220855633e-06,0.9999976679247791,0,1,1
1446,1.0,test,0.9986749777010961,0.0013250222989039011,1,1,1
1447,0.0,train,2.0611536181902033e-09,0.9999999979388463,0,0,1
1448,0.0,train,0.00426463443907928,0.9957353655609206,0,1,1
1449,0.0,train,0.14414885670945196,0.855851143290548,0,1,1
1450,0.0,test,0.0005614787795880317,0.9994385212204119,0,1,1
1451,0.0,train,0.0446808677284564,0.9553191322715435,0,1,1
1452,1.0,train,0.658417500561683,0.341582499438317,1,1,1
1453,0.0,train,9.368714476708348e-06,0.9999906312855232,0,1,1
1454,0.0,train,0.0236894719886509,0.976310528011349,0,1,1
1455,1.0,train,0.9511422199928905,0.048857780007109594,1,1,1
1456,0.0,train,0.006692850329902297,0.9933071496700977,0,1,1
1457,1.0,train,0.9991030605695005,0.0008969394304995404,1,1,1
1458,0.0,train,0.013636835682297104,0.9863631643177028,0,1,1
1459,1.0,train,0.9999952149059685,4.7850940314198405e-06,1,1,1
1460,0.0,dev,1.0289517778476921e-05,0.9999897104822215,0,1,1
1461,0.0,train,0.5467381519846138,0.45326184801538616,1,1,1
1462,0.0,train,0.7606506526772884,0.23934934732271168,1,1,1
1463,1.0,train,0.9975656183352695,0.0024343816647306436,1,1,1
1464,0.0,train,0.411110869232168,0.588889130767832,0,1,1
1465,1.0,train,0.6619228758499942,0.33807712415000585,1,1,1
1466,0.0,train,4.469407543793994e-05,0.9999553059245622,0,1,1
1467,1.0,train,0.984810950523326,0.015189049476673941,1,1,1
1468,0.0,train,3.647855072106841e-05,0.9999635214492789,0,1,1
1469,1.0,train,0.005139610335643399,0.9948603896643567,0,1,1
1470,0.0,train,0.2942149597859341,0.7057850402140659,0,1,1
1471,1.0,train,0.9999997383480436,2.616519564684371e-07,1,1,1
1472,1.0,train,0.9999307781950929,6.922180490723401e-05,1,1,1
1473,0.0,train,0.03461884083118546,0.9653811591688145,0,1,1
1474,1.0,train,0.01098694392594878,0.9890130560740511,0,1,1
1475,1.0,train,0.13296423676207594,0.867035763237924,0,1,1
1476,1.0,dev,0.0060975633665628845,0.993902436633437,0,1,1
1477,1.0,test,0.9999973574142973,2.642585702710176e-06,1,1,1
1478,1.0,train,0.9993929243879163,0.0006070756120837485,1,1,1
1479,1.0,train,0.22815650216092537,0.7718434978390747,0,1,1
1480,1.0,train,0.992878571096222,0.007121428903777875,1,1,1
1481,0.0,test,1.0188097314896125e-06,0.9999989811902684,0,1,1
1482,1.0,train,0.34864513533394575,0.6513548646660542,0,1,1
1483,0.0,train,0.010169659253858748,0.9898303407461412,0,1,1
1484,1.0,train,0.999802830666162,0.00019716933383802756,1,1,1
1485,1.0,train,0.9999968618521008,3.138147899242349e-06,1,1,1
1486,1.0,train,0.9859363697541884,0.014063630245811478,1,1,1
1487,0.0,train,0.0009697518234184261,0.9990302481765815,0,1,1
1488,1.0,train,0.9986541398991212,0.00134586010087875,1,1,1
1489,0.0,test,0.0002959572545946931,0.9997040427454054,0,1,1
1490,1.0,train,8.750300803687111e-05,0.999912496991963,0,1,1
1491,0.0,train,0.0003682979808765188,0.9996317020191234,0,1,1
1492,1.0,dev,0.9648551515780319,0.03514484842196812,1,1,1
1493,0.0,train,1.529412949970244e-06,0.99999847058705,0,1,1
1494,1.0,test,0.9999997654566982,2.3454330166998884e-07,1,1,1
1495,1.0,train,0.6959583124210896,0.30404168757891037,1,1,1
1496,0.0,train,0.7401743735019595,0.2598256264980406,1,1,1
1497,1.0,dev,0.7931059511841119,0.2068940488158881,1,1,1
1498,0.0,train,0.7879311956428947,0.21206880435710532,1,1,1
1499,1.0,train,0.9999982938171806,1.7061828193663448e-06,1,1,1
1500,0.0,test,2.4439931369352513e-06,0.9999975560068631,0,1,1
1501,1.0,train,0.9999994956527553,5.043472447424365e-07,1,1,1
1502,0.0,train,5.539171044587505e-07,0.9999994460828956,0,1,1
1503,1.0,train,0.9441768541530197,0.0558231458469803,1,1,1
1504,1.0,test,0.9994642195254885,0.000535780474511601,1,1,1
1505,0.0,train,1.308176353750623e-06,0.9999986918236463,0,1,1
1506,1.0,train,0.9999993624451936,6.375548063579558e-07,1,1,1
1507,0.0,train,2.84097344795884e-05,0.9999715902655204,0,1,1
1508,0.0,train,3.4808121961114686e-05,0.9999651918780389,0,1,1
1509,1.0,train,0.9968273169690082,0.0031726830309918535,1,1,1
1510,,,8.99095950503534e-07,0.9999991009040495,0,1,1
1511,0.0,train,0.7090191337850932,0.29098086621490676,1,1,1
1512,1.0,dev,0.9992327077613691,0.0007672922386309182,1,1,1
1513,1.0,dev,0.9999974784260223,2.5215739777298846e-06,1,1,1
1514,1.0,train,0.999488742114045,0.0005112578859548137,1,1,1
1515,0.0,test,4.757647694172361e-05,0.9999524235230584,0,1,1
1516,1.0,train,0.7879312006227324,0.21206879937726766,1,1,1
1517,1.0,train,0.41869690935568665,0.5813030906443133,0,1,1
1518,0.0,train,0.9449947124811038,0.05500528751889617,1,1,1
1519,1.0,train,0.8740772417253256,0.1259227582746744,1,1,1
1520,1.0,train,0.9999921107372963,7.889262703803281e-06,1,1,1
1521,1.0,train,0.9997730661289808,0.00022693387101924834,1,1,1
1522,1.0,train,0.998299277841561,0.001700722158438928,1,1,1
1523,0.0,train,0.00031999820593940425,0.9996800017940607,0,1,1
1524,0.0,train,0.00011235332751089214,0.9998876466724891,0,1,1
1525,1.0,train,0.9973683262011186,0.0026316737988814993,1,1,1
1526,1.0,train,0.10818896031297129,0.8918110396870288,0,1,1
1527,1.0,train,0.9867771813585751,0.013222818641424959,1,1,1
1528,0.0,train,0.8615381987656671,0.13846180123433283,1,1,1
1529,0.0,train,2.668853116334648e-05,0.9999733114688367,0,1,1
1530,0.0,test,0.01826427835185701,0.9817357216481429,0,1,1
1531,0.0,train,1.6373778384432635e-07,0.9999998362622161,0,1,1
1532,0.0,train,0.9966755634045842,0.0033244365954159458,1,1,1
1533,1.0,dev,0.011687260061114644,0.9883127399388852,0,1,1
1534,1.0,train,0.9999998577421652,1.422578348005863e-07,1,1,1
1535,0.0,train,0.006097561831348407,0.9939024381686515,0,1,1
1536,0.0,train,4.181187231316626e-07,0.9999995818812769,0,1,1
1537,1.0,train,0.9952447999491247,0.004755200050875163,1,1,1
1538,1.0,train,0.9999493553057296,5.064469427045352e-05,1,1,1
1539,1.0,test,0.9998706843970614,0.00012931560293870858,1,1,1
1540,0.0,train,3.340537959685014e-06,0.9999966594620403,0,1,1
1541,1.0,dev,0.9979809862496759,0.002019013750324045,1,1,1
1542,1.0,train,0.9999768125218044,2.3187478195688993e-05,1,1,1
1543,1.0,train,0.9999919864998251,8.01350017499918e-06,1,1,1
1544,1.0,dev,0.5813030906443133,0.41869690935568665,1,1,1
1545,0.0,train,0.030675800824508118,0.969324199175492,0,1,1
1546,1.0,dev,0.990874364362461,0.009125635637539029,1,1,1
1547,0.0,train,0.0002913701301272335,0.9997086298698727,0,1,1
1548,1.0,train,0.9928785706220938,0.007121429377906223,1,1,1
1549,0.0,test,2.332075220855633e-06,0.9999976679247791,0,1,1
1550,1.0,train,0.9999768125196449,2.3187480355141206e-05,1,1,1
1551,1.0,dev,0.9873750499754304,0.012624950024569702,1,1,1
1552,1.0,train,0.9989012689924929,0.0010987310075071248,1,1,1
1553,0.0,train,0.0001376546870132311,0.9998623453129868,0,1,1
1554,1.0,train,0.880797081106935,0.1192029188930649,1,1,1
1555,0.0,train,1.9142869838585522e-07,0.9999998085713016,0,1,1
1556,1.0,train,0.03789242988908073,0.9621075701109193,0,1,1
1557,0.0,train,0.9005297914570319,0.09947020854296806,1,1,1
1558,1.0,train,0.9688561712637256,0.03114382873627438,1,1,1
1559,1.0,train,0.9796676427987397,0.020332357201260174,1,1,1
1560,1.0,train,0.9998623454011768,0.00013765459882316954,1,1,1
1561,0.0,train,0.38491214448393346,0.6150878555160665,0,1,1
1562,1.0,dev,0.999014991747245,0.0009850082527551414,1,1,1
1563,1.0,test,0.9991030605227634,0.0008969394772366204,1,1,1
1564,1.0,train,0.1871326821624266,0.8128673178375735,0,1,1
1565,1.0,train,0.9999715902646739,2.8409735326240424e-05,1,1,1
1566,1.0,train,0.9999097196323811,9.028036761886387e-05,1,1,1
1567,1.0,train,0.9046505286741726,0.09534947132582737,1,1,1
1568,1.0,train,0.99994935525932,5.064474068000657e-05,1,1,1
1569,1.0,dev,0.4882833952958347,0.5117166047041654,0,1,1
1570,1.0,dev,0.0002453694659210507,0.9997546305340791,0,1,1
1571,0.0,train,2.0785170435063725e-05,0.9999792148295649,0,1,1
1572,0.0,train,5.955136863967513e-06,0.9999940448631359,0,1,1
1573,0.0,train,0.21206881431678096,0.7879311856832191,0,1,1
1574,0.0,train,0.01798620785653302,0.982013792143467,0,1,1
1575,1.0,train,0.999999526209435,4.7379056499814415e-07,1,1,1
1576,0.0,train,0.0001072088137005147,0.9998927911862996,0,1,1
1577,1.0,train,0.8354835411997897,0.16451645880021026,1,1,1
1578,0.0,train,0.8740772384450968,0.1259227615549033,1,1,1
1579,1.0,train,0.9999538872346798,4.611276532018959e-05,1,1,1
1580,0.0,train,0.00017952801214190153,0.9998204719878581,0,1,1
1581,0.0,train,6.4390374154985725e-06,0.9999935609625845,0,1,1
1582,0.0,test,7.071898429431057e-06,0.9999929281015706,0,1,1
1583,1.0,train,0.9999981261244908,1.8738755093041026e-06,1,1,1
1584,1.0,train,0.9777138121879512,0.022286187812048764,1,1,1
1585,1.0,train,0.9999987121043525,1.2878956474558507e-06,1,1,1
1586,0.0,train,0.689305616785446,0.31069438321455395,1,1,1
1587,0.0,train,0.012431650853185818,0.9875683491468141,0,1,1
1588,0.0,train,0.9005297941266014,0.09947020587339868,1,1,1
1589,1.0,train,0.9999963880166158,3.6119833842118787e-06,1,1,1
1590,0.0,train,0.851952809486198,0.14804719051380197,1,1,1
1591,1.0,train,0.9999994373597846,5.626402154287717e-07,1,1,1
1592,1.0,test,0.8791467548438124,0.1208532451561875,1,1,1
1593,1.0,train,0.9999962146760366,3.7853239633855776e-06,1,1,1
1594,1.0,train,0.9790357605581635,0.020964239441836383,1,1,1
1595,0.0,train,0.06754668738548215,0.9324533126145177,0,1,1
1596,1.0,dev,0.99605459231501,0.003945407684989937,1,1,1
1597,0.0,train,0.00032503598080801835,0.9996749640191921,0,1,1
1598,0.0,train,3.7052952104009535e-05,0.9999629470478961,0,1,1
1599,0.0,train,0.11596071825396677,0.8840392817460332,0,1,1
1600,0.0,train,0.05419873440629664,0.9458012655937033,0,1,1
1601,1.0,train,0.9954615677366369,0.0045384322633632386,1,1,1
1602,0.0,train,1.4005233493658025e-07,0.999999859947665,0,1,1
1603,,,0.992767236303518,0.007232763696481992,1,1,1
1604,1.0,dev,0.00011774462737036718,0.9998822553726295,0,1,1
1605,1.0,test,0.9999097195701674,9.028042983257498e-05,1,1,1
1606,0.0,train,0.0032730651651229695,0.9967269348348771,0,1,1
1607,1.0,train,0.9998686482371828,0.00013135176281712108,1,1,1
1608,0.0,train,0.0014103587064814309,0.9985896412935186,0,1,1
1609,1.0,train,0.9828232884721165,0.017176711527883394,1,1,1
1610,1.0,train,0.04146226915809502,0.9585377308419049,0,1,1
1611,1.0,train,0.8539127417985637,0.1460872582014364,1,1,1
1612,1.0,train,0.971129090546975,0.028870909453024913,1,1,1
1613,0.0,train,9.27636072000583e-07,0.9999990723639279,0,1,1
1614,1.0,train,0.996054592900602,0.003945407099397972,1,1,1
1615,1.0,train,0.00031503861899393333,0.999684961381006,0,1,1
1616,0.0,train,0.001048469048662627,0.9989515309513373,0,1,1
1617,1.0,train,0.9999952149050417,4.785094958360442e-06,1,1,1
1618,0.0,dev,0.0011160145256247091,0.9988839854743752,0,1,1
1619,1.0,train,0.9976403395459486,0.0023596604540514106,1,1,1
1620,1.0,dev,0.9999651918720742,3.480812792574409e-05,1,1,1
1621,1.0,train,0.9989677687481273,0.001032231251872736,1,1,1
1622,1.0,train,0.9969246300128948,0.003075369987105181,1,1,1
1623,0.0,train,0.658417500561683,0.341582499438317,1,1,1
1624,0.0,test,2.8130184900841078e-06,0.99999718698151,0,1,1
1625,0.0,train,6.96225625013837e-06,0.9999930377437499,0,1,1
1626,0.0,train,0.0001233946054021645,0.9998766053945978,0,1,1
1627,0.0,train,1.3007130792301803e-05,0.9999869928692077,0,1,1
1628,1.0,train,0.14414886406287503,0.855851135937125,0,1,1
1629,1.0,train,0.9985896417447248,0.0014103582552751424,1,1,1
1630,0.0,train,0.00011235324715858762,0.9998876467528414,0,1,1
1631,1.0,train,0.999978217360199,2.1782639801141922e-05,1,1,1
1632,0.0,train,0.036220053784286124,0.963779946215714,0,1,1
1633,1.0,train,0.47268347662043286,0.5273165233795671,0,1,1
1634,1.0,train,0.9980429830743578,0.0019570169256422558,1,1,1
1635,1.0,train,0.9999971869826417,2.813017358321986e-06,1,1,1
1636,1.0,train,0.9970650478628338,0.0029349521371662456,1,1,1
1637,0.0,train,0.999853468650422,0.0001465313495779354,1,1,1
1638,1.0,dev,0.9999944056626617,5.594337338307537e-06,1,1,1
1639,1.0,train,0.9988839856238776,0.0011160143761225413,1,1,1
1640,1.0,train,0.99014014309624,0.009859856903760076,1,1,1
1641,0.0,dev,0.00012533749931693857,0.999874662500683,0,1,1
1642,1.0,dev,0.9999990723633371,9.276366629272589e-07,1,1,1
1643,0.0,dev,0.006289901764343242,0.9937100982356568,0,1,1
1644,1.0,train,0.9999741325642933,2.5867435706692298e-05,1,1,1
1645,1.0,train,0.999991198899784,8.801100215860754e-06,1,1,1
1646,1.0,train,0.951863227517834,0.048136772482165996,1,1,1
1647,0.0,train,0.9658995777233463,0.03410042227665366,1,1,1
1648,0.0,train,9.170196358658858e-05,0.9999082980364133,0,1,1
1649,0.0,train,7.934495225641664e-07,0.9999992065504776,0,1,1
1650,1.0,train,0.9999943175668194,5.682433180685221e-06,1,1,1
1651,1.0,train,0.9999928167370846,7.183262915254942e-06,1,1,1
1652,0.0,train,3.256312773359689e-07,0.9999996743687226,0,1,1
1653,1.0,train,0.9999667858104961,3.32141895038756e-05,1,1,1
1654,1.0,train,0.9086178981700931,0.09138210182990686,1,1,1
1655,0.0,dev,0.9678992958293973,0.03210070417060275,1,1,1
1656,0.0,train,1.844823472272391e-06,0.9999981551765277,0,1,1
1657,1.0,train,0.9959298615592685,0.0040701384407312935,1,1,1
1658,0.0,train,0.82893881677331,0.17106118322669,1,1,1
1659,1.0,train,0.9999942280783357,5.7719216643120245e-06,1,1,1
1660,0.0,train,1.5294125853303828e-06,0.9999984705874146,0,1,1
1661,0.0,dev,0.08269734719655744,0.9173026528034426,0,1,1
1662,0.0,train,3.705298523071757e-05,0.9999629470147693,0,1,1
1663,1.0,train,0.9999996010282601,3.9897173986928274e-07,1,1,1
1664,1.0,train,0.999999721472879,2.7852712108790077e-07,1,1,1
1665,0.0,train,0.36296921930155557,0.6370307806984444,0,1,1
1666,0.0,train,3.6898838623772927e-07,0.9999996310116137,0,1,1
1667,1.0,train,0.9895109092040425,0.010489090795957431,1,1,1
1668,0.0,train,0.040845712407222005,0.959154287592778,0,1,1
1669,0.0,train,2.9649051926605004e-07,0.9999997035094808,0,1,1
1670,1.0,train,0.9999984220380425,1.5779619575419829e-06,1,1,1
1671,1.0,train,0.9999980666414767,1.933358523375416e-06,1,1,1
1672,1.0,train,0.13296424706933604,0.867035752930664,0,1,1
1673,0.0,train,0.00037998435627024685,0.9996200156437298,0,1,1
1674,0.0,train,1.2029636933515978e-05,0.9999879703630664,0,1,1
1675,1.0,dev,0.004331502149093663,0.9956684978509063,0,1,1
1676,1.0,train,0.9994207083473328,0.0005792916526671857,1,1,1
1677,0.0,train,7.602476729662353e-05,0.9999239752327033,0,1,1
1678,1.0,train,0.9999966068543276,3.3931456725243683e-06,1,1,1
1679,0.0,train,9.818326983657703e-06,0.9999901816730163,0,1,1
1680,1.0,train,0.9974490875976706,0.002550912402329422,1,1,1
1681,1.0,train,0.9865717424942962,0.013428257505703766,1,1,1
1682,1.0,train,0.9658995777233463,0.03410042227665366,1,1,1
1683,1.0,train,0.5736784074525096,0.4263215925474903,1,1,1
1684,1.0,test,0.9999988455376746,1.1544623253697309e-06,1,1,1
1685,0.0,train,0.0009850082087652155,0.9990149917912349,0,1,1
1686,0.0,train,0.00043733458590865265,0.9995626654140912,0,1,1
1687,1.0,train,0.99999834630965,1.6536903499189255e-06,1,1,1
1688,0.0,train,1.770428181159551e-07,0.9999998229571818,0,1,1
1689,1.0,train,0.9999629470125607,3.705298743916582e-05,1,1,1
1690,1.0,train,0.9970650479718485,0.0029349520281516553,1,1,1
1691,1.0,train,0.9999873930561554,1.2606943844790477e-05,1,1,1
1692,1.0,train,0.9996430292984951,0.0003569707015048914,1,1,1
1693,1.0,train,0.6757646010190476,0.32423539898095244,1,1,1
1694,0.0,train,0.9979492560636372,0.0020507439363627185,1,1,1
1695,1.0,train,0.9124361664296878,0.08756383357031215,1,1,1
1696,1.0,train,0.999953887246017,4.6112753983006924e-05,1,1,1
1697,0.0,train,0.0006878512165116324,0.9993121487834885,0,1,1
1698,1.0,train,4.264748597873431e-05,0.9999573525140212,0,1,1
1699,0.0,dev,0.0017546143578996548,0.9982453856421004,0,1,1
1700,0.0,test,4.8325615144914454e-05,0.999951674384855,0,1,1
1701,1.0,train,0.01691491574461083,0.9830850842553892,0,1,1
1702,0.0,train,0.004468383338478945,0.995531616661521,0,1,1
1703,1.0,dev,0.9999945777819591,5.422218040851668e-06,1,1,1
1704,1.0,train,0.9998601778691473,0.0001398221308526691,1,1,1
1705,0.0,train,0.14608723589515565,0.8539127641048444,0,1,1
1706,1.0,train,0.9978510503329382,0.002148949667061779,1,1,1
1707,0.0,train,0.005911069031366064,0.994088930968634,0,1,1
1708,1.0,train,0.9999443779550825,5.562204491754795e-05,1,1,1
1709,0.0,train,3.5209116277635096e-07,0.9999996479088372,0,1,1
1710,1.0,dev,0.953966096291997,0.04603390370800289,1,1,1
1711,0.0,test,0.0006361913246342481,0.9993638086753657,0,1,1
1712,1.0,train,0.9999996423639703,3.57636029634222e-07,1,1,1
1713,1.0,train,0.9957353643270193,0.004264635672980885,1,1,1
1714,0.0,train,0.017712294555268824,0.9822877054447311,0,1,1
1715,0.0,train,0.04084571824510102,0.959154281754899,0,1,1
1716,1.0,train,0.9916842196178188,0.008315780382181117,1,1,1
1717,0.0,train,0.3923368301671084,0.6076631698328917,0,1,1
1718,1.0,train,0.9999994956527393,5.043472607125677e-07,1,1,1
1719,1.0,train,5.064471653194114e-05,0.9999493552834681,0,1,1
1720,0.0,train,0.9173026505426832,0.08269734945731683,1,1,1
1721,0.0,test,0.006097562192575309,0.9939024378074247,0,1,1
1722,0.0,train,0.964321448096903,0.03567855190309708,1,1,1
1723,0.0,train,3.1381471276710784e-06,0.9999968618528724,0,1,1
1724,1.0,train,0.009125635233314118,0.9908743647666858,0,1,1
1725,0.0,train,0.8807970748488297,0.11920292515117029,1,1,1
1726,1.0,dev,0.3593641588823761,0.6406358411176238,0,1,1
1727,1.0,train,0.9977829875044578,0.002217012495542217,1,1,1
1728,0.0,train,9.97293862168916e-06,0.9999900270613783,0,1,1
1729,1.0,train,0.005641907162476834,0.9943580928375232,0,1,1
1730,1.0,dev,0.9998339615316996,0.00016603846830045858,1,1,1
1731,1.0,train,0.9999985855241172,1.4144758826574182e-06,1,1,1
1732,1.0,test,0.9999939510817124,6.048918287478986e-06,1,1,1
1733,0.0,train,0.024053554293644024,0.9759464457063559,0,1,1
1734,1.0,test,0.9961755159011926,0.0038244840988075806,1,1,1
1735,1.0,train,0.7905303137346446,0.20946968626535545,1,1,1
1736,0.0,dev,0.9924227595165183,0.007577240483481804,1,1,1
1737,1.0,train,0.44167300566462553,0.5583269943353745,0,1,1
1738,1.0,train,0.9999952890898359,4.710910164193196e-06,1,1,1
1739,0.0,train,0.9032942145139149,0.09670578548608504,1,1,1
1740,1.0,train,0.9999867880414266,1.3211958573401774e-05,1,1,1
1741,1.0,train,0.9999813682506002,1.863174939982183e-05,1,1,1
1742,1.0,train,0.7718434925908525,0.2281565074091475,1,1,1
1743,1.0,train,0.9999993916412149,6.083587851525586e-07,1,1,1
1744,0.0,test,0.055823136422248926,0.944176863577751,0,1,1
1745,0.0,dev,0.26284183737131667,0.7371581626286834,0,1,1
1746,0.0,train,0.002217013286650019,0.9977829867133501,0,1,1
1747,0.0,dev,0.341582512843634,0.658417487156366,0,1,1
1748,1.0,dev,0.9999859359574391,1.40640425608242e-05,1,1,1
1749,1.0,test,0.9999910603029626,8.939697037457854e-06,1,1,1
1750,0.0,dev,0.47268349147711747,0.5273165085228825,0,1,1
1751,1.0,train,0.9899864302631448,0.010013569736855174,1,1,1
1752,0.0,train,7.141904805177941e-05,0.9999285809519483,0,1,1
1753,0.0,test,1.8342891141283807e-05,0.9999816571088588,0,1,1
1754,1.0,dev,0.000495536036128382,0.9995044639638717,0,1,1
1755,0.0,train,0.7401743735019595,0.2598256264980406,1,1,1
1756,1.0,train,0.9951702779677122,0.0048297220322878484,1,1,1
1757,0.0,train,0.015424554344826303,0.9845754456551736,0,1,1
1758,0.0,train,0.6757646010190476,0.32423539898095244,1,1,1
1759,1.0,train,0.9999053873649288,9.461263507125032e-05,1,1,1
1760,1.0,train,0.9999980361949113,1.963805088620753e-06,1,1,1
1761,1.0,train,0.9996017869449726,0.00039821305502750877,1,1,1
1762,1.0,train,0.9968273172046415,0.0031726827953585256,1,1,1
1763,0.0,train,0.33458944125318596,0.665410558746814,0,1,1
1764,0.0,train,1.5057019048979068e-06,0.9999984942980952,0,1,1
1765,1.0,train,0.8539127566694178,0.14608724333058223,1,1,1
1766,1.0,train,0.9748211575679041,0.025178842432095925,1,1,1
1767,1.0,test,0.9997546304152787,0.00024536958472134616,1,1,1
1768,1.0,train,0.9755769074605843,0.024423092539415665,1,1,1
1769,0.0,train,0.8459424334245617,0.15405756657543826,1,1,1
1770,0.0,train,0.044680871544747154,0.9553191284552528,0,1,1
1771,0.0,dev,0.0005976695135131993,0.9994023304864867,0,1,1
1772,0.0,test,0.005060331431780246,0.9949396685682197,0,1,1
1773,1.0,train,0.999916503718396,8.349628160385246e-05,1,1,1
1774,0.0,train,5.422220262767064e-06,0.9999945777797371,0,1,1
1775,0.0,dev,0.0015011820333792252,0.9984988179666208,0,1,1
1776,0.0,train,0.2689414330889798,0.7310585669110203,0,1,1
1777,1.0,train,0.25683199138751883,0.7431680086124811,0,1,1
1778,0.0,train,0.00010391071897803089,0.999896089281022,0,1,1
1779,1.0,train,0.9996317022495373,0.00036829775046264473,1,1,1
1780,0.0,train,0.2909808785120009,0.7090191214879991,0,1,1
1781,0.0,train,0.00041731583526845886,0.9995826841647314,0,1,1
1782,1.0,train,0.9995891513828103,0.0004108486171895133,1,1,1
1783,1.0,dev,0.9998204719557617,0.00017952804423825133,1,1,1
1784,0.0,dev,3.7479926201656613e-07,0.999999625200738,0,1,1
1785,1.0,train,0.9999863686566406,1.3631343359392394e-05,1,1,1
1786,0.0,dev,5.805003335073609e-07,0.9999994194996665,0,1,1
1787,1.0,train,0.8198933403143929,0.18010665968560707,1,1,1
1788,0.0,test,0.9273633016692238,0.0726366983307763,1,1,1
1789,0.0,test,0.09947020854296806,0.9005297914570319,0,1,1
1790,0.0,test,0.07055958836943614,0.9294404116305639,0,1,1
1791,1.0,train,0.9999995818814139,4.1811858606174356e-07,1,1,1
1792,0.0,train,0.07477004909308943,0.9252299509069106,0,1,1
1793,1.0,train,0.9719924761487654,0.028007523851234655,1,1,1
1794,0.0,train,2.8857118388709103e-05,0.9999711428816113,0,1,1
1795,1.0,train,0.9994966644920157,0.0005033355079842314,1,1,1
1796,1.0,test,0.9999764473833871,2.355261661279599e-05,1,1,1
1797,1.0,train,0.9997933701535675,0.00020662984643255195,1,1,1
1798,0.0,dev,0.6297746074044134,0.3702253925955866,1,1,1
1799,1.0,train,0.9643214486095861,0.03567855139041379,1,1,1
1800,0.0,train,0.0004955359180419435,0.999504464081958,0,1,1
1801,1.0,train,0.00017952800144311956,0.999820471998557,0,1,1
1802,0.0,train,0.01428193182733175,0.9857180681726683,0,1,1
1803,0.0,test,0.00898542954870161,0.9910145704512984,0,1,1
1804,1.0,dev,0.9678992965238714,0.032100703476128575,1,1,1
1805,0.0,train,0.6261241772283034,0.37387582277169656,1,1,1
1806,1.0,train,0.9999593054032977,4.0694596702198144e-05,1,1,1
1807,1.0,dev,0.9994806950156245,0.0005193049843754591,1,1,1
1808,0.0,train,0.0031236481358473656,0.9968763518641527,0,1,1
1809,1.0,train,0.18010668168989222,0.8198933183101078,0,1,1
1810,0.0,train,0.0008969394304995404,0.9991030605695005,0,1,1
1811,1.0,train,0.9990746152717807,0.0009253847282192994,1,1,1
1812,0.0,dev,0.0010987310075071248,0.9989012689924929,0,1,1
1813,0.0,train,0.9999994010726635,5.989273364872411e-07,1,1,1
1814,0.0,dev,0.08632348598851411,0.9136765140114859,0,1,1
1815,0.0,train,5.920915635230724e-05,0.9999407908436477,0,1,1
1816,1.0,train,0.9960545934129951,0.003945406587005074,1,1,1
1817,1.0,train,0.9987156919372052,0.0012843080627946597,1,1,1
1818,1.0,train,0.9997131459923941,0.00028685400760589905,1,1,1
1819,0.0,train,0.08632346718402738,0.9136765328159726,0,1,1
1820,0.0,dev,9.132546385930335e-07,0.9999990867453614,0,1,1
1821,1.0,train,0.9996485617053092,0.00035143829469077995,1,1,1
1822,1.0,train,0.9994207082696888,0.0005792917303112509,1,1,1
1823,1.0,dev,0.9999970976892258,2.90231077427594e-06,1,1,1
1824,1.0,train,0.8438950907764119,0.15610490922358816,1,1,1
1825,0.0,dev,2.753568619095423e-05,0.9999724643138092,0,1,1
1826,0.0,train,0.001548760909947224,0.9984512390900528,0,1,1
1827,0.0,train,7.646536894355615e-06,0.9999923534631058,0,1,1
1828,0.0,train,0.9219218402181232,0.07807815978187677,1,1,1
1829,1.0,test,0.9449947163538936,0.05500528364610642,1,1,1
1830,0.0,train,0.31069438321455395,0.689305616785446,0,1,1
1831,1.0,train,0.9999697580414662,3.024195853395102e-05,1,1,1
1832,0.0,train,0.10230469968165563,0.8976953003183444,0,1,1
1833,1.0,train,0.9988664310708381,0.0011335689291619537,1,1,1
1834,1.0,train,0.9999939510800224,6.0489199775172455e-06,1,1,1
1835,1.0,train,0.9997694933312343,0.00023050666876574176,1,1,1
1836,0.0,train,0.07159119746371433,0.9284088025362855,0,1,1
1837,0.0,train,3.7853254299290963e-06,0.99999621467457,0,1,1
1838,1.0,test,0.9857180641868872,0.014281935813112876,1,1,1
1839,1.0,train,0.7520125737597972,0.24798742624020276,1,1,1
1840,1.0,dev,0.9999985632493525,1.43675064747558e-06,1,1,1
1841,0.0,train,0.0017546143578996548,0.9982453856421004,0,1,1
1842,1.0,test,0.9999989651470527,1.0348529474310448e-06,1,1,1
1843,1.0,train,0.0022518469447072626,0.9977481530552929,0,1,1
1844,1.0,dev,0.999998996985979,1.0030140209494689e-06,1,1,1
1845,1.0,train,0.9770226287518852,0.022977371248114782,1,1,1
1846,0.0,train,2.069838023228463e-07,0.9999997930161977,0,1,1
1847,0.0,train,0.008187910385737702,0.9918120896142623,0,1,1
1848,1.0,train,0.9793540722737479,0.02064592772625211,1,1,1
1849,1.0,test,0.9999982669483699,1.7330516300034113e-06,1,1,1
1850,0.0,train,1.0953123474345245e-05,0.9999890468765258,0,1,1
1851,1.0,dev,0.9999941371846778,5.862815322319865e-06,1,1,1
1852,1.0,train,0.6076631556226292,0.3923368443773709,1,1,1
1853,0.0,train,7.296382945131806e-06,0.9999927036170548,0,1,1
1854,1.0,train,0.999998126123995,1.873876004935087e-06,1,1,1
1855,0.0,train,0.037326887344129464,0.9626731126558706,0,1,1
1856,1.0,train,0.007937995978949642,0.9920620040210503,0,1,1
1857,1.0,dev,0.9674102559386727,0.03258974406132739,1,1,1
1858,0.0,test,7.453769708679428e-07,0.9999992546230292,0,1,1
1859,0.0,train,0.0001713081321807539,0.9998286918678192,0,1,1
1860,1.0,train,0.9999678076707794,3.219232922047328e-05,1,1,1
1861,0.0,test,0.9999988455377263,1.1544622737613043e-06,1,1,1
1862,0.0,train,0.5621765155565327,0.4378234844434674,1,1,1
1863,0.0,train,9.761566642017402e-05,0.9999023843335797,0,1,1
1864,0.0,test,0.30735800417608683,0.6926419958239132,0,1,1
1865,1.0,train,0.918480248488136,0.08151975151186386,1,1,1
1866,1.0,train,0.9362850013033613,0.06371499869663867,1,1,1
1867,1.0,train,0.17106120858237414,0.8289387914176259,0,1,1
1868,1.0,train,0.999994137186687,5.8628133129885984e-06,1,1,1
1869,1.0,train,0.9999911988957514,8.801104248584535e-06,1,1,1
1870,0.0,test,0.00019411322148237068,0.9998058867785177,0,1,1
1871,0.0,train,0.0006166298082243823,0.9993833701917757,0,1,1
1872,0.0,train,0.9219218305645894,0.07807816943541052,1,1,1
1873,1.0,train,0.9999944923954737,5.507604526204316e-06,1,1,1
1874,1.0,train,0.6757646010190476,0.32423539898095244,1,1,1
1875,1.0,test,0.9952448001254274,0.004755199874572519,1,1,1
1876,0.0,train,5.626399911571419e-07,0.9999994373600088,0,1,1
1877,0.0,train,0.7606506418255927,0.2393493581744072,1,1,1
1878,1.0,test,0.004007289302755221,0.9959927106972447,0,1,1
1879,0.0,train,8.990957897328087e-07,0.9999991009042103,0,1,1
1880,1.0,train,0.4073334000459302,0.5926665999540697,0,1,1
1881,1.0,train,0.9748211582993981,0.025178841700601855,1,1,1
1882,0.0,train,0.9845754499548451,0.015424550045154767,1,1,1
1883,1.0,dev,0.9988120944351632,0.00118790556483692,1,1,1
1884,0.0,train,0.05500528364610642,0.9449947163538936,0,1,1
1885,1.0,dev,0.17781087383497526,0.8221891261650248,0,1,1
1886,0.0,train,0.35936413143782797,0.640635868562172,0,1,1
1887,0.0,train,0.7577943658046609,0.24220563419533922,1,1,1
1888,1.0,train,0.4882833952958347,0.5117166047041654,0,1,1
1889,1.0,train,0.2068940488158881,0.7931059511841119,0,1,1
1890,0.0,test,0.023689470610097973,0.976310529389902,0,1,1
1891,0.0,train,6.786737835437515e-07,0.9999993213262165,0,1,1
1892,1.0,train,0.03846619036489695,0.961533809635103,0,1,1
1893,0.0,train,0.9939964047369694,0.006003595263030731,1,1,1
1894,0.0,train,5.043475585086388e-07,0.9999994956524415,0,1,1
1895,1.0,train,0.9926541725562649,0.007345827443735207,1,1,1
1896,1.0,train,0.9999986502970686,1.3497029314522825e-06,1,1,1
1897,1.0,train,0.9999859359588013,1.406404119863475e-05,1,1,1
1898,0.0,train,0.9019206857566126,0.09807931424338741,1,1,1
1899,0.0,train,0.00021995329378792492,0.9997800467062121,0,1,1
1900,0.0,train,0.0012644219822742916,0.9987355780177258,0,1,1
1901,0.0,train,0.11436853825632723,0.8856314617436727,0,1,1
1902,1.0,train,0.9999957106662191,4.289333781031735e-06,1,1,1
1903,1.0,train,0.36658972248186006,0.6334102775181399,0,1,1
1904,0.0,train,0.08632347658627028,0.9136765234137297,0,1,1
1905,1.0,train,0.9999640869885178,3.5913011482188925e-05,1,1,1
1906,1.0,train,0.9999715902517622,2.8409748237686923e-05,1,1,1
1907,0.0,train,0.7185943925708561,0.28140560742914383,1,1,1
1908,1.0,train,0.9986541399191492,0.0013458600808508628,1,1,1
1909,1.0,train,0.9999389114335095,6.10885664904782e-05,1,1,1
1910,1.0,dev,0.9995197026947897,0.000480297305210199,1,1,1
1911,1.0,train,0.996461913522631,0.0035380864773690195,1,1,1
1912,0.0,train,0.6442250928250376,0.3557749071749625,1,1,1
1913,1.0,train,0.9632305370909698,0.03676946290903007,1,1,1
1914,1.0,dev,0.4882833952958347,0.5117166047041654,0,1,1
1915,1.0,dev,0.9999973157997994,2.684200200573302e-06,1,1,1
1916,1.0,test,0.9999979419516877,2.058048312264819e-06,1,1,1
1917,0.0,train,0.15203224162217424,0.8479677583778257,0,1,1
1918,1.0,dev,0.00034062932773341,0.9996593706722667,0,1,1
1919,0.0,test,0.0004442183589214343,0.9995557816410785,0,1,1
1920,0.0,test,7.411276779770767e-06,0.9999925887232202,0,1,1
1921,1.0,test,0.9998601779785165,0.00013982202148362047,1,1,1
1922,1.0,train,0.9986541396187308,0.0013458603812692008,1,1,1
1923,1.0,train,0.9997305207802096,0.0002694792197903868,1,1,1
1924,1.0,train,0.9999843104438432,1.5689556156920493e-05,1,1,1
1925,0.0,train,0.055005291391686174,0.9449947086083138,0,1,1
1926,0.0,train,0.6370307944803831,0.3629692055196168,1,1,1
1927,1.0,train,0.12592277467581975,0.8740772253241802,0,1,1
1928,0.0,train,0.0025909787482923346,0.9974090212517077,0,1,1
1929,0.0,train,0.00734582722642066,0.9926541727735793,0,1,1
1930,0.0,train,0.0001420235979096536,0.9998579764020903,0,1,1
1931,0.0,train,0.9987156915883911,0.001284308411608833,1,1,1
1932,1.0,train,0.9869795081627094,0.013020491837290565,1,1,1
1933,1.0,train,0.9938070095211554,0.00619299047884453,1,1,1
1934,0.0,train,0.08269734041427963,0.9173026595857203,0,1,1
1935,0.0,train,0.008577484399966718,0.9914225156000332,0,1,1
1936,1.0,train,0.021615330871859347,0.9783846691281407,0,1,1
1937,1.0,train,0.9997040428291726,0.00029595717082747544,1,1,1
1938,0.0,test,0.002287228013922629,0.9977127719860772,0,1,1
1939,0.0,train,0.042087731520181665,0.9579122684798184,0,1,1
1940,0.0,train,0.0026316742095553723,0.9973683257904447,0,1,1
1941,1.0,train,0.9998176454450309,0.00018235455496903397,1,1,1
1942,0.0,train,0.00023782197269475253,0.9997621780273052,0,1,1
1943,0.0,train,0.0014103581608366353,0.9985896418391634,0,1,1
1944,1.0,train,0.9999165037600731,8.349623992692605e-05,1,1,1
1945,1.0,train,0.999951674363613,4.8325636387072084e-05,1,1,1
1946,0.0,test,3.3737214710600826e-05,0.9999662627852893,0,1,1
1947,1.0,train,0.9999982396569507,1.7603430493980444e-06,1,1,1
1948,1.0,test,0.9999852610125349,1.4738987465113682e-05,1,1,1
1949,1.0,train,0.99938337015734,0.0006166298426600117,1,1,1
1950,1.0,train,0.9997468436127636,0.00025315638723640244,1,1,1
1951,0.0,train,0.5544704796847396,0.44552952031526044,1,1,1
1952,0.0,train,0.09009299151886935,0.9099070084811307,0,1,1
1953,0.0,train,8.530323840122163e-06,0.9999914696761599,0,1,1
1954,0.0,train,0.734119521083126,0.26588047891687405,1,1,1
1955,0.0,test,0.04468086518426274,0.9553191348157372,0,1,1
1956,0.0,train,2.457994180528696e-07,0.9999997542005818,0,1,1
1957,1.0,test,0.9854964182852541,0.014503581714745913,1,1,1
1958,1.0,train,0.9999996133032548,3.866967452321785e-07,1,1,1
1959,1.0,train,0.9886682487223668,0.011331751277633226,1,1,1
1960,1.0,train,0.9711290959782383,0.028870904021761654,1,1,1
1961,1.0,train,0.9999962733612849,3.7266387149933855e-06,1,1,1
1962,0.0,train,1.6280521293267618e-06,0.9999983719478707,0,1,1
1963,0.0,train,0.18010666848732088,0.8198933315126791,0,1,1
1964,0.0,train,8.801099330628952e-06,0.9999911989006693,0,1,1
1965,0.0,test,1.5936626896334324e-05,0.9999840633731036,0,1,1
1966,0.0,train,0.03904829496280274,0.9609517050371972,0,1,1
1967,0.0,train,0.2974699426047947,0.7025300573952054,0,1,1
1968,1.0,train,0.3451052709578724,0.6548947290421275,0,1,1
1969,1.0,test,0.9992206339824079,0.0007793660175921908,1,1,1
1970,1.0,train,0.9995121428190888,0.000487857180910998,1,1,1
1971,1.0,train,0.9997219689822786,0.00027803101772134103,1,1,1
1972,1.0,dev,0.23651622568252118,0.7634837743174788,0,1,1
1973,1.0,train,0.9999983719490777,1.6280509224007806e-06,1,1,1
1974,1.0,train,0.9539661021814281,0.04603389781857185,1,1,1
1975,0.0,train,3.466324971465604e-07,0.9999996533675028,0,1,1
1976,1.0,train,0.9999975560069906,2.4439930094713914e-06,1,1,1
1977,1.0,train,0.754914997895581,0.24508500210441886,1,1,1
1978,0.0,train,0.8418256393148981,0.15817436068510185,1,1,1
1979,0.0,train,0.9998557402010697,0.00014425979893025714,1,1,1
1980,1.0,train,0.9999673007368096,3.2699263190281844e-05,1,1,1
1981,1.0,test,0.9999955745098394,4.425490160489479e-06,1,1,1
1982,1.0,train,0.35220178204788966,0.6477982179521103,0,1,1
1983,0.0,train,0.9952448010069407,0.0047551989930594025,1,1,1
1984,1.0,train,0.9999816571134369,1.834288656308453e-05,1,1,1
1985,0.0,train,0.46879062662624377,0.5312093733737563,0,1,1
1986,0.0,test,0.00014653125897652,0.9998534687410234,0,1,1
1987,1.0,dev,0.9793540674530015,0.020645932546998456,1,1,1
1988,1.0,train,0.9964063966715899,0.00359360332841002,1,1,1
1989,1.0,train,0.992062004490436,0.007937995509564023,1,1,1
1990,0.0,train,0.01168725971687792,0.9883127402831221,0,1,1
1991,1.0,train,0.9943580920015566,0.0056419079984433695,1,1,1
1992,0.0,train,0.00013341996320151485,0.9998665800367984,0,1,1
1993,1.0,train,0.9997346976369346,0.00026530236306536193,1,1,1
1994,0.0,train,0.1052105254805718,0.8947894745194281,0,1,1
1995,0.0,train,0.6654105720171531,0.33458942798284697,1,1,1
1996,1.0,train,0.9999580136833174,4.198631668268545e-05,1,1,1
1997,1.0,train,0.998774432524257,0.001225567475743047,1,1,1
1998,1.0,train,0.9609517100694939,0.039048289930506117,1,1,1
1999,1.0,train,0.9999964991470722,3.5008529276532782e-06,1,1,1
2000,0.0,train,6.205050341954444e-05,0.9999379494965805,0,1,1
2001,1.0,train,0.9999580136961425,4.198630385750601e-05,1,1,1
2002,0.0,train,0.0003053488229439357,0.999694651177056,0,1,1
2003,1.0,train,0.760650658103136,0.23934934189686402,1,1,1
2004,0.0,train,0.002323162177257344,0.9976768378227426,0,1,1
