index,label,split,p_yes,p_no,pred_yes,saw_yes,saw_no
0,1.0,train,0.9999873930539009,1.2606946099059487e-05,1,1,1
1,0.0,train,0.07263670134203021,0.9273632986579697,0,1,1
2,0.0,train,1.3631349148315784e-05,0.9999863686508517,0,1,1
3,1.0,train,0.44939263446475963,0.5506073655352404,0,1,1
4,0.0,dev,0.0008167382505918356,0.9991832617494082,0,1,1
5,1.0,train,0.9998286918818566,0.00017130811814336416,1,1,1
6,1.0,train,0.9998804013952207,0.00011959860477940278,1,1,1
7,1.0,train,0.9999885212303337,1.1478769666485551e-05,1,1,1
8,0.0,train,0.9997131458812901,0.0002868541187099438,1,1,1
9,1.0,train,0.5813030906443133,0.41869690935568665,1,1,1
10,0.0,dev,0.28140560742914383,0.7185943925708561,0,1,1
11,1.0,dev,0.8397339556397749,0.160266044360225,1,1,1
12,0.0,train,6.375547018546547e-07,0.9999993624452982,0,1,1
13,1.0,train,0.011331754866904317,0.9886682451330956,0,1,1
14,1.0,train,0.9999993723296333,6.276703666351121e-07,1,1,1
15,0.0,train,0.0021827162506210893,0.9978172837493791,0,1,1
16,0.0,train,0.014063626630011202,0.9859363733699887,0,1,1
17,1.0,train,0.963779946735886,0.036220053264113976,1,1,1
18,0.0,dev,0.012624951510580417,0.9873750484894195,0,1,1
19,1.0,train,0.7310585786300049,0.2689414213699951,1,1,1
20,1.0,train,0.9998623454042532,0.00013765459574677306,1,1,1
21,0.0,test,5.805003335073609e-07,0.9999994194996665,0,1,1
22,0.0,train,0.996876350657737,0.0031236493422629663,1,1,1
23,0.0,train,3.705295431245581e-05,0.9999629470456876,0,1,1
24,1.0,train,0.9996200155305287,0.0003799844694713956,1,1,1
25,0.0,dev,0.1023047188406505,0.8976952811593496,0,1,1
26,0.0,train,0.0007208381117498628,0.9992791618882502,0,1,1
27,0.0,train,7.453769708679428e-07,0.9999992546230292,0,1,1
28,1.0,train,0.999889388441171,0.00011061155882901747,1,1,1
29,1.0,train,0.46490157137338844,0.5350984286266115,0,1,1
30,0.0,train,0.003222484706914606,0.9967775152930853,0,1,1
31,0.0,train,0.0006361911351551085,0.9993638088648449,0,1,1
32,0.0,train,0.021948249556477735,0.9780517504435221,0,1,1
33,1.0,train,0.9999830355732999,1.6964426700132356e-05,1,1,1
34,0.0,train,2.2827990389770967e-05,0.9999771720096101,0,1,1
35,0.0,train,0.6370307806984444,0.36296921930155557,1,1,1
36,0.0,train,0.0002824081621335668,0.9997175918378663,0,1,1
37,1.0,train,0.9978842962218899,0.0021157037781099892,1,1,1
38,1.0,train,0.005301895498086323,0.9946981045019136,0,1,1
39,0.0,train,0.0001971694807117188,0.9998028305192882,0,1,1
40,0.0,train,1.2482709694012944e-06,0.9999987517290306,0,1,1
41,0.0,train,0.02297736991002561,0.9770226300899744,0,1,1
42,0.0,train,0.9990746149480317,0.0009253850519682007,1,1,1
43,1.0,train,0.9999994956526933,5.043473067441256e-07,1,1,1
44,0.0,dev,0.8688267796346598,0.1311732203653401,1,1,1
45,1.0,train,0.9999138534969709,8.614650302913228e-05,1,1,1
46,0.0,train,0.0015978452563002719,0.9984021547436998,0,1,1
47,1.0,train,0.9981613350541599,0.0018386649458402141,1,1,1
48,0.0,train,0.00036829803573698626,0.9996317019642631,0,1,1
49,1.0,dev,0.9999957106674174,4.289332582611029e-06,1,1,1
50,1.0,dev,0.0007208380044140493,0.999279161995586,0,1,1
51,1.0,dev,0.23370635691404026,0.7662936430859597,0,1,1
52,0.0,train,0.00045121057001396746,0.9995487894299859,0,1,1
53,0.0,train,0.00014653129390717956,0.9998534687060929,0,1,1
54,0.0,train,2.2827990389770967e-05,0.9999771720096101,0,1,1
55,0.0,train,3.3405391543507076e-06,0.9999966594608457,0,1,1
56,1.0,train,0.9950177311560393,0.0049822688439607864,1,1,1
57,1.0,train,0.9999778743325527,2.2125667447248338e-05,1,1,1
58,1.0,train,0.9990149916519333,0.0009850083480666548,1,1,1
59,0.0,train,0.00012931559330519164,0.9998706844066947,0,1,1
60,0.0,train,0.24798743735585302,0.752012562644147,0,1,1
61,1.0,train,0.9999990278449392,9.721550607679273e-07,1,1,1
62,0.0,train,0.08151975374329136,0.9184802462567085,0,1,1
63,1.0,train,0.9999996892804772,3.1071952275261115e-07,1,1,1
64,1.0,train,0.9998644791962036,0.0001355208037963595,1,1,1
65,0.0,train,6.108853645273164e-05,0.9999389114635472,0,1,1
66,0.0,train,0.000743702885923958,0.9992562971140759,0,1,1
67,1.0,train,0.9999886991962974,1.1300803702620296e-05,1,1,1
68,1.0,test,0.9999524235542504,4.757644574964883e-05,1,1,1
69,1.0,train,0.4455295350395727,0.5544704649604273,0,1,1
70,1.0,train,0.9873750525759486,0.012624947424051363,1,1,1
71,1.0,train,0.9978842964735679,0.0021157035264320646,1,1,1
72,1.0,train,0.8757869981319862,0.1242130018680137,1,1,1
73,0.0,train,0.002981032464124334,0.9970189675358757,0,1,1
74,0.0,train,0.08269734719655744,0.9173026528034426,0,1,1
75,0.0,train,2.2827999914135337e-05,0.999977172000086,0,1,1
76,1.0,train,0.28457599208146817,0.7154240079185319,0,1,1
77,0.0,train,0.9999904837458244,9.51625417570148e-06,1,1,1
78,1.0,train,0.9996079581552862,0.0003920418447137146,1,1,1
79,1.0,train,0.9999997796668857,2.2033311428356184e-07,1,1,1
80,0.0,dev,0.9532750387190131,0.04672496128098689,1,1,1
81,0.0,dev,0.0023967311551567855,0.9976032688448433,0,1,1
82,0.0,train,1.602810987828144e-06,0.9999983971890123,0,1,1
83,0.0,train,6.339213426730268e-06,0.9999936607865731,0,1,1
84,1.0,train,0.9999329077300118,6.709226998814546e-05,1,1,1
85,1.0,train,0.004982268696217389,0.9950177313037827,0,1,1
86,1.0,train,0.996461914363192,0.0035380856368081057,1,1,1
87,1.0,train,0.9777138164089086,0.02228618359109144,1,1,1
88,0.0,train,0.9863631619124993,0.013636838087500729,1,1,1
89,1.0,dev,0.9390248242542283,0.06097517574577167,1,1,1
90,0.0,train,0.6076631840431539,0.39233681595684605,1,1,1
91,0.0,train,0.0003982129957127732,0.9996017870042871,0,1,1
92,0.0,dev,0.13477592089824647,0.8652240791017536,0,1,1
93,1.0,test,0.9999995686086764,4.313913236266985e-07,1,1,1
94,1.0,train,0.9998118579076769,0.00018814209232300295,1,1,1
95,0.0,train,0.00029137018221309677,0.9997086298177869,0,1,1
96,0.0,train,0.935346510742652,0.06465348925734803,1,1,1
97,1.0,train,0.9991704106263671,0.000829589373632928,1,1,1
98,0.0,train,0.5926665999540697,0.4073334000459302,1,1,1
99,1.0,train,0.9883127401110037,0.011687259888996281,1,1,1
100,0.0,train,0.000883045926665286,0.9991169540733348,0,1,1
101,1.0,train,0.02228618164295755,0.9777138183570424,0,1,1
102,0.0,train,0.2974699426047947,0.7025300573952054,0,1,1
103,0.0,train,4.181187231316626e-07,0.9999995818812769,0,1,1
104,0.0,train,0.0032224844197304733,0.9967775155802696,0,1,1
105,0.0,train,0.8354835411997897,0.16451645880021026,1,1,1
106,1.0,train,0.9999865799819958,1.3420018004133932e-05,1,1,1
107,1.0,train,0.9999919864981534,8.013501846732369e-06,1,1,1
108,1.0,train,0.9932024699586651,0.006797530041334786,1,1,1
109,0.0,train,1.0953127391445242e-05,0.9999890468726086,0,1,1
110,0.0,dev,0.0001398220589815704,0.9998601779410186,0,1,1
111,1.0,train,0.0067975301419373494,0.9932024698580627,0,1,1
112,1.0,train,0.9970189672258567,0.002981032774143327,1,1,1
113,1.0,train,0.9999885212346097,1.1478765390360506e-05,1,1,1
114,0.0,train,0.668880247169804,0.331119752830196,1,1,1
115,0.0,train,0.001987774035016325,0.9980122259649836,0,1,1
116,1.0,dev,0.9944450764487192,0.005554923551280935,1,1,1
117,1.0,dev,0.9999973574150061,2.6425849939154245e-06,1,1,1
118,0.0,train,9.666112860968374e-06,0.999990333887139,0,1,1
119,0.0,train,0.12085322615761271,0.8791467738423874,0,1,1
120,1.0,test,0.9777138157595305,0.02228618424046944,1,1,1
121,1.0,train,0.9999239752242076,7.602477579240791e-05,1,1,1
122,1.0,train,0.9960545932812367,0.003945406718763242,1,1,1
123,0.0,train,7.722195516012533e-05,0.9999227780448399,0,1,1
124,0.0,train,0.00011591939154605351,0.9998840806084539,0,1,1
125,1.0,train,0.9992562970808547,0.0007437029191453433,1,1,1
126,0.0,train,0.03161876818116342,0.9683812318188365,0,1,1
127,0.0,train,1.3081761198307893e-06,0.9999986918238801,0,1,1
128,0.0,train,0.06371499425196533,0.9362850057480346,0,1,1
129,1.0,train,0.21469140906295778,0.7853085909370422,0,1,1
130,1.0,train,0.9999997424045859,2.5759541416591127e-07,1,1,1
131,1.0,train,0.999999783082758,2.1691724185883236e-07,1,1,1
132,1.0,train,0.025178840237613784,0.9748211597623863,0,1,1
133,0.0,train,3.059022269256247e-07,0.999999694097773,0,1,1
134,1.0,train,0.9992791618077482,0.0007208381922517333,1,1,1
135,0.0,train,6.179395494436847e-07,0.9999993820604506,0,1,1
136,0.0,train,0.035144843369031196,0.9648551566309689,0,1,1
137,1.0,train,0.9936116790902788,0.0063883209097212856,1,1,1
138,1.0,train,0.9046505325302034,0.0953494674697966,1,1,1
139,1.0,train,0.9999586645963797,4.1335403620170404e-05,1,1,1
140,1.0,train,0.727975460709318,0.2720245392906821,1,1,1
141,0.0,train,7.031184266914957e-05,0.9999296881573309,0,1,1
142,0.0,train,0.006488268732157735,0.9935117312678422,0,1,1
143,1.0,dev,0.9941800413641546,0.005819958635845411,1,1,1
144,0.0,train,0.0005033354854947068,0.9994966645145053,0,1,1
145,0.0,train,0.013848608994549217,0.9861513910054509,0,1,1
146,0.0,dev,0.016403032996992927,0.983596967003007,0,1,1
147,0.0,train,0.2658804672827598,0.7341195327172402,0,1,1
148,1.0,train,0.8558511579973932,0.14414884200260686,1,1,1
149,0.0,train,2.1233789686856323e-06,0.9999978766210312,0,1,1
150,0.0,test,0.0005614785120044767,0.9994385214879955,0,1,1
151,0.0,dev,0.712232184238947,0.2877678157610531,1,1,1
152,1.0,train,0.04603389978171546,0.9539661002182845,0,1,1
153,0.0,train,9.22347285890063e-06,0.9999907765271412,0,1,1
154,0.0,train,2.994439731997379e-06,0.9999970055602679,0,1,1
155,0.0,train,1.5936627371275256e-05,0.9999840633726287,0,1,1
156,1.0,train,0.9999987517294585,1.2482705415861025e-06,1,1,1
157,0.0,train,0.00012339453921632562,0.9998766054607836,0,1,1
158,1.0,train,0.8244619306896956,0.17553806931030444,1,1,1
159,1.0,train,0.9999398585001454,6.014149985450694e-05,1,1,1
160,1.0,train,0.9994296843014151,0.0005703156985848165,1,1,1
161,1.0,train,0.9950945940760648,0.004905405923935064,1,1,1
162,1.0,train,0.9998557401279926,0.00014425987200744164,1,1,1
163,0.0,train,0.32423541204073586,0.6757645879592642,0,1,1
164,1.0,train,0.999496664364575,0.00050333563542489,1,1,1
165,0.0,dev,0.022629200033037256,0.9773707999669629,0,1,1
166,1.0,test,0.992767236196521,0.007232763803479049,1,1,1
167,0.0,train,5.453297779648645e-07,0.9999994546702221,0,1,1
168,,,1.2952728344009372e-07,0.9999998704727165,0,1,1
169,0.0,train,5.2252293318397085e-05,0.9999477477066817,0,1,1
170,0.0,train,0.01384861062256972,0.9861513893774304,0,1,1
171,1.0,train,0.9999531610962087,4.683890379131867e-05,1,1,1
172,1.0,train,0.9996200155163784,0.00037998448362154145,1,1,1
173,0.0,train,2.5867435706692298e-05,0.9999741325642933,0,1,1
174,1.0,train,0.0046095724528596406,0.9953904275471404,0,1,1
175,0.0,train,2.994441338335649e-06,0.9999970055586617,0,1,1
176,0.0,test,0.020964236536333204,0.9790357634636668,0,1,1
177,0.0,train,0.006589770492502679,0.9934102295074974,0,1,1
178,1.0,dev,0.9799765557865638,0.02002344421343627,1,1,1
179,0.0,train,0.0006563729106290505,0.999343627089371,0,1,1
180,1.0,train,0.10374862686637971,0.8962513731336202,0,1,1
181,1.0,train,0.9678992960608886,0.03210070393911135,1,1,1
182,1.0,train,0.9999838124156695,1.618758433066986e-05,1,1,1
183,0.0,test,0.5078118642792044,0.49218813572079556,1,1,1
184,1.0,train,0.0007554055427461894,0.9992445944572537,0,1,1
185,1.0,train,0.9399133523506772,0.0600866476493228,1,1,1
186,1.0,train,0.002844910256785529,0.9971550897432143,0,1,1
187,1.0,train,0.23934933647101647,0.7606506635289836,0,1,1
188,1.0,train,0.06656918897050168,0.9334308110294983,0,1,1
189,1.0,train,0.9989515306313933,0.0010484693686067016,1,1,1
190,0.0,train,0.22270012850745968,0.7772998714925403,0,1,1
191,1.0,dev,0.9999994373599376,5.626400624210146e-07,1,1,1
192,1.0,train,0.28457600421652673,0.7154239957834733,0,1,1
193,1.0,train,0.9999995752968932,4.24703106827489e-07,1,1,1
194,1.0,train,0.6619228758499942,0.33807712415000585,1,1,1
195,0.0,train,0.0037072534247620144,0.996292746575238,0,1,1
196,0.0,dev,7.1419009742363e-05,0.9999285809902577,0,1,1
197,1.0,train,0.9603611637352871,0.03963883626471278,1,1,1
198,1.0,train,0.9999838124160312,1.6187583968855015e-05,1,1,1
199,1.0,test,0.8397339716830606,0.16026602831693945,1,1,1
200,1.0,dev,0.9702399060540357,0.029760093945964218,1,1,1
201,1.0,test,0.2720245510940225,0.7279754489059775,0,1,1
202,1.0,train,0.8918110511888303,0.10818894881116972,1,1,1
203,1.0,train,0.9219218412907381,0.07807815870926198,1,1,1
204,0.0,dev,0.046033902399240385,0.9539660976007597,0,1,1
205,1.0,dev,0.5736783928749127,0.4263216071250873,1,1,1
206,0.0,train,6.854320275731591e-06,0.9999931456797242,0,1,1
207,0.0,train,0.6224593171945417,0.3775406828054583,1,1,1
208,0.0,train,7.646536438589995e-06,0.9999923534635614,0,1,1
209,1.0,train,0.9999994460827717,5.539172282688166e-07,1,1,1
210,1.0,test,0.999990181673821,9.818326178991035e-06,1,1,1
211,1.0,train,0.99990685405292,9.314594707999135e-05,1,1,1
212,1.0,train,0.0026316742095553723,0.9973683257904447,0,1,1
213,0.0,train,0.9124361676202372,0.08756383237976291,1,1,1
214,1.0,train,0.45713671682749485,0.5428632831725052,0,1,1
215,0.0,train,0.00014202368255031717,0.9998579763174497,0,1,1
216,1.0,train,0.999999746398054,2.5360194605924425e-07,1,1,1
217,1.0,test,0.9899864281950695,0.010013571804930541,1,1,1
218,1.0,train,0.7718434978390747,0.22815650216092537,1,1,1
219,1.0,train,0.9518632302488963,0.04813676975110367,1,1,1
220,1.0,train,0.9984512392513508,0.0015487607486490804,1,1,1
221,0.0,train,6.92218175420551e-05,0.999930778182458,0,1,1
222,0.0,train,1.267928880960834e-06,0.999998732071119,0,1,1
223,0.0,train,4.0525461593937263e-07,0.999999594745384,0,1,1
224,0.0,train,0.0004728545190332988,0.9995271454809667,0,1,1
225,0.0,train,0.0008295889907337348,0.9991704110092663,0,1,1
226,1.0,train,0.9998927912454019,0.00010720875459804282,1,1,1
227,1.0,train,0.9999998257020732,1.7429792671440007e-07,1,1,1
228,0.0,train,0.11596070908851643,0.8840392909114835,0,1,1
229,0.0,train,0.12765263195921103,0.872347368040789,0,1,1
230,1.0,train,0.6791786861878392,0.3208213138121609,1,1,1
231,1.0,dev,0.9399133557169234,0.06008664428307651,1,1,1
232,1.0,train,0.9999407908171807,5.920918281930147e-05,1,1,1
233,0.0,train,5.368749399363168e-07,0.9999994631250599,0,1,1
234,0.0,train,0.00030534884113858694,0.9996946511588615,0,1,1
235,0.0,train,0.018833127687632744,0.9811668723123673,0,1,1
236,1.0,train,0.9993332977453605,0.0006667022546395084,1,1,1
237,0.0,train,0.9252299519377654,0.07477004806223472,1,1,1
238,1.0,dev,0.9999962733619235,3.726638076386512e-06,1,1,1
239,1.0,train,0.9793540683568916,0.020645931643108434,1,1,1
240,1.0,train,0.9697854111860905,0.030214588813909402,1,1,1
241,0.0,train,0.010169659853853263,0.9898303401461468,0,1,1
242,0.0,train,2.2827991750394204e-05,0.9999771720082495,0,1,1
243,1.0,train,0.9999997830828471,2.1691715297010327e-07,1,1,1
244,0.0,train,0.0006771941725336887,0.9993228058274664,0,1,1
245,1.0,train,0.9999082980295816,9.1701970418291e-05,1,1,1
246,1.0,train,0.0012255677402230284,0.998774432259777,0,1,1
247,1.0,train,0.0008167382749126527,0.9991832617250874,0,1,1
248,0.0,train,0.0001293156780801653,0.9998706843219198,0,1,1
249,1.0,train,0.9934102298489157,0.006589770151084169,1,1,1
250,1.0,train,0.9998028306544121,0.00019716934558791882,1,1,1
251,1.0,train,0.16451644651115205,0.835483553488848,0,1,1
252,1.0,train,0.7154240079185319,0.28457599208146817,1,1,1
253,1.0,train,0.9693241947446616,0.030675805255338313,1,1,1
254,0.0,train,0.9184802417938533,0.08151975820614654,1,1,1
255,0.0,test,0.0013670256456563563,0.9986329743543437,0,1,1
256,0.0,train,0.05033063544642759,0.9496693645535725,0,1,1
257,1.0,train,0.9999968618535972,3.138146402861875e-06,1,1,1
258,1.0,train,0.47657965106367595,0.523420348936324,0,1,1
259,1.0,test,0.9683812331876134,0.03161876681238652,1,1,1
260,0.0,train,0.0004655270574252829,0.9995344729425748,0,1,1
261,1.0,train,0.6992544335934766,0.30074556640652345,1,1,1
262,0.0,train,3.2377609373105835e-06,0.9999967622390626,0,1,1
263,1.0,train,0.9999913353442377,8.664655762434877e-06,1,1,1
264,1.0,train,0.999999853226476,1.4677352405298928e-07,1,1,1
265,1.0,test,0.9999988634361073,1.136563892730956e-06,1,1,1
266,0.0,train,0.013428256321245734,0.9865717436787542,0,1,1
267,1.0,test,0.9875683507933021,0.012431649206697853,1,1,1
268,0.0,train,0.9399133447766225,0.06008665522337757,1,1,1
269,1.0,train,0.9999925887205147,7.411279485448643e-06,1,1,1
270,1.0,train,0.02758527743022562,0.9724147225697745,0,1,1
271,1.0,train,0.8354835411997897,0.16451645880021026,1,1,1
272,1.0,test,0.9865717424942962,0.013428257505703766,1,1,1
273,0.0,train,0.005911067980632537,0.9940889320193674,0,1,1
274,0.0,train,7.843789122138342e-05,0.9999215621087787,0,1,1
275,0.0,test,0.006097563185949397,0.9939024368140505,0,1,1
276,0.0,train,0.00359360332841002,0.9964063966715899,0,1,1
277,1.0,train,0.9999683067356534,3.1693264346472286e-05,1,1,1
278,1.0,train,0.9525741315347259,0.04742586846527418,1,1,1
279,1.0,train,0.00871138265620079,0.9912886173437991,0,1,1
280,1.0,train,0.9715639686018701,0.028436031398129846,1,1,1
281,0.0,train,4.356881281913331e-06,0.9999956431187181,0,1,1
282,1.0,train,0.9895109107506443,0.010489089249355628,1,1,1
283,1.0,train,0.9943580907476066,0.005641909252393404,1,1,1
284,0.0,train,4.965280231021106e-07,0.999999503471977,0,1,1
285,0.0,train,0.00038596599859481474,0.9996140340014051,0,1,1
286,1.0,test,0.9999997726726754,2.273273245992882e-07,1,1,1
287,1.0,train,0.9999995752969534,4.247030467061091e-07,1,1,1
288,0.0,test,0.1943678016853152,0.8056321983146848,0,1,1
289,0.0,train,0.6926419958239132,0.30735800417608683,1,1,1
290,1.0,train,0.9933071497196295,0.006692850280370419,1,1,1
291,0.0,dev,7.811486565575527e-07,0.9999992188513434,0,1,1
292,0.0,train,0.8933094174159129,0.1066905825840872,1,1,1
293,0.0,train,3.6119819848257917e-06,0.9999963880180152,0,1,1
294,1.0,train,0.9993736658325633,0.0006263341674366807,1,1,1
295,0.0,train,0.001501181899364581,0.9984988181006353,0,1,1
296,0.0,train,0.0026316735837666385,0.9973683264162333,0,1,1
297,1.0,train,0.9999995335550229,4.6644497711645013e-07,1,1,1
298,1.0,train,0.9999981837768723,1.8162231277687633e-06,1,1,1
299,1.0,train,0.9999969584033516,3.0415966485138393e-06,1,1,1
300,0.0,train,1.64424965199205e-05,0.9999835575034801,0,1,1
301,0.0,train,4.157363761324577e-06,0.9999958426362388,0,1,1
302,0.0,train,0.04401865111705817,0.955981348882942,0,1,1
303,1.0,dev,0.9999640869877151,3.5913012284878464e-05,1,1,1
304,0.0,dev,2.355261362969508e-05,0.9999764473863704,0,1,1
305,0.0,train,0.665410558746814,0.33458944125318596,1,1,1
306,0.0,train,5.25539367098677e-06,0.999994744606329,0,1,1
307,0.0,test,1.2289184188248387e-06,0.9999987710815811,0,1,1
308,1.0,train,0.9895109078121006,0.010489092187899248,1,1,1
309,0.0,train,0.00013342005066681697,0.9998665799493331,0,1,1
310,0.0,dev,0.0007672922757614296,0.9992327077242386,0,1,1
311,0.0,train,1.1911087610118365e-06,0.9999988088912389,0,1,1
312,0.0,train,7.112438681128161e-07,0.9999992887561318,0,1,1
313,1.0,train,0.9939964050037396,0.006003594996260369,1,1,1
314,1.0,train,0.9999640869893204,3.59130106794994e-05,1,1,1
315,1.0,train,0.9999835574994987,1.6442500501305253e-05,1,1,1
316,1.0,dev,0.00048785706465354084,0.9995121429353465,0,1,1
317,1.0,train,0.9994806952283157,0.0005193047716842115,1,1,1
318,1.0,train,0.999997517519935,2.4824800649094657e-06,1,1,1
319,1.0,dev,0.9999984220377016,1.5779622984867312e-06,1,1,1
320,0.0,train,0.9981324343415413,0.00186756565845862,1,1,1
321,1.0,train,0.9990600559374271,0.0009399440625730458,1,1,1
322,1.0,train,0.7981867825403176,0.2018132174596823,1,1,1
323,1.0,train,0.9744347849630935,0.025565215036906428,1,1,1
324,0.0,train,0.0001420235979096536,0.9998579764020903,0,1,1
325,1.0,train,0.9992206339882099,0.000779366011789987,1,1,1
326,1.0,train,0.16026604837104663,0.8397339516289535,0,1,1
327,0.0,train,0.9907319858665524,0.009268014133447511,1,1,1
328,0.0,train,0.005819959929136718,0.9941800400708634,0,1,1
329,1.0,train,0.991554373058874,0.008445626941126032,1,1,1
330,0.0,train,0.0017821966404800037,0.99821780335952,0,1,1
331,1.0,dev,0.9999996843873055,3.156126946134625e-07,1,1,1
332,0.0,train,0.9005297834483232,0.09947021655167665,1,1,1
333,0.0,train,1.0030137892855874e-06,0.9999989969862109,0,1,1
334,1.0,train,0.9999984220378955,1.5779621045009168e-06,1,1,1
335,0.0,train,3.5559839116473747e-06,0.9999964440160883,0,1,1
336,0.0,train,0.8128673359709796,0.18713266402902046,1,1,1
337,0.0,train,0.004070137232672753,0.9959298627673272,0,1,1
338,0.0,dev,5.014733477803274e-06,0.9999949852665222,0,1,1
339,1.0,train,0.06465349015847215,0.9353465098415279,0,1,1
340,1.0,train,0.9999801666271029,1.9833372897087647e-05,1,1,1
341,0.0,dev,0.5621764862150634,0.4378235137849365,1,1,1
342,0.0,train,8.3152817635282e-07,0.9999991684718237,0,1,1
343,1.0,train,0.06656918711865298,0.933430812881347,0,1,1
344,1.0,train,0.0005357803149221513,0.9994642196850779,0,1,1
345,1.0,train,0.05184546811478794,0.9481545318852121,0,1,1
346,1.0,test,0.9999911989013908,8.801098609329033e-06,1,1,1
347,0.0,train,2.0377483477747004e-07,0.9999997962251652,0,1,1
348,0.0,train,2.1233778296191144e-06,0.9999978766221703,0,1,1
349,1.0,train,0.9481545377452444,0.05184546225475575,1,1,1
350,1.0,train,0.9372107878954106,0.06278921210458951,1,1,1
351,1.0,train,0.9579122690805788,0.042087730919421175,1,1,1
352,1.0,train,0.9999994194998482,5.805001518547849e-07,1,1,1
353,1.0,train,0.9975656175210661,0.002434382478933917,1,1,1
354,0.0,train,0.9525741221101401,0.04742587788985982,1,1,1
355,1.0,train,0.9998534687639468,0.00014653123605327926,1,1,1
356,1.0,train,0.3451052709578724,0.6548947290421275,0,1,1
357,1.0,dev,0.009412590976993115,0.990587409023007,0,1,1
358,1.0,train,0.9999994284997851,5.715002149723515e-07,1,1,1
359,0.0,dev,0.992767236196521,0.007232763803479049,1,1,1
360,1.0,train,0.9999996367321761,3.632678239959709e-07,1,1,1
361,1.0,train,0.9059898178450964,0.09401018215490362,1,1,1
362,0.0,test,0.0953494648991095,0.9046505351008906,0,1,1
363,0.0,train,1.6442491619755982e-05,0.9999835575083802,0,1,1
364,1.0,train,0.9161096204605947,0.08389037953940537,1,1,1
365,0.0,train,0.6297745935070806,0.3702254064929193,1,1,1
366,0.0,train,0.0015011820333792252,0.9984988179666208,0,1,1
367,0.0,test,0.585101139733739,0.41489886026626094,1,1,1
368,0.0,train,0.03410042473069496,0.9658995752693051,0,1,1
369,0.0,train,1.2219076020491005e-05,0.9999877809239794,0,1,1
370,0.0,dev,0.3007455914759599,0.6992544085240401,0,1,1
371,1.0,test,0.9998858775677966,0.00011412243220342458,1,1,1
372,1.0,train,0.45713671682749485,0.5428632831725052,0,1,1
373,1.0,train,0.9632305360354471,0.03676946396455293,1,1,1
374,0.0,test,0.0002653023452801725,0.9997346976547198,0,1,1
375,1.0,train,0.9996317020575257,0.0003682979424741964,1,1,1
376,0.0,train,0.8933093975331751,0.10669060246682488,1,1,1
377,,,6.786733790230488e-07,0.9999993213266211,0,1,1
378,0.0,train,1.3574340648973295e-07,0.9999998642565935,0,1,1
379,0.0,train,0.0005614786792441837,0.9994385213207558,0,1,1
380,0.0,train,5.8291260449797405e-05,0.9999417087395504,0,1,1
381,1.0,train,0.020964239594757614,0.9790357604052423,0,1,1
382,1.0,train,0.26284183737131667,0.7371581626286834,0,1,1
383,0.0,train,0.029760093945964218,0.9702399060540357,0,1,1
384,0.0,train,0.7401743505760728,0.25982564942392716,1,1,1
385,1.0,train,0.9998766053918401,0.00012339460815990856,1,1,1
386,0.0,train,0.04336579443666276,0.9566342055633373,0,1,1
387,1.0,train,0.9999996252008677,3.747991321666842e-07,1,1,1
388,1.0,test,0.9999838124153075,1.6187584692484715e-05,1,1,1
389,1.0,train,0.021615329926465247,0.9783846700735347,0,1,1
390,0.0,train,0.017176705993640892,0.9828232940063591,0,1,1
391,1.0,test,0.11124120356108877,0.8887587964389112,0,1,1
392,1.0,train,0.9984752132911641,0.0015247867088359842,1,1,1
393,0.0,test,0.3345894545235253,0.6654105454764747,0,1,1
394,0.0,train,3.6119830612765793e-06,0.9999963880169387,0,1,1
395,0.0,train,1.2482710438039514e-06,0.9999987517289562,0,1,1
396,1.0,dev,0.9999991420766474,8.579233526792044e-07,1,1,1
397,1.0,train,0.9999959070904136,4.092909586252797e-06,1,1,1
398,1.0,train,0.33458944125318596,0.665410558746814,0,1,1
399,1.0,train,0.999975699760162,2.4300239838047105e-05,1,1,1
400,1.0,train,0.9999203270275334,7.967297246657838e-05,1,1,1
401,1.0,train,0.9915543748682819,0.00844562513171807,1,1,1
402,0.0,train,4.495181578513687e-06,0.9999955048184215,0,1,1
403,1.0,train,0.9999989651466479,1.0348533522191077e-06,1,1,1
404,0.0,train,4.965281118882038e-07,0.9999995034718882,0,1,1
405,0.0,train,1.3709567165661007e-06,0.9999986290432835,0,1,1
406,1.0,test,0.9999936607925244,6.339207475687397e-06,1,1,1
407,0.0,dev,0.33458944125318596,0.665410558746814,0,1,1
408,1.0,test,0.9915543731836607,0.008445626816339263,1,1,1
409,1.0,train,0.9998557401494859,0.00014425985051414825,1,1,1
410,1.0,train,0.999999689280527,3.1071947297925236e-07,1,1,1
411,1.0,train,0.9999935609622488,6.43903775131839e-06,1,1,1
412,0.0,train,2.6425855058227262e-06,0.9999973574144942,0,1,1
413,0.0,train,0.4882833952958347,0.5117166047041654,0,1,1
414,0.0,train,7.571149413053982e-07,0.9999992428850587,0,1,1
415,0.0,train,0.23370636225126956,0.7662936377487304,0,1,1
416,1.0,train,0.9967269348105707,0.003273065189429388,1,1,1
417,0.0,train,0.001700722158438928,0.998299277841561,0,1,1
418,1.0,train,0.9999990577555254,9.422444745626783e-07,1,1,1
419,1.0,train,0.9919380075184122,0.008061992481587888,1,1,1
420,1.0,train,0.9999994714483922,5.285516077146629e-07,1,1,1
421,1.0,train,0.00028240809482123696,0.9997175919051787,0,1,1
422,1.0,train,0.9911526434143707,0.008847356585629365,1,1,1
423,1.0,test,0.9998746624941469,0.00012533750585297943,1,1,1
424,0.0,train,1.892515727008262e-05,0.99998107484273,0,1,1
425,1.0,dev,0.999983812415187,1.6187584813089664e-05,1,1,1
426,1.0,train,0.9343951607140233,0.0656048392859768,1,1,1
427,0.0,test,0.6076631840431539,0.39233681595684605,1,1,1
428,1.0,train,0.9857180681726683,0.01428193182733175,1,1,1
429,0.0,test,3.632677861041999e-07,0.999999636732214,0,1,1
430,0.0,train,0.0062899021368924835,0.9937100978631075,0,1,1
431,0.0,test,3.944259850625375e-05,0.9999605574014938,0,1,1
432,0.0,train,0.5039061705290805,0.4960938294709195,1,1,1
433,1.0,train,0.9999988273582499,1.1726417501136801e-06,1,1,1
434,0.0,test,0.9911526460930948,0.008847353906905274,1,1,1
435,0.0,dev,8.990958701181678e-07,0.9999991009041299,0,1,1
436,1.0,train,0.6261241772283034,0.37387582277169656,1,1,1
437,0.0,train,1.9947291270525487e-06,0.9999980052708729,0,1,1
438,0.0,train,0.8774767826757123,0.1225232173242878,1,1,1
439,0.0,train,0.0002571418878583024,0.9997428581121416,0,1,1
440,1.0,train,0.1066905911052601,0.89330940889474,0,1,1
441,0.0,train,0.00024536940743477255,0.9997546305925653,0,1,1
442,1.0,train,0.9993638088837928,0.0006361911162071977,1,1,1
443,0.0,train,0.5506073655352404,0.44939263446475963,1,1,1
444,1.0,dev,0.5813031051514762,0.41869689484852374,1,1,1
445,1.0,train,0.9999877809255272,1.2219074472843434e-05,1,1,1
446,0.0,train,0.0013458607217433976,0.9986541392782565,0,1,1
447,1.0,train,0.8267118026095992,0.17328819739040088,1,1,1
448,0.0,train,0.0017007222596374673,0.9982992777403624,0,1,1
449,1.0,train,0.9982178039427283,0.0017821960572717598,1,1,1
450,0.0,train,0.01168725524180138,0.9883127447581986,0,1,1
451,1.0,train,0.18242551491653522,0.8175744850834649,0,1,1
452,0.0,train,0.0003569706137681464,0.9996430293862318,0,1,1
453,1.0,train,0.9929882047222541,0.0070117952777458345,1,1,1
454,1.0,train,0.9994023307490559,0.0005976692509441725,1,1,1
455,1.0,train,0.41111088366237647,0.5888891163376235,0,1,1
456,1.0,dev,0.658417500561683,0.341582499438317,1,1,1
457,0.0,train,0.001867565755677859,0.9981324342443222,0,1,1
458,1.0,test,0.9999524235514148,4.7576448585291146e-05,1,1,1
459,1.0,train,0.8128673133042217,0.18713268669577832,1,1,1
460,1.0,train,0.0017007221078396608,0.9982992778921603,0,1,1
461,0.0,test,0.002323162522631283,0.9976768374773688,0,1,1
462,1.0,train,0.4378234991142019,0.5621765008857981,0,1,1
463,1.0,train,0.01322282447432591,0.9867771755256742,0,1,1
464,1.0,train,0.19193279569159502,0.808067204308405,0,1,1
465,0.0,train,0.3775406547908327,0.6224593452091672,0,1,1
466,0.0,train,8.939693107743785e-06,0.9999910603068923,0,1,1
467,0.0,train,0.20946969120038575,0.7905303087996142,0,1,1
468,1.0,train,0.9046505299595163,0.09534947004048376,1,1,1
469,1.0,train,0.00012339453921632562,0.9998766054607836,0,1,1
470,1.0,train,0.0002571420947176666,0.9997428579052823,0,1,1
471,1.0,train,0.0002492325839888973,0.9997507674160111,0,1,1
472,1.0,train,0.9999928167388776,7.183261122365489e-06,1,1,1
473,0.0,train,2.8130179870786637e-06,0.9999971869820129,0,1,1
474,1.0,train,0.7341195385342971,0.2658804614657029,1,1,1
475,0.0,train,0.000495536036128382,0.9995044639638717,0,1,1
476,0.0,train,2.0904584748970465e-06,0.9999979095415252,0,1,1
477,1.0,train,0.9998058867228476,0.000194113277152434,1,1,1
478,1.0,train,0.9999897104882778,1.0289511722173383e-05,1,1,1
479,0.0,train,1.0511497513921404e-06,0.9999989488502485,0,1,1
480,1.0,train,0.9999987517295607,1.248270439282491e-06,1,1,1
481,0.0,train,0.38861804086755836,0.6113819591324418,0,1,1
482,0.0,train,2.5867427997796273e-05,0.9999741325720022,0,1,1
483,1.0,train,0.8267117898012104,0.17328821019878954,1,1,1
484,1.0,train,0.9848109536438792,0.015189046356120893,1,1,1
485,1.0,test,0.6513548511303336,0.3486451488696663,1,1,1
486,0.0,test,0.002934951919137068,0.9970650480808628,0,1,1
487,1.0,train,0.9099070060380482,0.09009299396195182,1,1,1
488,1.0,train,0.9985896412200663,0.001410358779933631,1,1,1
489,1.0,dev,0.9999635214693905,3.647853060961533e-05,1,1,1
490,1.0,dev,0.9971104193900965,0.002889580609903576,1,1,1
491,0.0,train,0.8688267864276108,0.13117321357238923,1,1,1
492,1.0,dev,0.0012255673024630903,0.9987744326975369,0,1,1
493,0.0,train,1.1659531704761169e-05,0.9999883404682953,0,1,1
494,1.0,train,0.9992445944122622,0.0007554055877378573,1,1,1
495,1.0,train,0.6619228758499942,0.33807712415000585,1,1,1
496,1.0,train,0.9891815507890149,0.010818449210985214,1,1,1
497,0.0,train,0.05582314270540302,0.9441768572945971,0,1,1
498,0.0,train,0.08151974704900901,0.9184802529509909,0,1,1
499,1.0,train,0.9975656174667858,0.002434382533214145,1,1,1
500,1.0,train,0.9992206339766055,0.0007793660233943946,1,1,1
501,0.0,train,5.064470445791274e-05,0.9999493552955421,0,1,1
502,1.0,train,0.999855740180651,0.0001442598193488785,1,1,1
503,1.0,train,0.9999469249047703,5.3075095229700254e-05,1,1,1
504,1.0,train,0.9920620055465537,0.007937994453446472,1,1,1
505,1.0,train,0.9925393554326314,0.007460644567368589,1,1,1
506,1.0,train,0.9473810518520669,0.05261894814793304,1,1,1
507,1.0,train,0.9999992065500342,7.934499659384097e-07,1,1,1
508,1.0,train,0.008577486427457372,0.9914225135725426,0,1,1
509,0.0,train,0.028870904439551107,0.9711290955604489,0,1,1
510,1.0,dev,0.9999982669491382,1.7330508617265829e-06,1,1,1
511,1.0,dev,0.9999951395513443,4.860448655790756e-06,1,1,1
512,1.0,test,0.5467381519846138,0.45326184801538616,1,1,1
513,0.0,train,0.05749327718546351,0.9425067228145364,0,1,1
514,0.0,train,0.600188359260205,0.3998116407397951,1,1,1
515,0.0,dev,1.4144759142733736e-06,0.9999985855240857,0,1,1
516,1.0,train,0.9999990278451493,9.72154850717685e-07,1,1,1
517,1.0,train,0.9991959138728158,0.000804086127184134,1,1,1
518,1.0,train,0.9999824970718638,1.750292813606255e-05,1,1,1
519,1.0,train,0.9865717440735736,0.013428255926426415,1,1,1
520,0.0,train,0.0006070756166040683,0.9993929243833959,0,1,1
521,1.0,train,0.9999971869815728,2.8130184272084222e-06,1,1,1
522,0.0,test,1.130081304844646e-05,0.9999886991869515,0,1,1
523,0.0,train,0.009268012970441705,0.9907319870295583,0,1,1
524,1.0,train,0.2422056177854002,0.7577943822145998,0,1,1
525,0.0,train,2.3552614331601144e-05,0.9999764473856685,0,1,1
526,0.0,train,0.07477004290796138,0.9252299570920387,0,1,1
527,1.0,train,0.20434189993684582,0.7956581000631541,0,1,1
528,0.0,train,0.8267117983401363,0.17328820165986372,1,1,1
529,1.0,train,0.9999983971894482,1.6028105519505575e-06,1,1,1
530,0.0,test,0.0035380860570885376,0.9964619139429115,0,1,1
531,1.0,test,0.9992206337387152,0.0007793662612847869,1,1,1
532,0.0,dev,7.112436561458081e-07,0.9999992887563438,0,1,1
533,0.0,dev,0.0027149859531643886,0.9972850140468356,0,1,1
534,1.0,train,0.7154240079185319,0.28457599208146817,1,1,1
535,1.0,train,0.9999940448632247,5.955136775229588e-06,1,1,1
536,1.0,train,0.9999673007297446,3.2699270255277955e-05,1,1,1
537,1.0,train,0.9999778743356847,2.2125664315185556e-05,1,1,1
538,0.0,train,0.02442309289445975,0.9755769071055401,0,1,1
539,1.0,train,0.9848109547583622,0.015189045241637809,1,1,1
540,1.0,train,0.42632157796989345,0.5736784220301065,0,1,1
541,0.0,dev,4.539786599663348e-05,0.9999546021340033,0,1,1
542,0.0,train,0.7690802423634961,0.23091975763650377,1,1,1
543,0.0,train,5.368750359369942e-07,0.999999463124964,0,1,1
544,1.0,train,0.9970650485605271,0.002934951439472935,1,1,1
545,1.0,dev,0.9935117304033434,0.006488269596656705,1,1,1
546,1.0,train,0.9982992775506153,0.001700722449384745,1,1,1
547,0.0,train,0.0001713082546889319,0.9998286917453112,0,1,1
548,0.0,train,0.5660185205547239,0.43398147944527604,1,1,1
549,1.0,train,0.9465966686936261,0.05340333130637379,1,1,1
550,1.0,train,0.00019411326775359102,0.9998058867322465,0,1,1
551,1.0,train,0.9999435020907086,5.649790929140652e-05,1,1,1
552,0.0,train,3.426849054255501e-05,0.9999657315094574,0,1,1
553,0.0,train,0.9814534349454033,0.018546565054596748,1,1,1
554,1.0,train,0.6406358411176238,0.3593641588823761,1,1,1
555,0.0,train,0.0029349521807720837,0.997065047819228,0,1,1
556,1.0,train,0.9999982396573375,1.7603426624892236e-06,1,1,1
557,1.0,train,0.9999493552613953,5.0644738604781745e-05,1,1,1
558,1.0,train,0.9998944531200292,0.00010554687997077967,1,1,1
559,0.0,train,7.002169573797834e-07,0.9999992997830427,0,1,1
560,0.0,train,0.000131351781408971,0.999868648218591,0,1,1
561,1.0,train,0.9899864310756028,0.01001356892439711,1,1,1
562,0.0,train,4.888301025168876e-07,0.9999995111698974,0,1,1
563,0.0,train,0.9971990731577394,0.0028009268422604905,1,1,1
564,0.0,train,0.00010229984558043119,0.9998977001544196,0,1,1
565,0.0,train,8.851566138568785e-07,0.9999991148433861,0,1,1
566,1.0,train,0.9830850849987546,0.016914915001245496,1,1,1
567,0.0,train,1.7603427936447469e-06,0.9999982396572065,0,1,1
568,0.0,train,0.010652512724252616,0.9893474872757475,0,1,1
569,0.0,train,0.9752018408854882,0.024798159114511883,1,1,1
570,1.0,train,0.9999997214728472,2.785271527345224e-07,1,1,1
571,0.0,train,9.22347285890063e-06,0.9999907765271412,0,1,1
572,0.0,train,2.76940564601386e-06,0.9999972305943541,0,1,1
573,0.0,dev,0.042087729117139754,0.9579122708828604,0,1,1
574,1.0,train,0.9975656177743738,0.002434382225626203,1,1,1
575,0.0,train,0.00030061645734440624,0.9996993835426556,0,1,1
576,1.0,train,0.9999215621268938,7.843787310616379e-05,1,1,1
577,0.0,train,0.9996698471470332,0.0003301528529667289,1,1,1
578,0.0,train,4.289334132568539e-06,0.9999957106658676,0,1,1
579,1.0,train,0.912436153333645,0.08756384666635493,1,1,1
580,1.0,test,0.0028449091577172885,0.9971550908422828,0,1,1
581,1.0,train,0.9999994877104725,5.122895273924061e-07,1,1,1
582,0.0,train,0.006097563456869632,0.9939024365431305,0,1,1
583,1.0,train,0.004399413684880162,0.9956005863151198,0,1,1
584,0.0,dev,0.019124038428012403,0.9808759615719875,0,1,1
585,1.0,dev,0.28776780354463427,0.7122321964553657,0,1,1
586,1.0,train,0.9999369723917749,6.30276082251871e-05,1,1,1
587,1.0,train,0.9989515309513373,0.001048469048662627,1,1,1
588,0.0,train,0.19436781101874467,0.8056321889812553,0,1,1
589,0.0,train,7.934497590303986e-07,0.9999992065502411,0,1,1
590,0.0,train,4.181185237572498e-07,0.9999995818814763,0,1,1
591,1.0,train,0.9947798739969221,0.005220126003077935,1,1,1
592,0.0,train,0.0067975305443476125,0.9932024694556523,0,1,1
593,1.0,train,0.9998927912469994,0.00010720875300067918,1,1,1
594,1.0,test,0.3702253925955866,0.6297746074044134,0,1,1
595,1.0,dev,0.9999993106390803,6.893609196857975e-07,1,1,1
596,1.0,train,0.9999816571055105,1.834289448951982e-05,1,1,1
597,0.0,train,0.06954174450582809,0.9304582554941719,0,1,1
598,1.0,test,0.976310526632796,0.02368947336720391,1,1,1
599,0.0,train,0.0012644219070041642,0.9987355780929958,0,1,1
600,0.0,train,0.867035752930664,0.13296424706933604,1,1,1
601,0.0,train,1.7880638962506997e-06,0.9999982119361037,0,1,1
602,0.0,train,4.069458275564297e-05,0.9999593054172443,0,1,1
603,0.0,train,2.0580483735993127e-06,0.9999979419516264,0,1,1
604,1.0,train,0.9996485616581942,0.0003514383418057673,1,1,1
605,0.0,train,6.893611276993187e-07,0.9999993106388723,0,1,1
606,0.0,train,0.0001852258094949407,0.9998147741905051,0,1,1
607,0.0,train,0.0025909787482923346,0.9974090212517077,0,1,1
608,1.0,train,0.9994725217013872,0.000527478298612685,1,1,1
609,0.0,train,0.9996593705454155,0.00034062945458452276,1,1,1
610,1.0,dev,0.9995955184328726,0.0004044815671273568,1,1,1
611,1.0,train,0.7634837581726991,0.23651624182730094,1,1,1
612,1.0,train,0.588889130767832,0.411110869232168,1,1,1
613,1.0,train,0.9999990429168099,9.57083190140785e-07,1,1,1
614,0.0,dev,0.8397339556397749,0.160266044360225,1,1,1
615,0.0,train,0.05184546957979609,0.948154530420204,0,1,1
616,1.0,train,0.9998339614884089,0.00016603851159117974,1,1,1
617,1.0,train,0.9999991940555747,8.059444252750997e-07,1,1,1
618,0.0,train,0.0005527785545987024,0.9994472214454012,0,1,1
619,0.0,train,3.576360243050318e-07,0.9999996423639756,0,1,1
620,1.0,train,0.9999623635451079,3.7636454892053e-05,1,1,1
621,1.0,train,0.9999924720112564,7.5279887436123685e-06,1,1,1
622,0.0,train,0.009708477341052534,0.9902915226589475,0,1,1
623,0.0,train,2.156816607003026e-06,0.9999978431833929,0,1,1
624,0.0,train,0.055005291391686174,0.9449947086083138,0,1,1
625,0.0,test,0.004331501377915682,0.9956684986220843,0,1,1
626,1.0,train,0.9998706843045795,0.00012931569542050768,1,1,1
627,1.0,dev,0.9961155235088927,0.003884476491107441,1,1,1
628,1.0,dev,0.9993833701688184,0.0006166298311814682,1,1,1
629,1.0,train,0.004399412379521097,0.995600587620479,0,1,1
630,0.0,train,0.034618842823195196,0.9653811571768048,0,1,1
631,0.0,train,0.2751297238231752,0.7248702761768248,0,1,1
632,0.0,train,8.01349653301023e-06,0.999991986503467,0,1,1
633,0.0,test,3.3214188019134974e-05,0.9999667858119808,0,1,1
634,1.0,train,0.9996317021288443,0.0003682978711556084,1,1,1
635,1.0,train,0.9999951395510546,4.860448945494672e-06,1,1,1
636,1.0,test,0.9173026618464796,0.0826973381535205,1,1,1
637,1.0,train,0.9998313472749069,0.00016865272509311946,1,1,1
638,0.0,train,0.039048296081090964,0.960951703918909,0,1,1
639,0.0,train,0.9898303437461133,0.010169656253886699,1,1,1
640,0.0,train,0.0023231624535564907,0.9976768375464434,0,1,1
641,1.0,train,0.999980166634713,1.9833365287077667e-05,1,1,1
642,1.0,test,0.9995344731713856,0.0004655268286144135,1,1,1
643,0.0,train,0.0045384322633632386,0.9954615677366369,0,1,1
644,0.0,train,0.00021654407570357724,0.9997834559242964,0,1,1
645,1.0,train,0.9999980361960453,1.9638039546829803e-06,1,1,1
646,0.0,train,5.064471955044868e-05,0.9999493552804495,0,1,1
647,1.0,dev,0.9099070109242131,0.0900929890757869,1,1,1
648,0.0,train,0.0006878512779680242,0.9993121487220319,0,1,1
649,1.0,train,0.9811668742398189,0.018833125760181247,1,1,1
650,0.0,train,2.7108809444406615e-05,0.9999728911905557,0,1,1
651,1.0,train,0.9989994957480276,0.0010005042519723882,1,1,1
652,1.0,train,0.9966233882952253,0.003376611704774648,1,1,1
653,0.0,train,1.0511499080255067e-06,0.999998948850092,0,1,1
654,1.0,test,0.9999990577554413,9.422445588058235e-07,1,1,1
655,1.0,train,0.9997428580470192,0.00025714195298067686,1,1,1
656,0.0,train,0.0016743992040752546,0.9983256007959248,0,1,1
657,1.0,test,0.9999929281034937,7.071896506269071e-06,1,1,1
658,1.0,test,0.9996749642661258,0.00032503573387430984,1,1,1
659,0.0,train,0.00101624382927846,0.9989837561707217,0,1,1
660,1.0,train,0.999976076495191,2.3923504808849264e-05,1,1,1
661,1.0,train,0.00047285444860580765,0.9995271455513941,0,1,1
662,0.0,train,0.0007208378970782518,0.9992791621029218,0,1,1
663,1.0,train,0.9999998724809038,1.275190960927202e-07,1,1,1
664,0.0,test,9.610243268227503e-05,0.9999038975673177,0,1,1
665,0.0,train,0.0025509122696283507,0.9974490877303717,0,1,1
666,1.0,test,0.9999990867455144,9.132544854969471e-07,1,1,1
667,1.0,train,0.9995557816609278,0.00044421833907214804,1,1,1
668,1.0,train,0.9999914696785114,8.530321488575529e-06,1,1,1
669,1.0,train,0.8902942377652497,0.10970576223475027,1,1,1
670,1.0,train,0.658417487156366,0.341582512843634,1,1,1
671,1.0,train,0.9294404077216355,0.07055959227836445,1,1,1
672,1.0,train,0.9988304897697579,0.0011695102302421558,1,1,1
673,1.0,train,0.17553805637093017,0.8244619436290698,0,1,1
674,1.0,test,0.9591542835062628,0.04084571649373723,1,1,1
675,0.0,train,0.00014653123714486203,0.9998534687628551,0,1,1
676,1.0,dev,0.7122321720225278,0.28776782797747225,1,1,1
677,1.0,train,0.9674102552339746,0.032589744766025344,1,1,1
678,0.0,train,4.116364449076007e-07,0.9999995883635551,0,1,1
679,0.0,dev,6.475949912031199e-07,0.9999993524050087,0,1,1
680,0.0,train,0.20181322226037882,0.7981867777396212,0,1,1
681,1.0,train,0.9999897104863612,1.028951363872475e-05,1,1,1
682,1.0,train,0.9991832620047768,0.0008167379952233005,1,1,1
683,0.0,train,0.6370307944803831,0.3629692055196168,1,1,1
684,1.0,test,0.999488742114045,0.0005112578859548137,1,1,1
685,0.0,test,0.00027372159163073376,0.9997262784083693,0,1,1
686,0.0,train,7.338213304383458e-07,0.9999992661786696,0,1,1
687,1.0,train,0.7606506526772884,0.23934934732271168,1,1,1
688,1.0,train,0.999279161866783,0.0007208381332170275,1,1,1
689,0.0,train,0.04272219998414247,0.9572778000158576,0,1,1
690,1.0,train,0.9865717430865252,0.013428256913474738,1,1,1
691,1.0,train,0.9697854107494618,0.03021458925053828,1,1,1
692,1.0,train,0.9997834558549362,0.00021654414506386637,1,1,1
693,0.0,train,0.03622005794566347,0.9637799420543365,0,1,1
694,0.0,train,3.1201902095363823e-05,0.9999687980979047,0,1,1
695,0.0,train,0.0003199982726748769,0.9996800017273251,0,1,1
696,0.0,train,0.5312093733737563,0.46879062662624377,1,1,1
697,0.0,train,0.9511422262250961,0.048857773774903794,1,1,1
698,0.0,train,2.9189405254558216e-07,0.9999997081059474,0,1,1
699,1.0,dev,0.9888419677654414,0.011158032234558494,1,1,1
700,1.0,train,0.9974090208088592,0.002590979191140788,1,1,1
701,1.0,train,0.9994966643683233,0.000503335631676635,1,1,1
702,0.0,train,0.00011959861725301804,0.999880401382747,0,1,1
703,0.0,train,0.063714997807704,0.9362850021922962,0,1,1
704,0.0,train,0.0031726826539785367,0.9968273173460214,0,1,1
705,1.0,train,0.9999824970709511,1.750292904889543e-05,1,1,1
706,0.0,dev,0.743167997235783,0.25683200276421697,1,1,1
707,0.0,train,0.007232762305520407,0.9927672376944795,0,1,1
708,0.0,train,4.331905448489054e-05,0.9999566809455152,0,1,1
709,0.0,train,0.9811668673560625,0.018833132643937482,1,1,1
710,0.0,train,2.684199420620361e-06,0.9999973158005793,0,1,1
711,0.0,test,0.003707253204611687,0.9962927467953883,0,1,1
712,0.0,train,0.12085323249047067,0.8791467675095294,0,1,1
713,1.0,train,0.9999911989021775,8.801097822456457e-06,1,1,1
714,1.0,train,0.9999611688953386,3.883110466132392e-05,1,1,1
715,0.0,train,0.0009547319384890428,0.999045268061511,0,1,1
716,0.0,train,7.527991463854895e-06,0.9999924720085362,0,1,1
717,1.0,train,0.015906389379279733,0.9840936106207203,0,1,1
718,1.0,test,0.9609517095103498,0.03904829048965016,1,1,1
719,0.0,train,0.034618841827190314,0.9653811581728098,0,1,1
720,0.0,train,0.0003006162692605831,0.9996993837307395,0,1,1
721,1.0,train,0.9999893838623615,1.0616137638556732e-05,1,1,1
722,0.0,train,0.7310585669110203,0.2689414330889798,1,1,1
723,0.0,train,0.00023050680440978017,0.9997694931955902,0,1,1
724,0.0,train,1.392546196361374e-06,0.9999986074538038,0,1,1
725,0.0,train,0.012431650121413363,0.9875683498785867,0,1,1
726,0.0,train,7.002169365117068e-07,0.9999992997830636,0,1,1
727,0.0,train,0.9822876984447398,0.01771230155526005,1,1,1
728,0.0,train,4.565969792685e-06,0.9999954340302073,0,1,1
729,0.0,train,0.9099069987088003,0.09009300129119967,1,1,1
730,0.0,train,8.267876029399845e-06,0.9999917321239705,0,1,1
731,1.0,dev,0.9999885212265704,1.1478773429476908e-05,1,1,1
732,0.0,test,4.888303064726428e-07,0.9999995111696935,0,1,1
733,0.0,dev,0.005384938281016894,0.9946150617189831,0,1,1
734,1.0,train,0.983847164941051,0.016152835058949034,1,1,1
735,0.0,train,2.6688526391193013e-05,0.9999733114736089,0,1,1
736,0.0,test,5.22522528322964e-05,0.9999477477471678,0,1,1
737,1.0,train,0.9688561676667173,0.03114383233328265,1,1,1
738,1.0,test,0.32082130082460697,0.679178699175393,0,1,1
739,1.0,train,0.9942697544613353,0.00573024553866474,1,1,1
740,1.0,train,0.9956684975617146,0.004331502438285441,1,1,1
741,0.0,train,9.042453965464588e-08,0.9999999095754604,0,1,1
742,1.0,train,0.9999251537379178,7.48462620821982e-05,1,1,1
743,1.0,dev,0.999998650296988,1.34970301190074e-06,1,1,1
744,1.0,train,0.9996374099499199,0.0003625900500800629,1,1,1
745,1.0,train,0.734119526900183,0.2658804730998169,1,1,1
746,1.0,train,0.99821780335952,0.0017821966404800037,1,1,1
747,1.0,test,0.9999938558282816,6.144171718240025e-06,1,1,1
748,0.0,train,0.6370308082623217,0.3629691917376782,1,1,1
749,1.0,train,0.9999946618437379,5.338156262199341e-06,1,1,1
750,1.0,test,0.04885778416191387,0.9511422158380862,0,1,1
751,0.0,train,0.00016346471706668795,0.9998365352829333,0,1,1
752,1.0,test,0.679178699175393,0.32082130082460697,1,1,1
753,0.0,train,0.23651622568252118,0.7634837743174788,0,1,1
754,1.0,train,0.999974928414371,2.5071585629081657e-05,1,1,1
755,0.0,dev,7.602481260748452e-05,0.9999239751873924,0,1,1
756,1.0,train,0.9999165037504313,8.34962495686012e-05,1,1,1
757,1.0,train,0.9999987517287238,1.2482712763122834e-06,1,1,1
758,0.0,train,0.7090191337850932,0.29098086621490676,1,1,1
759,0.0,train,6.375545498498836e-07,0.9999993624454501,0,1,1
760,0.0,test,0.0008830459529588667,0.999116954047041,0,1,1
761,0.0,train,0.3311197396289915,0.6688802603710086,0,1,1
762,1.0,test,0.12765263195921103,0.872347368040789,0,1,1
763,1.0,train,0.025957357951306048,0.974042642048694,0,1,1
764,0.0,dev,0.665410558746814,0.33458944125318596,1,1,1
765,0.0,train,0.6893056295505783,0.3106943704494217,1,1,1
766,0.0,train,2.785272378172607e-07,0.9999997214727622,0,1,1
767,0.0,test,0.020964243876552525,0.9790357561234475,0,1,1
768,1.0,train,0.9999994631251141,5.368748859359436e-07,1,1,1
769,0.0,train,0.47657965106367595,0.523420348936324,0,1,1
770,1.0,train,0.955981348255886,0.04401865174411408,1,1,1
771,1.0,test,0.9999911988994235,8.801100576510774e-06,1,1,1
772,1.0,train,0.712232184238947,0.2877678157610531,1,1,1
773,0.0,train,0.06656918897050168,0.9334308110294983,0,1,1
774,0.0,train,0.0029349524424071216,0.9970650475575928,0,1,1
775,1.0,train,0.9997040427961066,0.0002959572038934796,1,1,1
776,0.0,train,3.520912257351405e-07,0.9999996479087744,0,1,1
777,1.0,train,0.9940889307059506,0.005911069294049474,1,1,1
778,0.0,train,0.22000709974589314,0.7799929002541067,0,1,1
779,0.0,train,0.6113819591324418,0.38861804086755836,1,1,1
780,0.0,train,0.014957087910416167,0.9850429120895838,0,1,1
781,1.0,train,0.689305616785446,0.31069438321455395,1,1,1
782,0.0,train,6.814873023956748e-05,0.9999318512697605,0,1,1
783,1.0,train,0.03308597505175204,0.966914024948248,0,1,1
784,0.0,dev,0.00042388476724854033,0.9995761152327514,0,1,1
785,1.0,train,0.9848109538667759,0.015189046133224268,1,1,1
786,1.0,train,0.554470450236115,0.4455295497638851,1,1,1
787,1.0,train,0.6113819732941511,0.38861802670584894,1,1,1
788,0.0,train,0.1403362566809061,0.8596637433190938,0,1,1
789,0.0,train,4.6644509180084533e-07,0.9999995335549083,0,1,1
790,0.0,dev,0.0005442132300125732,0.9994557867699875,0,1,1
791,0.0,train,1.6797313639714997e-06,0.999998320268636,0,1,1
792,0.0,train,0.014503579052425003,0.985496420947575,0,1,1
793,0.0,train,2.7969316362259895e-05,0.9999720306836378,0,1,1
794,0.0,train,0.04468087536103822,0.9553191246389617,0,1,1
795,0.0,train,0.03567855292846367,0.9643214470715364,0,1,1
796,1.0,train,0.9877587263297795,0.012241273670220614,1,1,1
797,1.0,test,0.9999516743502915,4.832564970842993e-05,1,1,1
798,1.0,train,0.9999890468744039,1.0953125596107572e-05,1,1,1
799,1.0,dev,0.9863631625138002,0.013636837486199784,1,1,1
800,0.0,train,0.0007793660466032102,0.9992206339533969,0,1,1
801,0.0,train,0.7772998663336157,0.22270013366638422,1,1,1
802,1.0,train,0.9999795370678561,2.0462932143872562e-05,1,1,1
803,0.0,train,0.9664104948336064,0.033589505166393654,1,1,1
804,0.0,train,0.7310585786300049,0.2689414213699951,1,1,1
805,1.0,train,0.9990302481765815,0.0009697518234184261,1,1,1
806,1.0,train,0.32423541204073586,0.6757645879592642,0,1,1
807,0.0,test,0.0034834242448069192,0.9965165757551929,0,1,1
808,0.0,test,9.818324642809397e-06,0.9999901816753571,0,1,1
809,0.0,train,8.801097756883747e-06,0.9999911989022432,0,1,1
810,1.0,train,0.9999998388008626,1.6119913729768524e-07,1,1,1
811,1.0,train,0.9857180685922241,0.014281931407775905,1,1,1
812,0.0,test,0.026759280856997577,0.9732407191430024,0,1,1
813,0.0,train,1.422578718972071e-07,0.9999998577421281,0,1,1
814,0.0,train,0.9912886161856891,0.008711383814310924,1,1,1
815,1.0,train,0.9999996843872819,3.1561271812843414e-07,1,1,1
816,0.0,train,0.03732688627322502,0.9626731137267751,0,1,1
817,1.0,train,0.04272219998414247,0.9572778000158576,0,1,1
818,0.0,train,0.0010649624184194896,0.9989350375815806,0,1,1
819,1.0,train,0.966410492898765,0.033589507101235,1,1,1
820,1.0,train,0.8519528057272543,0.14804719427274565,1,1,1
821,1.0,train,0.9999972305943747,2.7694056253802374e-06,1,1,1
822,0.0,train,5.539172035068012e-07,0.9999994460827966,0,1,1
823,1.0,train,0.9918120897352727,0.008187910264727333,1,1,1
824,1.0,train,0.9111797148356995,0.08882028516430056,1,1,1
825,0.0,test,0.9981324338971106,0.0018675661028894669,1,1,1
826,1.0,train,0.41489886026626094,0.585101139733739,0,1,1
827,0.0,train,3.446578884518415e-06,0.9999965534211155,0,1,1
828,0.0,test,0.0017274583183696569,0.9982725416816303,0,1,1
829,1.0,train,0.9999913353452382,8.664654761814505e-06,1,1,1
830,1.0,train,0.9787126500692716,0.02128734993072846,1,1,1
831,1.0,train,0.021615333392910458,0.9783846666070896,0,1,1
832,1.0,dev,0.9976403398265783,0.002359660173421738,1,1,1
833,1.0,test,0.10521054792560196,0.8947894520743981,0,1,1
834,0.0,test,0.6297746213017459,0.3702253786982541,1,1,1
835,0.0,train,0.09947020587339868,0.9005297941266014,0,1,1
836,1.0,train,0.5964331462646254,0.40356685373537454,1,1,1
837,1.0,train,0.9683812299938005,0.031618770006199386,1,1,1
838,1.0,train,0.9724147205712059,0.027585279428794008,1,1,1
839,1.0,train,0.3960681662740417,0.6039318337259583,0,1,1
840,1.0,train,0.9873750512756895,0.012624948724310466,1,1,1
841,0.0,train,0.003376612181157308,0.9966233878188427,0,1,1
842,0.0,dev,0.00040448154604053244,0.9995955184539596,0,1,1
843,1.0,train,0.8824278757303677,0.11757212426963223,1,1,1
844,1.0,train,0.9994966645220019,0.0005033354779981989,1,1,1
845,0.0,train,0.45713671682749485,0.5428632831725052,0,1,1
846,0.0,train,2.482481220901728e-06,0.9999975175187791,0,1,1
847,0.0,train,0.0006878511755407074,0.9993121488244592,0,1,1
848,0.0,dev,3.321420484619929e-05,0.9999667857951539,0,1,1
849,0.0,train,1.770425648543983e-07,0.9999998229574352,0,1,1
850,0.0,train,2.212566513941256e-05,0.9999778743348605,0,1,1
851,1.0,train,0.9993929245054447,0.0006070754945554415,1,1,1
852,0.0,train,3.747991503177403e-07,0.9999996252008497,0,1,1
853,1.0,train,0.9996646499494605,0.0003353500505395985,1,1,1
854,1.0,train,0.9965165764534976,0.0034834235465025895,1,1,1
855,1.0,train,0.9982725414310879,0.0017274585689121894,1,1,1
856,1.0,train,0.863391624034103,0.13660837596589698,1,1,1
857,0.0,train,0.6113819732941511,0.38861802670584894,1,1,1
858,1.0,train,0.9999485577977555,5.144220224457097e-05,1,1,1
859,1.0,train,0.9999990723634823,9.276365177873388e-07,1,1,1
860,1.0,train,0.9999971426841373,2.8573158625766053e-06,1,1,1
861,1.0,train,0.9990452685163278,0.0009547314836721299,1,1,1
862,1.0,test,0.9999943175662266,5.682433773405853e-06,1,1,1
863,0.0,train,1.392546943380526e-06,0.9999986074530566,0,1,1
864,1.0,train,0.9999756997639639,2.4300236036070986e-05,1,1,1
865,1.0,train,0.9930961634612525,0.006903836538747494,1,1,1
866,1.0,train,0.9879462211935647,0.012053778806435395,1,1,1
867,0.0,dev,6.475946824060383e-07,0.9999993524053176,0,1,1
868,1.0,train,0.9046505415276079,0.09534945847239201,1,1,1
869,1.0,train,0.9979809857242401,0.0020190142757599686,1,1,1
870,0.0,train,0.5350984286266115,0.46490157137338844,1,1,1
871,1.0,train,0.9999785550592483,2.144494075176859e-05,1,1,1
872,0.0,train,5.307505608320531e-05,0.9999469249439169,0,1,1
873,1.0,train,0.013020487432924563,0.9869795125670755,0,1,1
874,1.0,train,0.9658995728152636,0.034100427184736416,1,1,1
875,0.0,train,0.0018102108107993235,0.9981897891892008,0,1,1
876,1.0,train,0.9999359799325576,6.402006744253235e-05,1,1,1
877,0.0,test,0.2974699426047947,0.7025300573952054,0,1,1
878,1.0,train,0.24220563966531902,0.757794360334681,0,1,1
879,1.0,train,0.9999931456808988,6.8543191011604334e-06,1,1,1
880,1.0,train,0.001151399634226959,0.9988486003657732,0,1,1
881,1.0,train,0.9999838124143428,1.6187585657324357e-05,1,1,1
882,0.0,train,1.3631349960796457e-05,0.9999863686500392,0,1,1
883,0.0,train,0.577495350642608,0.42250464935739196,1,1,1
884,1.0,train,0.06465349196072041,0.9353465080392794,0,1,1
885,1.0,dev,0.9999964991468115,3.500853188486244e-06,1,1,1
886,0.0,train,3.011596808343339e-07,0.9999996988403191,0,1,1
887,0.0,train,0.003649987139590891,0.9963500128604091,0,1,1
888,1.0,train,0.999998898404517,1.1015954831128155e-06,1,1,1
889,0.0,train,0.00010889694247683333,0.999891103057523,0,1,1
890,1.0,train,0.994358092712128,0.005641907287871805,1,1,1
891,1.0,train,0.9999925887168702,7.411283129832648e-06,1,1,1
892,1.0,test,0.9886682442983812,0.011331755701618686,1,1,1
893,0.0,dev,7.602478542096469e-05,0.999923975214579,0,1,1
894,0.0,train,0.0025909797495150336,0.9974090202504848,0,1,1
895,1.0,test,0.9999995883635782,4.11636421905632e-07,1,1,1
896,1.0,train,0.9693242002831994,0.030675799716800668,1,1,1
897,1.0,train,0.9980122253885388,0.0019877746114610397,1,1,1
898,1.0,train,0.1052105254805718,0.8947894745194281,0,1,1
899,0.0,train,6.083589279302126e-07,0.9999993916410721,0,1,1
900,1.0,test,0.9987744324968969,0.0012255675031030424,1,1,1
901,0.0,train,4.61127289037946e-05,0.9999538872710962,0,1,1
902,0.0,train,0.411110869232168,0.588889130767832,0,1,1
903,0.0,train,8.186364886480329e-07,0.9999991813635114,0,1,1
904,0.0,train,5.896416673314618e-07,0.9999994103583327,0,1,1
905,1.0,train,0.7634837689358857,0.23651623106411435,1,1,1
906,0.0,test,0.8031737869342623,0.19682621306573764,1,1,1
907,1.0,test,0.9999950630099838,4.936990016172619e-06,1,1,1
908,0.0,train,1.267928880960834e-06,0.999998732071119,0,1,1
909,0.0,dev,2.1233777030562053e-06,0.9999978766222969,0,1,1
910,0.0,dev,0.8652240895276224,0.1347759104723777,1,1,1
911,0.0,train,0.00020027385026214872,0.9997997261497378,0,1,1
912,0.0,train,0.8991213786215104,0.10087862137848952,1,1,1
913,1.0,train,0.9997658642850981,0.0002341357149019379,1,1,1
914,1.0,train,0.048857778622174906,0.9511422213778251,0,1,1
915,1.0,train,0.03846619201832428,0.9615338079816756,0,1,1
916,1.0,train,0.9999991148432344,8.851567655401633e-07,1,1,1
917,0.0,test,0.9184802373309982,0.08151976266900196,1,1,1
918,1.0,dev,0.9999987517290864,1.2482709135993044e-06,1,1,1
919,1.0,train,0.0003406291653640547,0.9996593708346361,0,1,1
920,1.0,train,0.9996593707991176,0.00034062920088234457,1,1,1
921,0.0,train,3.9897172797900327e-07,0.9999996010282721,0,1,1
922,1.0,train,0.9997868124895265,0.00021318751047361847,1,1,1
923,0.0,train,0.0013458603211855275,0.9986541396788144,0,1,1
924,0.0,dev,0.0005033355754528115,0.9994966644245472,0,1,1
925,0.0,dev,0.00028685415075919545,0.9997131458492409,0,1,1
926,1.0,train,0.99998047411741,1.9525882590068257e-05,1,1,1
927,0.0,train,0.0014779432441021877,0.9985220567558978,0,1,1
928,1.0,train,0.9999980666410733,1.933358926704696e-06,1,1,1
929,0.0,train,0.02758528382564496,0.9724147161743549,0,1,1
930,0.0,train,0.014503576709583004,0.985496423290417,0,1,1
931,0.0,train,0.4610167793123159,0.5389832206876841,0,1,1
932,1.0,train,0.9946981038732294,0.005301896126770572,1,1,1
933,0.0,dev,0.001116014027284227,0.9988839859727158,0,1,1
934,1.0,train,0.9999982938162971,1.706183702852722e-06,1,1,1
935,1.0,train,0.9999417087295617,5.8291270438201857e-05,1,1,1
936,1.0,dev,0.9999711428779564,2.8857122043642728e-05,1,1,1
937,1.0,train,0.9930961612647058,0.006903838735294216,1,1,1
938,1.0,train,0.051845461522251765,0.9481545384777481,0,1,1
939,1.0,train,0.26284183737131667,0.7371581626286834,0,1,1
940,0.0,train,9.223466261821958e-06,0.9999907765337381,0,1,1
941,0.0,train,4.1335405159970566e-05,0.99995866459484,0,1,1
942,1.0,train,0.060975185984158346,0.9390248140158417,0,1,1
943,1.0,train,0.5813030906443133,0.41869690935568665,1,1,1
944,0.0,train,0.34864513533394575,0.6513548646660542,0,1,1
945,0.0,train,6.74805058451742e-06,0.9999932519494155,0,1,1
946,1.0,train,0.9921841109796004,0.0078158890203997,1,1,1
947,1.0,train,0.9999982119353243,1.7880646755931549e-06,1,1,1
948,1.0,train,0.9998415638198459,0.0001584361801541225,1,1,1
949,1.0,test,0.9999871945310819,1.2805468918141503e-05,1,1,1
950,1.0,dev,0.9372107861416413,0.06278921385835867,1,1,1
951,1.0,train,0.9999990867449056,9.132550944793094e-07,1,1,1
952,1.0,train,0.9916842205394514,0.00831577946054865,1,1,1
953,1.0,train,0.8962513759047847,0.10374862409521528,1,1,1
954,0.0,train,2.7969306359934453e-05,0.9999720306936402,0,1,1
955,0.0,train,6.605215272815755e-05,0.9999339478472719,0,1,1
956,1.0,train,0.9999847931609889,1.5206839011100372e-05,1,1,1
957,0.0,test,1.1079051249975217e-07,0.9999998892094876,0,1,1
958,0.0,train,1.2411498299930891e-05,0.9999875885017,0,1,1
959,0.0,train,0.0005527786369235996,0.9994472213630764,0,1,1
960,0.0,train,0.00013765461728154984,0.9998623453827185,0,1,1
961,1.0,train,0.9999979095417977,2.0904582023328703e-06,1,1,1
962,0.0,test,0.865224072151174,0.13477592784882603,1,1,1
963,0.0,train,0.02556520946872273,0.9744347905312774,0,1,1
964,1.0,train,0.0011160145256247091,0.9988839854743752,0,1,1
965,1.0,train,0.9999990723634339,9.276365661673095e-07,1,1,1
966,1.0,train,0.9979492561246288,0.0020507438753711226,1,1,1
967,0.0,train,8.75030393276527e-05,0.9999124969606722,0,1,1
968,0.0,test,0.00015118200228252026,0.9998488179977175,0,1,1
969,0.0,train,1.2482702997775806e-06,0.9999987517297003,0,1,1
970,1.0,test,0.9985896416502864,0.001410358349713656,1,1,1
971,1.0,test,0.006692849537392301,0.9933071504626076,0,1,1
972,1.0,train,0.9996140339985305,0.0003859660014693756,1,1,1
973,1.0,test,0.9999907765277939,9.22347220606451e-06,1,1,1
974,1.0,train,0.021615334653436125,0.9783846653465639,0,1,1
975,1.0,test,0.9993121488295807,0.000687851170419342,1,1,1
976,0.0,train,0.1347759313241159,0.8652240686758841,0,1,1
977,1.0,train,0.9996374099202141,0.00036259007978585954,1,1,1
978,1.0,train,0.9999940448618936,5.955138106298605e-06,1,1,1
979,0.0,test,0.0166570361040326,0.9833429638959673,0,1,1
980,1.0,train,0.9740426428022031,0.02595735719779685,1,1,1
981,0.0,dev,0.02297736522671412,0.9770226347732859,0,1,1
982,1.0,train,0.4493926492132671,0.550607350786733,0,1,1
983,0.0,train,3.84493322534492e-06,0.9999961550667748,0,1,1
984,0.0,train,9.314592487433821e-05,0.9999068540751257,0,1,1
985,0.0,train,0.00012931558945178506,0.9998706844105482,0,1,1
986,0.0,train,0.00024156634866921305,0.9997584336513309,0,1,1
987,1.0,train,0.9999861539921352,1.3846007864852816e-05,1,1,1
988,1.0,test,0.9999963880163736,3.6119836264133716e-06,1,1,1
989,1.0,train,0.9996430294433937,0.00035697055660633927,1,1,1
990,0.0,test,0.1242130083520534,0.8757869916479466,0,1,1
991,1.0,train,0.9999916019243986,8.398075601441553e-06,1,1,1
992,1.0,dev,0.9992562971140759,0.000743702885923958,1,1,1
993,0.0,train,0.0009253847764372137,0.9990746152235627,0,1,1
994,1.0,train,0.9996898439208823,0.0003101560791177154,1,1,1
995,0.0,train,0.0526189592903209,0.9473810407096791,0,1,1
996,1.0,train,0.9999932519506725,6.748049327603651e-06,1,1,1
997,0.0,train,1.0845170486747115e-06,0.9999989154829514,0,1,1
998,1.0,train,0.014728616012131927,0.9852713839878682,0,1,1
999,0.0,train,0.0015978452087568615,0.9984021547912431,0,1,1
1000,0.0,dev,3.844936892146635e-06,0.9999961550631079,0,1,1
1001,0.0,train,0.001987774182822646,0.9980122258171773,0,1,1
1002,1.0,train,0.9998785182956118,0.00012148170438811268,1,1,1
1003,1.0,train,0.9999274564001452,7.254359985479408e-05,1,1,1
1004,0.0,train,0.0007321812616608614,0.9992678187383391,0,1,1
1005,0.0,train,2.6425848757829843e-06,0.9999973574151242,0,1,1
1006,0.0,train,0.24508501313237172,0.7549149868676283,0,1,1
1007,1.0,train,0.9999978431839232,2.1568160767095478e-06,1,1,1
1008,1.0,train,0.9987551567349646,0.0012448432650353364,1,1,1
1009,0.0,train,0.00011774458526657268,0.9998822554147335,0,1,1
1010,1.0,train,0.9433475738956645,0.05665242610433553,1,1,1
1011,0.0,train,6.302757066018408e-05,0.9999369724293399,0,1,1
1012,1.0,train,1.1125610141306745e-05,0.9999888743898586,0,1,1
1013,1.0,train,0.9871787876194204,0.01282121238057963,1,1,1
1014,0.0,train,0.042722193890012965,0.9572778061099871,0,1,1
1015,0.0,train,5.475975348570762e-05,0.9999452402465143,0,1,1
1016,1.0,train,0.9982992775126659,0.0017007224873342032,1,1,1
1017,1.0,train,0.9999318512895613,6.814871043876316e-05,1,1,1
1018,0.0,train,1.3287768687721108e-06,0.9999986712231312,0,1,1
1019,0.0,train,0.8615382058759129,0.13846179412408716,1,1,1
1020,1.0,dev,0.689305616785446,0.31069438321455395,1,1,1
1021,1.0,train,0.999999631011343,3.6898865703173326e-07,1,1,1
1022,1.0,train,0.9999994103581262,5.896418738104962e-07,1,1,1
1023,0.0,train,7.766953245575792e-06,0.9999922330467544,0,1,1
1024,0.0,train,4.737904449777134e-07,0.9999995262095551,0,1,1
1025,1.0,train,0.9949396686432429,0.0050603313567570045,1,1,1
1026,0.0,train,0.9978510508761397,0.0021489491238603025,1,1,1
1027,1.0,train,0.9946150615593636,0.005384938440636369,1,1,1
1028,1.0,train,0.8418256432832332,0.15817435671676672,1,1,1
1029,0.0,train,0.0010987310075071248,0.9989012689924929,0,1,1
1030,0.0,train,0.9489172587090975,0.0510827412909026,1,1,1
1031,1.0,train,0.999805886816113,0.00019411318388701221,1,1,1
1032,1.0,test,0.999839069131855,0.00016093086814499845,1,1,1
1033,1.0,dev,0.000767292252911884,0.9992327077470882,0,1,1
1034,1.0,train,0.8459424256566558,0.1540575743433442,1,1,1
1035,0.0,train,0.4882833952958347,0.5117166047041654,0,1,1
1036,1.0,train,0.9998579763946843,0.00014202360531570968,1,1,1
1037,1.0,train,0.9999215620953384,7.843790466171038e-05,1,1,1
1038,1.0,train,0.9998992859550154,0.00010071404498461153,1,1,1
1039,0.0,dev,2.443992554243374e-06,0.9999975560074458,0,1,1
1040,1.0,train,0.9999989651470063,1.0348529936925294e-06,1,1,1
1041,0.0,train,4.860448981707663e-06,0.9999951395510184,0,1,1
1042,0.0,dev,0.9992206338895725,0.0007793661104274564,1,1,1
1043,0.0,train,0.0009697517367999406,0.9990302482632001,0,1,1
1044,1.0,train,0.9987934100183852,0.001206589981614826,1,1,1
1045,0.0,train,0.0001941131925628635,0.9998058868074371,0,1,1
1046,1.0,train,0.9977481525196195,0.0022518474803804984,1,1,1
1047,1.0,train,0.9793540670010565,0.020645932998943486,1,1,1
1048,1.0,train,0.9999724643170914,2.753568290853522e-05,1,1,1
1049,1.0,train,0.12940273159163906,0.870597268408361,0,1,1
1050,1.0,train,0.9982178034523033,0.0017821965476968614,1,1,1
1051,0.0,train,0.5,0.5,1,1,1
1052,1.0,dev,0.9999586646046948,4.1335395305250546e-05,1,1,1
1053,1.0,train,0.9999822214407191,1.7778559280854242e-05,1,1,1
1054,0.0,train,0.0033244366941625066,0.9966755633058375,0,1,1
1055,1.0,train,0.9998706843787576,0.00012931562124239272,1,1,1
1056,0.0,train,1.1189431433812016e-06,0.9999988810568566,0,1,1
1057,1.0,train,0.9999994546702017,5.453297982799709e-07,1,1,1
1058,1.0,test,0.9988486002886546,0.0011513997113454268,1,1,1
1059,1.0,train,0.06754669864792355,0.9324533013520764,0,1,1
1060,1.0,train,0.9992206340201222,0.0007793659798778673,1,1,1
1061,0.0,train,0.047425871831197425,0.9525741281688026,0,1,1
1062,0.0,train,2.7969296357612586e-05,0.9999720307036425,0,1,1
1063,0.0,train,0.0600866518571309,0.9399133481428692,0,1,1
1064,1.0,dev,0.9324533144915912,0.06754668550840877,1,1,1
1065,1.0,train,0.9959927111730366,0.004007288826963445,1,1,1
1066,1.0,train,0.9416541528387691,0.058345847161230924,1,1,1
1067,1.0,train,0.9999509133803697,4.9086619630301737e-05,1,1,1
1068,1.0,train,0.9993736658232362,0.0006263341767639418,1,1,1
1069,1.0,dev,0.9787126506901791,0.021287349309820965,1,1,1
1070,1.0,train,0.7931059560743422,0.20689404392565783,1,1,1
1071,0.0,train,0.08882029963593542,0.9111797003640645,0,1,1
1072,0.0,train,2.4824797412317288e-06,0.9999975175202588,0,1,1
1073,0.0,train,6.643432254229379e-06,0.9999933565677458,0,1,1
1074,1.0,train,0.9997800465735001,0.00021995342649992725,1,1,1
1075,1.0,train,0.5506073802837478,0.4493926197162523,1,1,1
1076,0.0,train,1.983336469600905e-05,0.999980166635304,0,1,1
1077,1.0,train,0.02635534672812131,0.9736446532718787,0,1,1
1078,0.0,dev,8.39807203495153e-06,0.9999916019279651,0,1,1
1079,0.0,train,0.00011959855666689894,0.9998804014433331,0,1,1
1080,1.0,train,0.9990889487310008,0.0009110512689990873,1,1,1
1081,0.0,train,0.04401865487939376,0.9559813451206063,0,1,1
1082,0.0,train,0.09268777863937604,0.9073122213606241,0,1,1
1083,0.0,test,0.33807712415000585,0.6619228758499942,0,1,1
1084,0.0,train,0.005060331881919711,0.9949396681180802,0,1,1
1085,1.0,train,0.9999840633848585,1.5936615141550807e-05,1,1,1
1086,0.0,train,4.157365619803691e-06,0.9999958426343802,0,1,1
1087,1.0,train,0.912436153333645,0.08756384666635493,1,1,1
1088,1.0,test,0.9999329077270128,6.70922729872025e-05,1,1,1
1089,0.0,train,2.4824788534301528e-06,0.9999975175211465,0,1,1
1090,0.0,test,2.769405315875914e-06,0.999997230594684,0,1,1
1091,1.0,train,0.9073122238669026,0.09268777613309748,1,1,1
1092,1.0,train,0.9939024391620256,0.006097560837974539,1,1,1
1093,0.0,train,0.00985985646733606,0.9901401435326639,0,1,1
1094,0.0,train,2.430024508839605e-05,0.9999756997549116,0,1,1
1095,1.0,train,0.999896089281022,0.00010391071897803089,1,1,1
1096,1.0,train,0.9992791619311845,0.0007208380688155355,1,1,1
1097,0.0,train,0.682573734412324,0.31742626558767584,1,1,1
1098,0.0,train,0.14414884567931804,0.855851154320682,0,1,1
1099,1.0,train,0.9988486002458109,0.0011513997541890224,1,1,1
1100,0.0,test,0.00010071395419804562,0.999899286045802,0,1,1
1101,0.0,test,0.09138210801622944,0.9086178919837706,0,1,1
1102,1.0,dev,0.9999995034719863,4.965280138535602e-07,1,1,1
1103,1.0,train,0.9993537965793704,0.0006462034206296595,1,1,1
1104,0.0,train,0.7401743735019595,0.2598256264980406,1,1,1
1105,1.0,test,0.9946981052877689,0.0053018947122311175,1,1,1
1106,0.0,test,0.00012339456127826798,0.9998766054387216,0,1,1
1107,1.0,train,0.9998686482273977,0.00013135177260230495,1,1,1
1108,1.0,test,0.0004728544345203107,0.9995271455654797,0,1,1
1109,1.0,train,0.9964063981655696,0.0035936018344303144,1,1,1
1110,0.0,train,0.0013885235649563569,0.9986114764350437,0,1,1
1111,1.0,test,0.7577943712746406,0.24220562872535945,1,1,1
1112,0.0,train,6.9622541752390705e-06,0.9999930377458247,0,1,1
1113,1.0,train,0.8947894717137997,0.10521052828620035,1,1,1
1114,0.0,dev,4.683887029110518e-05,0.999953161129709,0,1,1
1115,0.0,train,0.007937993984060941,0.9920620060159392,0,1,1
1116,1.0,train,0.9999443779633703,5.5622036629679e-05,1,1,1
1117,1.0,train,0.028007518983365013,0.971992481016635,0,1,1
1118,1.0,dev,0.9974490878251582,0.002550912174841876,1,1,1
1119,1.0,test,0.992184113001822,0.00781588699817804,1,1,1
1120,0.0,train,5.682433858080235e-06,0.999994317566142,0,1,1
1121,1.0,train,0.3242353859211693,0.6757646140788307,0,1,1
1122,1.0,test,0.999992233050921,7.766949079090869e-06,1,1,1
1123,1.0,train,0.8688267762381844,0.13117322376181567,1,1,1
1124,0.0,train,9.170199637876484e-05,0.9999082980036211,0,1,1
1125,1.0,test,0.9999993820607543,6.179392455793916e-07,1,1,1
1126,0.0,test,8.851567193756825e-07,0.9999991148432806,0,1,1
1127,0.0,dev,0.9987156919228705,0.001284308077129487,1,1,1
1128,1.0,train,0.672331699179286,0.3276683008207139,1,1,1
1129,0.0,train,3.0415960593125027e-06,0.9999969584039407,0,1,1
1130,1.0,train,0.9999978092181889,2.190781811091625e-06,1,1,1
1131,1.0,train,0.1968262036430985,0.8031737963569016,0,1,1
1132,1.0,train,0.9999398585077625,6.014149223745098e-05,1,1,1
1133,1.0,train,0.689305616785446,0.31069438321455395,1,1,1
1134,1.0,test,0.9960545924028489,0.003945407597151137,1,1,1
1135,0.0,train,6.339212671041975e-06,0.999993660787329,0,1,1
1136,0.0,train,2.7535704244265758e-05,0.9999724642957557,0,1,1
1137,1.0,train,0.9980732655945699,0.0019267344054300975,1,1,1
1138,0.0,train,0.030675804369172225,0.9693241956308278,0,1,1
1139,0.0,train,3.927863056204857e-07,0.9999996072136945,0,1,1
1140,1.0,train,0.9993833702147328,0.0006166297852672971,1,1,1
1141,0.0,train,4.19863232516813e-05,0.9999580136767483,0,1,1
1142,0.0,train,0.061875987453588514,0.9381240125464114,0,1,1
1143,0.0,dev,7.571150089967006e-07,0.999999242884991,0,1,1
1144,0.0,train,0.001388523523632589,0.9986114764763674,0,1,1
1145,0.0,test,0.00034062918566021984,0.9996593708143396,0,1,1
1146,1.0,train,0.9999359799254031,6.402007459687478e-05,1,1,1
1147,1.0,dev,0.9996540085385538,0.0003459914614461916,1,1,1
1148,1.0,train,0.9954615675346739,0.004538432465326201,1,1,1
1149,1.0,train,0.5467381519846138,0.45326184801538616,1,1,1
1150,0.0,train,0.0018102113493076836,0.9981897886506922,0,1,1
1151,0.0,test,1.4144754927273605e-06,0.9999985855245072,0,1,1
1152,0.0,train,0.0004655267939461097,0.9995344732060539,0,1,1
1153,0.0,train,0.016657040985528317,0.9833429590144717,0,1,1
1154,0.0,train,0.00013765458446665324,0.9998623454155333,0,1,1
1155,0.0,train,0.02479816451988121,0.9752018354801189,0,1,1
1156,1.0,dev,0.9968273167333749,0.0031726832666251993,1,1,1
1157,1.0,train,0.9999983971885464,1.6028114535604902e-06,1,1,1
1158,0.0,train,3.059020992933354e-07,0.9999996940979007,0,1,1
1159,1.0,train,0.9966233879191339,0.0033766120808662167,1,1,1
1160,0.0,train,0.03410042767554472,0.9658995723244552,0,1,1
1161,1.0,test,0.24220562872535945,0.7577943712746406,0,1,1
1162,1.0,train,0.9999097196219562,9.028037804386112e-05,1,1,1
1163,0.0,train,0.0014550627653282253,0.9985449372346717,0,1,1
1164,0.0,train,1.2098658998680185e-06,0.9999987901341002,0,1,1
1165,0.0,train,1.4823578417468675e-06,0.9999985176421582,0,1,1
1166,0.0,train,0.00027803104671417456,0.9997219689532859,0,1,1
1167,0.0,train,0.03622005794566347,0.9637799420543365,0,1,1
1168,0.0,train,1.7704257540695592e-07,0.9999998229574245,0,1,1
1169,0.0,train,5.368748119354406e-07,0.9999994631251881,0,1,1
1170,0.0,train,2.02614244254657e-06,0.9999979738575574,0,1,1
1171,1.0,train,0.8615382200964035,0.13846177990359662,1,1,1
1172,1.0,train,0.9986329741102344,0.0013670258897654514,1,1,1
1173,0.0,train,0.0005357805383473944,0.9994642194616526,0,1,1
1174,1.0,train,0.9999389114612718,6.108853872831799e-05,1,1,1
1175,1.0,train,0.992878569779199,0.00712143022080114,1,1,1
1176,0.0,train,0.005384937562729317,0.9946150624372706,0,1,1
1177,0.0,train,0.8976953003183444,0.10230469968165563,1,1,1
1178,0.0,dev,1.2219077477100664e-05,0.9999877809225228,0,1,1
1179,1.0,train,0.9999947446063683,5.2553936318312425e-06,1,1,1
1180,0.0,test,6.81487099310503e-05,0.999931851290069,0,1,1
1181,1.0,train,0.992988205448513,0.007011794551486967,1,1,1
1182,1.0,train,0.9999987901342894,1.2098657105699909e-06,1,1,1
1183,1.0,train,0.9999991009038888,8.990961112742881e-07,1,1,1
1184,1.0,train,0.9999965534220656,3.4465779343983117e-06,1,1,1
1185,0.0,train,1.6442494559854525e-05,0.9999835575054402,0,1,1
1186,0.0,test,1.952587880768427e-05,0.9999804741211923,0,1,1
1187,1.0,train,0.16667540468797667,0.8333245953120233,0,1,1
1188,0.0,train,0.0015247867542088804,0.9984752132457911,0,1,1
1189,1.0,train,0.11757212426963223,0.8824278757303677,0,1,1
1190,1.0,test,0.9896718458052634,0.010328154194736752,1,1,1
1191,1.0,test,0.9399133481428692,0.0600866518571309,1,1,1
1192,1.0,train,0.9999989322972214,1.067702778561676e-06,1,1,1
1193,0.0,train,0.9996993837038702,0.0003006162961296935,1,1,1
1194,0.0,test,0.13296424019782924,0.8670357598021706,0,1,1
1195,0.0,train,1.514325434870046e-07,0.9999998485674565,0,1,1
1196,0.0,train,0.01282121652981214,0.987178783470188,0,1,1
1197,0.0,train,0.00015356235189147502,0.9998464376481087,0,1,1
1198,0.0,train,6.179395126116412e-07,0.9999993820604874,0,1,1
1199,0.0,train,0.8267117898012104,0.17328821019878954,1,1,1
1200,1.0,train,0.9988304899177145,0.0011695100822853906,1,1,1
1201,1.0,train,0.002844909707251356,0.9971550902927485,0,1,1
1202,1.0,dev,0.9755769078156284,0.024423092184371588,1,1,1
1203,0.0,train,0.00031503865653763406,0.9996849613434624,0,1,1
1204,1.0,train,0.004468384399064304,0.9955316156009356,0,1,1
1205,1.0,train,0.999967300741682,3.2699258317871616e-05,1,1,1
1206,0.0,train,1.2219070922358567e-05,0.9999877809290777,0,1,1
1207,1.0,train,0.9615338101862454,0.03846618981375453,1,1,1
1208,0.0,test,8.614648056661918e-05,0.9999138535194333,0,1,1
1209,0.0,train,8.349626822991112e-05,0.99991650373177,0,1,1
1210,1.0,train,0.9998232548855956,0.0001767451144043796,1,1,1
1211,1.0,test,0.9988120946384846,0.0011879053615152697,1,1,1
1212,1.0,train,0.006388322423085842,0.9936116775769143,0,1,1
1213,1.0,test,0.9999995479060214,4.5209397867964293e-07,1,1,1
1214,1.0,train,0.7185943925708561,0.28140560742914383,1,1,1
1215,1.0,train,0.8723473879530492,0.12765261204695083,1,1,1
1216,1.0,train,0.9719924777713888,0.02800752222861135,1,1,1
1217,1.0,train,0.9999934595637963,6.540436203609261e-06,1,1,1
1218,0.0,dev,0.480478678047907,0.5195213219520929,0,1,1
1219,0.0,train,0.9926541726105934,0.00734582738940657,1,1,1
1220,0.0,train,0.120853219824755,0.8791467801752451,0,1,1
1221,1.0,train,2.178264596815437e-05,0.9999782173540319,0,1,1
1222,1.0,train,0.038466195325179156,0.9615338046748207,0,1,1
1223,1.0,dev,0.9504109770159683,0.04958902298403175,1,1,1
1224,1.0,train,0.974042644685976,0.025957355314023947,1,1,1
1225,1.0,train,0.9999509133993864,4.908660061360051e-05,1,1,1
1226,1.0,dev,0.9848109509691193,0.01518904903088061,1,1,1
1227,0.0,dev,3.7479928435633526e-07,0.9999996252007156,0,1,1
1228,1.0,train,0.9999956431192051,4.3568807949960525e-06,1,1,1
1229,0.0,train,0.9763105297345401,0.023689470265459752,1,1,1
1230,0.0,train,2.0611536181902033e-09,0.9999999979388463,0,0,1
1231,0.0,train,0.8596637648915616,0.1403362351084383,1,1,1
1232,1.0,train,0.999987970362484,1.2029637516089554e-05,1,1,1
1233,0.0,train,0.0028449094958920866,0.9971550905041079,0,1,1
1234,1.0,train,0.9895109068841395,0.010489093115860562,1,1,1
1235,0.0,train,0.9957353661936905,0.004264633806309364,1,1,1
1236,1.0,train,0.9711290955604489,0.028870904439551107,1,1,1
1237,1.0,train,0.9999215621029349,7.843789706500355e-05,1,1,1
1238,1.0,train,0.03732688680867724,0.9626731131913229,0,1,1
1239,1.0,train,0.9999993213267423,6.78673257666885e-07,1,1,1
1240,1.0,train,0.010818450247497629,0.9891815497525024,0,1,1
1241,1.0,train,1.4144763779741331e-06,0.9999985855236221,0,1,1
1242,0.0,train,0.00023413590849029995,0.9997658640915097,0,1,1
1243,1.0,train,0.999995362125666,4.637874333994497e-06,1,1,1
1244,1.0,train,0.9999611688849237,3.883111507623478e-05,1,1,1
1245,1.0,train,0.9961755170366181,0.003824482963381757,1,1,1
1246,1.0,train,0.0060975625538022315,0.9939024374461978,0,1,1
1247,1.0,train,0.9998911031045761,0.00010889689542393209,1,1,1
1248,1.0,train,0.9977481526033185,0.002251847396681547,1,1,1
1249,0.0,train,5.955141833293436e-06,0.9999940448581667,0,1,1
1250,1.0,train,0.9980429832198815,0.0019570167801184887,1,1,1
1251,1.0,train,0.9353465062370313,0.06465349376296874,1,1,1
1252,1.0,dev,0.9998822553967515,0.00011774460324839972,1,1,1
1253,1.0,train,0.8872045892435128,0.11279541075648725,1,1,1
1254,0.0,test,6.814871805445644e-05,0.9999318512819455,0,1,1
1255,0.0,train,3.288748379376307e-06,0.9999967112516207,0,1,1
1256,1.0,test,0.9919380097825381,0.008061990217461986,1,1,1
1257,0.0,train,0.013020489730854469,0.9869795102691455,0,1,1
1258,0.0,train,9.223471759387192e-06,0.9999907765282406,0,1,1
1259,1.0,train,0.28457600421652673,0.7154239957834733,0,1,1
1260,1.0,train,0.9996079581348478,0.0003920418651522747,1,1,1
1261,0.0,test,0.998951530717232,0.001048469282768038,1,1,1
1262,0.0,train,0.0006462033484574716,0.9993537966515426,0,1,1
1263,1.0,train,0.9984988175087374,0.001501182491262682,1,1,1
1264,0.0,train,7.254359661207777e-05,0.999927456403388,0,1,1
1265,0.0,train,0.006289902509441746,0.9937100974905583,0,1,1
1266,0.0,train,0.9755769092358045,0.024423090764195313,1,1,1
1267,0.0,dev,0.00022693391158898154,0.999773066088411,0,1,1
1268,1.0,dev,0.9999911989015875,8.801098412610883e-06,1,1,1
1269,0.0,train,0.787931190663057,0.2120688093369431,1,1,1
1270,0.0,dev,0.0017546143056998242,0.9982453856943001,0,1,1
1271,0.0,train,1.8058512341224217e-05,0.9999819414876587,0,1,1
1272,0.0,train,0.002251847145584711,0.9977481528544153,0,1,1
1273,1.0,train,0.28140560742914383,0.7185943925708561,0,1,1
1274,0.0,train,6.893608811647819e-07,0.9999993106391187,0,1,1
1275,0.0,train,6.108856558024325e-05,0.9999389114344198,0,1,1
1276,1.0,train,0.9923043537319406,0.007695646268059539,1,1,1
1277,0.0,train,2.8291319999565175e-07,0.9999997170867999,0,1,1
1278,1.0,train,0.9230391695967071,0.07696083040329289,1,1,1
1279,1.0,train,0.999614033975534,0.00038596602446586343,1,1,1
1280,1.0,train,0.7799929002541067,0.22000709974589314,1,1,1
1281,0.0,train,0.712232184238947,0.2877678157610531,1,1,1
1282,0.0,train,0.9828232921196858,0.017176707880314276,1,1,1
1283,1.0,train,0.10818896318842186,0.8918110368115783,0,1,1
1284,1.0,train,0.9992445945472371,0.000755405452762862,1,1,1
1285,1.0,dev,0.9960545930762795,0.0039454069237204,1,1,1
1286,0.0,train,4.495183721974173e-06,0.9999955048162781,0,1,1
1287,1.0,train,0.8397339797047029,0.16026602029529713,1,1,1
1288,1.0,train,0.9999975175194172,2.482480582793933e-06,1,1,1
1289,0.0,train,0.23934934732271168,0.7606506526772884,0,1,1
1290,0.0,train,1.892514260601123e-05,0.999981074857394,0,1,1
1291,0.0,train,2.014568845143143e-05,0.9999798543115486,0,1,1
1292,1.0,train,0.8856314738181876,0.1143685261818125,1,1,1
1293,1.0,train,0.998883985607266,0.0011160143927338923,1,1,1
1294,0.0,train,0.003945407275075553,0.9960545927249245,0,1,1
1295,1.0,test,0.991152645570417,0.008847354429583083,1,1,1
1296,1.0,train,0.9999985406240018,1.4593759981766253e-06,1,1,1
1297,1.0,train,0.991152645570417,0.008847354429583083,1,1,1
1298,1.0,train,0.018833128789033683,0.9811668712109662,0,1,1
1299,1.0,test,0.998967768794224,0.001032231205776036,1,1,1
1300,1.0,train,0.9986329740695497,0.0013670259304503051,1,1,1
1301,1.0,train,0.9857180694313358,0.014281930568664255,1,1,1
1302,0.0,train,0.9793540677542982,0.02064593224570178,1,1,1
1303,0.0,train,0.855851135937125,0.14414886406287503,1,1,1
1304,1.0,train,0.9999329077749978,6.709222500230612e-05,1,1,1
1305,1.0,train,0.9999992546231014,7.453768986726145e-07,1,1,1
1306,0.0,train,0.0026730059533398025,0.9973269940466601,0,1,1
1307,1.0,train,0.993996404114505,0.006003595885494954,1,1,1
1308,1.0,train,0.05834584552384339,0.9416541544761566,0,1,1
1309,1.0,dev,0.014063624770457132,0.9859363752295428,0,1,1
1310,0.0,train,7.453770597237409e-07,0.9999992546229401,0,1,1
1311,1.0,train,0.9999933565653699,6.643434630090538e-06,1,1,1
1312,0.0,train,8.579236147521299e-07,0.9999991420763852,0,1,1
1313,1.0,train,0.9999985176423349,1.4823576650363149e-06,1,1,1
1314,1.0,train,0.9817357208465786,0.018264279153421537,1,1,1
1315,0.0,dev,1.67014148798368e-05,0.9999832985851201,0,1,1
1316,0.0,train,0.9950945945852285,0.0049054054147713464,1,1,1
1317,0.0,test,2.8409736172892467e-05,0.999971590263827,0,1,1
1318,1.0,train,0.9991440993377687,0.0008559006622312217,1,1,1
1319,1.0,train,0.9999586646043866,4.13353956132105e-05,1,1,1
1320,0.0,train,0.00017674511703762158,0.9998232548829624,0,1,1
1321,1.0,train,0.0022170135173898474,0.9977829864826102,0,1,1
1322,1.0,test,0.9986329744967407,0.0013670255032594038,1,1,1
1323,1.0,train,0.9999263140839126,7.368591608734685e-05,1,1,1
1324,1.0,train,0.9999538872458451,4.61127541547824e-05,1,1,1
1325,0.0,train,0.0070117962115073445,0.9929882037884927,0,1,1
1326,1.0,train,0.9449947132556618,0.055005286744338196,1,1,1
1327,0.0,train,2.144494969910511e-05,0.9999785550503009,0,1,1
1328,1.0,train,0.9943580910401949,0.005641908959805038,1,1,1
1329,1.0,train,0.9999979419502617,2.0580497382922766e-06,1,1,1
1330,0.0,train,0.3486451217982255,0.6513548782017746,0,1,1
1331,1.0,test,0.9989012686735824,0.0010987313264175622,1,1,1
1332,1.0,train,0.9999854895235535,1.4510476446575974e-05,1,1,1
1333,1.0,train,0.06853749683715711,0.931462503162843,0,1,1
1334,1.0,train,0.9999995883635957,4.1163640427079016e-07,1,1,1
1335,0.0,train,0.9019206738932334,0.09807932610676663,1,1,1
1336,0.0,train,1.834289387453765e-05,0.9999816571061255,0,1,1
1337,1.0,train,0.9999972735301761,2.726469823793882e-06,1,1,1
1338,1.0,dev,0.9999952890896077,4.710910392335729e-06,1,1,1
1339,0.0,train,0.0007554056777212008,0.9992445943222789,0,1,1
1340,0.0,dev,1.5206845808985294e-05,0.999984793154191,0,1,1
1341,0.0,train,0.05665242052980391,0.943347579470196,0,1,1
1342,1.0,train,0.9999942280780346,5.771921965339467e-06,1,1,1
1343,0.0,train,1.0783309009342938e-05,0.9999892166909907,0,1,1
1344,0.0,dev,0.0003799844921116293,0.9996200155078883,0,1,1
1345,1.0,dev,1.568954271406236e-05,0.999984310457286,0,1,1
1346,1.0,train,0.9838471635202024,0.01615283647979755,1,1,1
1347,0.0,train,0.6791787121629466,0.3208212878370535,1,1,1
1348,0.0,train,0.5888891163376235,0.41111088366237647,1,1,1
1349,1.0,train,2.2252812957435307e-06,0.9999977747187042,0,1,1
1350,0.0,test,0.38861802670584894,0.6113819732941511,0,1,1
1351,,,0.00019411312604801346,0.9998058868739521,0,1,1
1352,0.0,train,0.0028895814471105855,0.9971104185528895,0,1,1
1353,1.0,test,0.9999952149058973,4.785094102722957e-06,1,1,1
1354,1.0,train,0.9489172608760226,0.0510827391239775,1,1,1
1355,1.0,train,0.999917798070922,8.220192907799945e-05,1,1,1
1356,0.0,train,0.0010817150595090821,0.9989182849404908,0,1,1
1357,1.0,train,0.9999165037236837,8.349627631648006e-05,1,1,1
1358,0.0,train,9.610245559268125e-05,0.9999038975444073,0,1,1
1359,1.0,train,0.7662936324115011,0.23370636758849891,1,1,1
1360,1.0,train,0.9995626656388225,0.000437334361177672,1,1,1
1361,1.0,test,0.7799929002541067,0.22000709974589314,1,1,1
1362,0.0,train,0.7956580903722561,0.20434190962774396,1,1,1
1363,0.0,train,0.8006920020959544,0.19930799790404563,1,1,1
1364,1.0,train,0.9958012047908323,0.0041987952091676484,1,1,1
1365,0.0,train,0.5964331462646254,0.40356685373537454,1,1,1
1366,0.0,train,0.00012931568193357451,0.9998706843180664,0,1,1
1367,1.0,train,0.43398146480389854,0.5660185351961015,0,1,1
1368,0.0,dev,2.586743416491291e-05,0.9999741325658351,0,1,1
1369,1.0,train,0.14033624589467186,0.8596637541053281,0,1,1
1370,0.0,train,5.8291272609594364e-05,0.9999417087273903,0,1,1
1371,0.0,dev,0.0004728544767768028,0.9995271455232231,0,1,1
1372,0.0,train,1.5057020843913017e-06,0.9999984942979158,0,1,1
1373,1.0,train,0.16238003666671086,0.8376199633332891,0,1,1
1374,0.0,dev,0.99435809216875,0.005641907831250053,1,1,1
1375,1.0,train,0.9999996072138144,3.92786185634624e-07,1,1,1
1376,1.0,dev,0.9032941988938414,0.09670580110615863,1,1,1
1377,1.0,test,0.999998965146883,1.0348531170564995e-06,1,1,1
1378,1.0,train,0.8723473879530492,0.12765261204695083,1,1,1
1379,1.0,train,0.9898303437461133,0.010169656253886699,1,1,1
1380,0.0,train,4.05254640094421e-07,0.9999995947453598,0,1,1
1381,1.0,train,0.9991030604960565,0.0008969395039435241,1,1,1
1382,1.0,dev,0.99999281673762,7.183262380064014e-06,1,1,1
1383,0.0,train,0.9959927108756667,0.004007289124333299,1,1,1
1384,1.0,train,0.5813031051514762,0.41869689484852374,1,1,1
1385,0.0,test,0.6297746074044134,0.3702253925955866,1,1,1
1386,0.0,train,3.905485135817003e-06,0.9999960945148643,0,1,1
1387,0.0,test,0.00011235332751089214,0.9998876466724891,0,1,1
1388,0.0,train,0.037892426629607394,0.9621075733703927,0,1,1
1389,1.0,train,0.9995487894703092,0.00045121052969080317,1,1,1
1390,1.0,train,0.9433475746920261,0.05665242530797383,1,1,1
1391,1.0,train,0.9974885361502225,0.0025114638497774847,1,1,1
1392,0.0,train,2.0785175390532117e-05,0.9999792148246095,0,1,1
1393,1.0,train,0.9998204719771593,0.00017952802284068416,1,1,1
1394,1.0,train,0.9999838124172372,1.6187582762805595e-05,1,1,1
1395,1.0,train,0.7772998611746911,0.22270013882530884,1,1,1
1396,0.0,train,0.08756384904745382,0.912436150952546,0,1,1
1397,0.0,train,2.2828002635383027e-05,0.9999771719973647,0,1,1
1398,0.0,test,0.16667542124551754,0.8333245787544825,0,1,1
1399,1.0,test,0.9999957106686317,4.289331368211721e-06,1,1,1
1400,1.0,train,0.9987551566793851,0.0012448433206148938,1,1,1
1401,0.0,train,1.7603427936447469e-06,0.9999982396572065,0,1,1
1402,1.0,train,0.9759464485047915,0.0240535514952084,1,1,1
1403,0.0,train,0.00011061156418520723,0.9998893884358147,0,1,1
1404,0.0,train,1.8162227285779866e-06,0.9999981837772713,0,1,1
1405,1.0,train,0.9998534687410234,0.00014653125897652,1,1,1
1406,1.0,train,0.9626731099786093,0.037326890021390696,1,1,1
1407,0.0,train,0.003222484802642656,0.9967775151973572,0,1,1
1408,0.0,train,1.2289177595826133e-06,0.9999987710822403,0,1,1
1409,1.0,test,0.9970650486913446,0.002934951308655457,1,1,1
1410,1.0,dev,0.9912886136121104,0.00871138638788954,1,1,1
1411,1.0,train,0.9999951395520684,4.860447931531041e-06,1,1,1
1412,1.0,train,0.9994296842929216,0.0005703157070783359,1,1,1
1413,1.0,train,0.9999977747187955,2.2252812045557287e-06,1,1,1
1414,1.0,train,0.9999987121049763,1.2878950237447338e-06,1,1,1
1415,0.0,test,0.0003740956715987304,0.9996259043284011,0,1,1
1416,1.0,train,0.8918110454379297,0.10818895456207035,1,1,1
1417,1.0,train,0.7057850278370112,0.29421497216298875,1,1,1
1418,1.0,train,0.2689414213699951,0.7310585786300049,0,1,1
1419,1.0,train,0.0747700346611247,0.9252299653388754,0,1,1
1420,0.0,train,7.889263056478032e-06,0.9999921107369435,0,1,1
1421,1.0,train,0.11279541523008142,0.8872045847699186,0,1,1
1422,0.0,train,0.0020507436619005516,0.9979492563380994,0,1,1
1423,0.0,train,7.183259543552757e-06,0.9999928167404564,0,1,1
1424,1.0,dev,0.9999692818243863,3.0718175613724334e-05,1,1,1
1425,1.0,train,0.0006166296612990515,0.9993833703387008,0,1,1
1426,1.0,train,0.9869795070137442,0.013020492986255853,1,1,1
1427,0.0,train,0.42632157796989345,0.5736784220301065,0,1,1
1428,1.0,train,0.9987934101081748,0.0012065898918253405,1,1,1
1429,1.0,train,0.9835969638776126,0.016403036122387443,1,1,1
1430,0.0,train,0.009268013380914325,0.9907319866190857,0,1,1
1431,0.0,train,2.6577258205161266e-07,0.9999997342274178,0,1,1
1432,1.0,train,0.9999885212340537,1.147876594625667e-05,1,1,1
1433,1.0,train,0.9970650481680745,0.0029349518319254017,1,1,1
1434,0.0,train,0.8887588052782736,0.11124119472172639,1,1,1
1435,0.0,train,5.95513650901582e-06,0.999994044863491,0,1,1
1436,1.0,train,0.9999953621282922,4.6378717078383255e-06,1,1,1
1437,0.0,train,0.0023596608574566235,0.9976403391425432,0,1,1
1438,1.0,train,0.9999593054227017,4.06945772982966e-05,1,1,1
1439,0.0,train,0.007011795173994563,0.9929882048260054,0,1,1
1440,0.0,train,0.00047285425140888826,0.9995271457485911,0,1,1
1441,0.0,train,5.989274525084493e-07,0.9999994010725476,0,1,1
1442,1.0,train,0.9525741214369554,0.04742587856304458,1,1,1
1443,1.0,train,0.999981074843012,1.8925156988081137e-05,1,1,1
1444,1.0,train,0.9990889489005428,0.0009110510994571826,1,1,1
1445,0.0,test,2.3320749428512677e-06,0.9999976679250571,0,1,1
1446,1.0,test,0.9986749777996871,0.0013250222003128587,1,1,1
1447,0.0,train,2.0611536181902033e-09,0.9999999979388463,0,0,1
1448,0.0,train,0.004198796268339497,0.9958012037316605,0,1,1
1449,0.0,train,0.14608724333058223,0.8539127566694178,0,1,1
1450,0.0,test,0.000561478913379857,0.9994385210866201,0,1,1
1451,0.0,train,0.0446808702726502,0.9553191297273498,0,1,1
1452,1.0,train,0.6619228758499942,0.33807712415000585,1,1,1
1453,0.0,train,9.368715593535749e-06,0.9999906312844066,0,1,1
1454,0.0,train,0.023689468542268728,0.9763105314577313,0,1,1
1455,1.0,train,0.9504109763136773,0.04958902368632276,1,1,1
1456,0.0,train,0.006589772833658652,0.9934102271663413,0,1,1
1457,1.0,train,0.9991030604760263,0.0008969395239737026,1,1,1
1458,0.0,train,0.013636835281429876,0.9863631647185701,0,1,1
1459,1.0,train,0.9999952149059685,4.7850940314198405e-06,1,1,1
1460,0.0,dev,1.0289517778476921e-05,0.9999897104822215,0,1,1
1461,0.0,train,0.5467381519846138,0.45326184801538616,1,1,1
1462,0.0,train,0.7606506635289836,0.23934933647101647,1,1,1
1463,1.0,train,0.9975656183533627,0.00243438164663724,1,1,1
1464,0.0,train,0.411110869232168,0.588889130767832,0,1,1
1465,1.0,train,0.658417500561683,0.341582499438317,1,1,1
1466,0.0,train,4.4694062118664795e-05,0.9999553059378814,0,1,1
1467,1.0,train,0.9848109547583622,0.015189045241637809,1,1,1
1468,0.0,train,3.6478546372645185e-05,0.9999635214536273,0,1,1
1469,1.0,train,0.0050603324821057285,0.9949396675178943,0,1,1
1470,0.0,train,0.2974699426047947,0.7025300573952054,0,1,1
1471,1.0,train,0.9999997342275406,2.6577245928175095e-07,1,1,1
1472,1.0,train,0.9999307781889042,6.92218110957175e-05,1,1,1
1473,0.0,train,0.03461883684716632,0.9653811631528337,0,1,1
1474,1.0,train,0.010818449928570721,0.9891815500714293,0,1,1
1475,1.0,train,0.1329642333263228,0.8670357666736773,0,1,1
1476,1.0,dev,0.006097563456869632,0.9939024365431305,0,1,1
1477,1.0,test,0.9999973157998394,2.68420016057571e-06,1,1,1
1478,1.0,train,0.9993833701688184,0.0006166298311814682,1,1,1
1479,1.0,train,0.23091976292927183,0.7690802370707283,0,1,1
1480,1.0,train,0.992878570358689,0.007121429641310873,1,1,1
1481,0.0,test,9.8746392917586e-07,0.9999990125360708,0,1,1
1482,1.0,train,0.34510528442897664,0.6548947155710233,0,1,1
1483,0.0,train,0.01001356944141587,0.9899864305585842,0,1,1
1484,1.0,train,0.9998028305251632,0.00019716947483676908,1,1,1
1485,1.0,train,0.999996958404768,3.0415952321646665e-06,1,1,1
1486,1.0,train,0.9861513920229634,0.013848607977036496,1,1,1
1487,0.0,train,0.0009697518234184261,0.9990302481765815,0,1,1
1488,1.0,train,0.9986541398991212,0.00134586010087875,1,1,1
1489,0.0,test,0.000295957007701909,0.999704042992298,0,1,1
1490,1.0,train,8.750302889739093e-05,0.9999124969711025,0,1,1
1491,0.0,train,0.0003625902067106542,0.9996374097932894,0,1,1
1492,1.0,dev,0.9643214521983688,0.03567854780163102,1,1,1
1493,0.0,train,1.5534978471905527e-06,0.9999984465021527,0,1,1
1494,1.0,test,0.9999997617631912,2.382368088182005e-07,1,1,1
1495,1.0,train,0.6959583250334526,0.30404167496654744,1,1,1
1496,0.0,train,0.7431680143008301,0.2568319856991699,1,1,1
1497,1.0,dev,0.7931059511841119,0.2068940488158881,1,1,1
1498,0.0,train,0.7879311856832191,0.21206881431678096,1,1,1
1499,1.0,train,0.9999983202679539,1.6797320460365704e-06,1,1,1
1500,0.0,test,2.482481072934689e-06,0.9999975175189272,0,1,1
1501,1.0,train,0.9999994877102685,5.122897315940533e-07,1,1,1
1502,0.0,train,5.626401923728056e-07,0.9999994373598077,0,1,1
1503,1.0,train,0.9449947148047776,0.05500528519522228,1,1,1
1504,1.0,test,0.9994642194377142,0.0005357805622858187,1,1,1
1505,0.0,train,1.308176353750623e-06,0.9999986918236463,0,1,1
1506,1.0,train,0.9999993624452815,6.375547184801787e-07,1,1,1
1507,0.0,train,2.84097344795884e-05,0.9999715902655204,0,1,1
1508,0.0,train,3.48081115878486e-05,0.999965191888412,0,1,1
1509,1.0,train,0.9968763512609449,0.0031236487390551076,1,1,1
1510,,,8.99096325635338e-07,0.9999991009036743,0,1,1
1511,0.0,train,0.712232184238947,0.2877678157610531,1,1,1
1512,1.0,dev,0.9992327074757498,0.0007672925242502829,1,1,1
1513,1.0,dev,0.9999974784260223,2.5215739777298846e-06,1,1,1
1514,1.0,train,0.9994806951490399,0.0005193048509600299,1,1,1
1515,0.0,test,4.68388982079481e-05,0.9999531611017921,0,1,1
1516,1.0,train,0.787931190663057,0.2120688093369431,1,1,1
1517,1.0,train,0.41869689484852374,0.5813031051514762,0,1,1
1518,0.0,train,0.9441768565092026,0.05582314349079732,1,1,1
1519,1.0,train,0.8740772450055544,0.12592275499444552,1,1,1
1520,1.0,train,0.99999211073471,7.889265290085156e-06,1,1,1
1521,1.0,train,0.9997765835432929,0.0002234164567069555,1,1,1
1522,1.0,train,0.9982992778162614,0.0017007221837385621,1,1,1
1523,0.0,train,0.00032503590333859934,0.9996749640966615,0,1,1
1524,0.0,train,0.00011235324046256486,0.9998876467595375,0,1,1
1525,1.0,train,0.9973683262988979,0.0026316737011020143,1,1,1
1526,1.0,train,0.10970577678877605,0.890294223211224,0,1,1
1527,1.0,train,0.9867771770811146,0.013222822918885406,1,1,1
1528,0.0,train,0.8615381987656671,0.13846180123433283,1,1,1
1529,0.0,train,2.668853116334648e-05,0.9999733114688367,0,1,1
1530,0.0,test,0.01826427835185701,0.9817357216481429,0,1,1
1531,0.0,train,1.6373764721095151e-07,0.9999998362623527,0,1,1
1532,0.0,train,0.9967269343487486,0.003273065651251367,1,1,1
1533,1.0,dev,0.011687256618747829,0.9883127433812522,0,1,1
1534,1.0,train,0.9999998555019305,1.444980694034892e-07,1,1,1
1535,0.0,train,0.0060035950851838205,0.9939964049148161,0,1,1
1536,0.0,train,4.1163629769502316e-07,0.9999995883637023,0,1,1
1537,1.0,train,0.9952448009364195,0.0047551990635804455,1,1,1
1538,1.0,train,0.9999501404071004,4.985959289973646e-05,1,1,1
1539,1.0,test,0.9998706843681608,0.0001293156318392637,1,1,1
1540,0.0,train,3.340537959685014e-06,0.9999966594620403,0,1,1
1541,1.0,dev,0.9979809859644392,0.0020190140355606724,1,1,1
1542,1.0,train,0.9999768125142031,2.3187485796961682e-05,1,1,1
1543,1.0,train,0.9999919865012579,8.013498742085297e-06,1,1,1
1544,1.0,dev,0.5813030761371503,0.4186969238628498,1,1,1
1545,0.0,train,0.030214584447621012,0.969785415552379,0,1,1
1546,1.0,dev,0.9908743640929778,0.009125635907022315,1,1,1
1547,0.0,train,0.00029136995650775644,0.9997086300434922,0,1,1
1548,1.0,train,0.9927672352335473,0.007232764766452622,1,1,1
1549,0.0,test,2.332075220855633e-06,0.9999976679247791,0,1,1
1550,1.0,train,0.999976447387774,2.3552612225883014e-05,1,1,1
1551,1.0,dev,0.9875683489638711,0.01243165103612894,1,1,1
1552,1.0,train,0.9989012689924929,0.0010987310075071248,1,1,1
1553,0.0,train,0.00013341999898276792,0.9998665800010172,0,1,1
1554,1.0,train,0.8824278571786139,0.11757214282138605,1,1,1
1555,0.0,train,1.944432611570027e-07,0.9999998055567388,0,1,1
1556,1.0,train,0.03789242337013433,0.9621075766298656,0,1,1
1557,0.0,train,0.900529778109184,0.09947022189081606,1,1,1
1558,1.0,train,0.9683812345563904,0.03161876544360968,1,1,1
1559,1.0,train,0.9796676433923709,0.02033235660762914,1,1,1
1560,1.0,train,0.9998623454011768,0.00013765459882316954,1,1,1
1561,0.0,train,0.3849121585956185,0.6150878414043816,0,1,1
1562,1.0,dev,0.9990149915419585,0.0009850084580414892,1,1,1
1563,1.0,test,0.9991030605361167,0.0008969394638831687,1,1,1
1564,1.0,train,0.1871326821624266,0.8128673178375735,0,1,1
1565,1.0,train,0.9999706884629691,2.9311537030930174e-05,1,1,1
1566,1.0,train,0.9999097195765569,9.028042344305672e-05,1,1,1
1567,1.0,train,0.904650538956921,0.09534946104307897,1,1,1
1568,1.0,train,0.9999485577931563,5.144220684362586e-05,1,1,1
1569,1.0,dev,0.480478678047907,0.5195213219520929,0,1,1
1570,1.0,dev,0.0002415662119167687,0.9997584337880834,0,1,1
1571,0.0,train,2.0462932829931794e-05,0.99997953706717,0,1,1
1572,0.0,train,6.0489167777118744e-06,0.9999939510832223,0,1,1
1573,0.0,train,0.21206880435710532,0.7879311956428947,0,1,1
1574,0.0,train,0.017986206803753842,0.9820137931962463,0,1,1
1575,1.0,train,0.9999995335550333,4.664449666905974e-07,1,1,1
1576,0.0,train,0.0001072088264794318,0.9998927911735206,0,1,1
1577,1.0,train,0.8376199552262966,0.16238004477370327,1,1,1
1578,0.0,train,0.8723473813156294,0.12765261868437058,1,1,1
1579,1.0,train,0.9999538872652558,4.61127347441579e-05,1,1,1
1580,0.0,train,0.00017674522236733233,0.9998232547776327,0,1,1
1581,0.0,train,6.4390401020576e-06,0.999993560959898,0,1,1
1582,0.0,test,6.962257910058252e-06,0.9999930377420899,0,1,1
1583,1.0,train,0.9999981261244908,1.8738755093041026e-06,1,1,1
1584,1.0,train,0.9777138118632621,0.022286188136737824,1,1,1
1585,1.0,train,0.9999987121043525,1.2878956474558507e-06,1,1,1
1586,0.0,train,0.6893056295505783,0.3106943704494217,1,1,1
1587,0.0,train,0.01243164938964095,0.987568350610359,0,1,1
1588,0.0,train,0.8991213772699436,0.10087862273005653,1,1,1
1589,1.0,train,0.9999963880177998,3.611982200115923e-06,1,1,1
1590,0.0,train,0.8499711642563823,0.15002883574361767,1,1,1
1591,1.0,train,0.9999994373595938,5.62640406164527e-07,1,1,1
1592,1.0,test,0.8791467643431002,0.12085323565689977,1,1,1
1593,1.0,train,0.9999962146750496,3.7853249504821147e-06,1,1,1
1594,1.0,train,0.9787126457229186,0.02128735427708143,1,1,1
1595,0.0,train,0.06754668926255561,0.9324533107374443,0,1,1
1596,1.0,dev,0.9960545937497103,0.003945406250289778,1,1,1
1597,0.0,train,0.0003250357096651328,0.9996749642903349,0,1,1
1598,0.0,train,3.7636465126759763e-05,0.9999623635348733,0,1,1
1599,0.0,train,0.11757214282138605,0.8824278571786139,0,1,1
1600,0.0,train,0.055005286744338196,0.9449947132556618,0,1,1
1601,1.0,train,0.9953904276155118,0.004609572384488282,1,1,1
1602,0.0,train,1.444979089910191e-07,0.999999855502091,0,1,1
1603,,,0.9927672360360255,0.007232763963974636,1,1,1
1604,1.0,dev,0.0001159193190064773,0.9998840806809935,0,1,1
1605,1.0,test,0.9999082979967894,9.17020032104697e-05,1,1,1
1606,0.0,train,0.003222484228274398,0.9967775157717256,0,1,1
1607,1.0,train,0.9998686482225051,0.00013135177749489714,1,1,1
1608,0.0,train,0.0013885232756900101,0.99861147672431,0,1,1
1609,1.0,train,0.9828232884721165,0.017176711527883394,1,1,1
1610,1.0,train,0.04146226797365689,0.9585377320263431,0,1,1
1611,1.0,train,0.8519528019683106,0.1480471980316895,1,1,1
1612,1.0,train,0.9711290953515542,0.028870904648445828,1,1,1
1613,0.0,train,9.132550740664862e-07,0.999999086744926,0,1,1
1614,1.0,train,0.9960545940132266,0.003945405986773478,1,1,1
1615,1.0,train,0.0003150387879406219,0.9996849612120593,0,1,1
1616,0.0,train,0.0010322308523680697,0.998967769147632,0,1,1
1617,1.0,train,0.9999952149055764,4.785094423586996e-06,1,1,1
1618,0.0,dev,0.0010987308766721006,0.998901269123328,0,1,1
1619,1.0,train,0.9976403388619137,0.0023596611380863773,1,1,1
1620,1.0,dev,0.9999646437339802,3.5356266019833974e-05,1,1,1
1621,1.0,train,0.9989515307796601,0.0010484692203399234,1,1,1
1622,1.0,train,0.9969246296474096,0.0030753703525904044,1,1,1
1623,0.0,train,0.6584175139669997,0.3415824860330004,1,1,1
1624,0.0,test,2.7264697831664266e-06,0.9999972735302167,0,1,1
1625,0.0,train,6.854318028726074e-06,0.9999931456819713,0,1,1
1626,0.0,train,0.00012339457598623172,0.9998766054240137,0,1,1
1627,0.0,train,1.2411500519252387e-05,0.9999875884994807,0,1,1
1628,1.0,train,0.14608723589515565,0.8539127641048444,0,1,1
1629,1.0,train,0.9985896416083136,0.0014103583916863305,1,1,1
1630,0.0,train,0.00011235322707052048,0.9998876467729295,0,1,1
1631,1.0,train,0.9999782173490008,2.17826509991395e-05,1,1,1
1632,0.0,train,0.036769466075598736,0.9632305339244013,0,1,1
1633,1.0,train,0.46490157137338844,0.5350984286266115,0,1,1
1634,1.0,train,0.9980429831034624,0.001957016896537501,1,1,1
1635,1.0,train,0.9999970519847698,2.94801523008842e-06,1,1,1
1636,1.0,train,0.9970650476011986,0.00293495239880128,1,1,1
1637,0.0,train,0.9998534687595805,0.00014653124041961053,1,1,1
1638,1.0,dev,0.9999944056626617,5.594337338307537e-06,1,1,1
1639,1.0,train,0.998883985839825,0.0011160141601750007,1,1,1
1640,1.0,train,0.9901401433871891,0.00985985661281073,1,1,1
1641,0.0,dev,0.0001253375291959852,0.9998746624708039,0,1,1
1642,1.0,dev,0.9999991009040093,8.990959906962199e-07,1,1,1
1643,0.0,dev,0.0061929903412776665,0.9938070096587224,0,1,1
1644,1.0,train,0.9999741325704603,2.586742953957529e-05,1,1,1
1645,1.0,train,0.9999911988992267,8.801100773228972e-06,1,1,1
1646,1.0,train,0.9518632329799585,0.0481367670200415,1,1,1
1647,0.0,train,0.9658995767417298,0.03410042325827016,1,1,1
1648,0.0,train,9.170199091340134e-05,0.9999082980090866,0,1,1
1649,0.0,train,7.934499954967015e-07,0.9999992065500046,0,1,1
1650,1.0,train,0.9999942280801849,5.771919815143788e-06,1,1,1
1651,1.0,train,0.9999929281076299,7.071892370155343e-06,1,1,1
1652,0.0,train,3.2563121910858323e-07,0.9999996743687808,0,1,1
1653,1.0,train,0.9999667858104961,3.32141895038756e-05,1,1,1
1654,1.0,train,0.9086178981700931,0.09138210182990686,1,1,1
1655,0.0,dev,0.9678992965238714,0.032100703476128575,1,1,1
1656,0.0,train,1.816222512067772e-06,0.9999981837774881,0,1,1
1657,1.0,train,0.9959927113811954,0.004007288618804561,1,1,1
1658,0.0,train,0.8267117940706734,0.17328820592932656,1,1,1
1659,1.0,train,0.9999942280805719,5.771919428108651e-06,1,1,1
1660,0.0,train,1.5294126764903401e-06,0.9999984705873236,0,1,1
1661,0.0,dev,0.08269733589276139,0.9173026641072386,0,1,1
1662,0.0,train,3.705296314624225e-05,0.9999629470368537,0,1,1
1663,1.0,train,0.9999996010283523,3.9897164771962593e-07,1,1,1
1664,1.0,train,0.999999721472766,2.785272341856799e-07,1,1,1
1665,0.0,train,0.36296921930155557,0.6370307806984444,0,1,1
1666,0.0,train,3.747993960552011e-07,0.9999996252006039,0,1,1
1667,1.0,train,0.9893474907307123,0.010652509269287706,1,1,1
1668,0.0,train,0.04084571941267691,0.9591542805873231,0,1,1
1669,0.0,train,2.9649053693825735e-07,0.999999703509463,0,1,1
1670,1.0,train,0.9999983971886182,1.6028113819093513e-06,1,1,1
1671,1.0,train,0.9999980666417647,1.933358235283124e-06,1,1,1
1672,1.0,train,0.13296424019782924,0.8670357598021706,0,1,1
1673,0.0,train,0.00037409558244074875,0.9996259044175593,0,1,1
1674,0.0,train,1.2029635499488844e-05,0.9999879703645006,0,1,1
1675,1.0,dev,0.00433150189203432,0.9956684981079656,0,1,1
1676,1.0,train,0.9994207084551717,0.0005792915448282236,1,1,1
1677,0.0,train,7.368592981140819e-05,0.9999263140701885,0,1,1
1678,1.0,train,0.9999966068565522,3.3931434478129783e-06,1,1,1
1679,0.0,train,9.818329031900428e-06,0.9999901816709681,0,1,1
1680,1.0,train,0.9973683262011186,0.0026316737988814993,1,1,1
1681,1.0,train,0.986777179608705,0.013222820391294979,1,1,1
1682,1.0,train,0.9658995713428387,0.034100428657161376,1,1,1
1683,1.0,train,0.5736784074525096,0.4263215925474903,1,1,1
1684,1.0,test,0.9999988455376746,1.1544623253697309e-06,1,1,1
1685,0.0,train,0.0009697520544010922,0.9990302479455988,0,1,1
1686,0.0,train,0.0004373342211279888,0.9995626657788719,0,1,1
1687,1.0,train,0.99999834630965,1.6536903499189255e-06,1,1,1
1688,0.0,train,1.7704280756338302e-07,0.9999998229571925,0,1,1
1689,1.0,train,0.9999629470263636,3.7052973636366385e-05,1,1,1
1690,1.0,train,0.9971104187890247,0.00288958121097525,1,1,1
1691,1.0,train,0.9999871945317498,1.2805468250292826e-05,1,1,1
1692,1.0,train,0.9996485617341018,0.0003514382658982907,1,1,1
1693,1.0,train,0.6757645879592642,0.32423541204073586,1,1,1
1694,0.0,train,0.9979492569327674,0.002050743067232649,1,1,1
1695,1.0,train,0.9124361652391385,0.08756383476086142,1,1,1
1696,1.0,train,0.9999538872418945,4.6112758105618485e-05,1,1,1
1697,0.0,train,0.0006878510731134058,0.9993121489268866,0,1,1
1698,1.0,train,4.198631073930913e-05,0.9999580136892608,0,1,1
1699,0.0,dev,0.0017546140447006954,0.9982453859552992,0,1,1
1700,0.0,test,4.8325638187255363e-05,0.9999516743618128,0,1,1
1701,1.0,train,0.016914916240187736,0.9830850837598123,0,1,1
1702,0.0,train,0.004468383868771592,0.9955316161312283,0,1,1
1703,1.0,dev,0.9999944923937708,5.507606229141535e-06,1,1,1
1704,1.0,train,0.9998601779566425,0.00013982204335742334,1,1,1
1705,0.0,train,0.14414886773958663,0.8558511322604133,0,1,1
1706,1.0,train,0.9978510503648912,0.002148949635108747,1,1,1
1707,0.0,train,0.005911068593560405,0.9940889314064396,0,1,1
1708,1.0,train,0.9999443779488666,5.5622051133450464e-05,1,1,1
1709,0.0,train,3.520913096802107e-07,0.9999996479086904,0,1,1
1710,1.0,dev,0.9532750427013548,0.046724957298645224,1,1,1
1711,0.0,test,0.0006361911351551085,0.9993638088648449,0,1,1
1712,1.0,train,0.9999996533673865,3.466326133641406e-07,1,1,1
1713,1.0,train,0.9957353647383196,0.0042646352616803095,1,1,1
1714,0.0,train,0.017712295073786605,0.9822877049262134,0,1,1
1715,0.0,train,0.04084572058025284,0.9591542794197472,0,1,1
1716,1.0,train,0.9916842217682945,0.008315778231705517,1,1,1
1717,0.0,train,0.3960681662740417,0.6039318337259583,0,1,1
1718,1.0,train,0.9999994877104297,5.122895703319981e-07,1,1,1
1719,1.0,train,4.9859602929276084e-05,0.9999501403970708,0,1,1
1720,0.0,train,0.9173026505426832,0.08269734945731683,1,1,1
1721,0.0,test,0.006097561470121527,0.9939024385298785,0,1,1
1722,0.0,train,0.963779946215714,0.036220053784286124,1,1,1
1723,0.0,train,3.0415958780198073e-06,0.9999969584041221,0,1,1
1724,1.0,train,0.00912563941030573,0.9908743605896942,0,1,1
1725,0.0,train,0.8824278757303677,0.11757212426963223,1,1,1
1726,1.0,dev,0.3629692055196168,0.6370307944803831,0,1,1
1727,1.0,train,0.9977829873066808,0.002217012693319141,1,1,1
1728,0.0,train,9.97294575482214e-06,0.9999900270542452,0,1,1
1729,1.0,train,0.0056419079984433695,0.9943580920015566,0,1,1
1730,1.0,dev,0.9998339615292258,0.00016603847077421377,1,1,1
1731,1.0,train,0.9999985406240942,1.4593759057545756e-06,1,1,1
1732,1.0,test,0.9999938558267711,6.144173228893267e-06,1,1,1
1733,0.0,train,0.024053553594035094,0.975946446405965,0,1,1
1734,1.0,test,0.9961755165256767,0.0038244834743233363,1,1,1
1735,1.0,train,0.7905303236047049,0.20946967639529512,1,1,1
1736,0.0,dev,0.9924227599647348,0.007577240035265265,1,1,1
1737,1.0,train,0.44167302036300954,0.5583269796369904,0,1,1
1738,1.0,train,0.9999952149063251,4.785093674904272e-06,1,1,1
1739,0.0,train,0.903294209307224,0.09670579069277599,1,1,1
1740,1.0,train,0.9999871945234493,1.2805476550700298e-05,1,1,1
1741,1.0,train,0.9999813682486568,1.8631751343228625e-05,1,1,1
1742,1.0,train,0.7718434873426302,0.22815651265736978,1,1,1
1743,1.0,train,0.9999993624452007,6.375547992327302e-07,1,1,1
1744,0.0,test,0.055823139563825896,0.9441768604361741,0,1,1
1745,0.0,dev,0.2689414213699951,0.7310585786300049,0,1,1
1746,0.0,train,0.0022872278098962427,0.9977127721901037,0,1,1
1747,0.0,dev,0.3451052574867685,0.6548947425132315,0,1,1
1748,1.0,dev,0.9999863686571484,1.3631342851592213e-05,1,1,1
1749,1.0,test,0.9999910603058265,8.939694173428783e-06,1,1,1
1750,0.0,dev,0.47657965106367595,0.523420348936324,0,1,1
1751,1.0,train,0.9899864274564709,0.010013572543528986,1,1,1
1752,0.0,train,7.141901187066336e-05,0.9999285809881293,0,1,1
1753,0.0,test,1.863175314782083e-05,0.999981368246852,0,1,1
1754,1.0,dev,0.0004955358442379339,0.9995044641557621,0,1,1
1755,0.0,train,0.7401743620390163,0.2598256379609837,1,1,1
1756,1.0,train,0.9951702786123,0.004829721387699981,1,1,1
1757,0.0,train,0.015189050145363965,0.9848109498546361,0,1,1
1758,0.0,train,0.679178699175393,0.32082130082460697,1,1,1
1759,1.0,train,0.9999053874058101,9.461259418982176e-05,1,1,1
1760,1.0,train,0.999998005271029,1.99472897100302e-06,1,1,1
1761,1.0,train,0.9996079582749978,0.0003920417250021694,1,1,1
1762,1.0,train,0.9967775158674537,0.0032224841325463652,1,1,1
1763,0.0,train,0.3311197396289915,0.6688802603710086,0,1,1
1764,0.0,train,1.5534974768084233e-06,0.9999984465025233,0,1,1
1765,1.0,train,0.8519528019683106,0.1480471980316895,1,1,1
1766,1.0,train,0.9748211608596272,0.02517883914037278,1,1,1
1767,1.0,test,0.9997546304152787,0.00024536958472134616,1,1,1
1768,1.0,train,0.9752018408854882,0.024798159114511883,1,1,1
1769,0.0,train,0.8459424295406087,0.1540575704593912,1,1,1
1770,0.0,train,0.04468086518426274,0.9553191348157372,0,1,1
1771,0.0,dev,0.0005976694779106127,0.9994023305220895,0,1,1
1772,0.0,test,0.004982269730421259,0.9950177302695786,0,1,1
1773,1.0,train,0.9999177980693911,8.220193060900386e-05,1,1,1
1774,0.0,train,5.338156978098109e-06,0.999994661843022,0,1,1
1775,0.0,dev,0.0015011821227223277,0.9984988178772778,0,1,1
1776,0.0,train,0.2689414213699951,0.7310585786300049,0,1,1
1777,1.0,train,0.25683199138751883,0.7431680086124811,0,1,1
1778,0.0,train,0.00010554683279263808,0.9998944531672074,0,1,1
1779,1.0,train,0.9996317019368328,0.0003682980631672231,1,1,1
1780,0.0,train,0.2909808539178129,0.709019146082187,0,1,1
1781,0.0,train,0.0004173157109505683,0.9995826842890494,0,1,1
1782,1.0,train,0.9995826842144587,0.0004173157855412982,1,1,1
1783,1.0,dev,0.9998204719918701,0.0001795280081298582,1,1,1
1784,0.0,dev,3.7479926201656613e-07,0.999999625200738,0,1,1
1785,1.0,train,0.9999861539964678,1.384600353215999e-05,1,1,1
1786,0.0,dev,5.805003335073609e-07,0.9999994194996665,0,1,1
1787,1.0,train,0.8175744673038221,0.18242553269617778,1,1,1
1788,0.0,test,0.9273632876167045,0.07263671238329551,1,1,1
1789,0.0,test,0.09947021121253752,0.9005297887874624,0,1,1
1790,0.0,test,0.07159119548287624,0.9284088045171238,0,1,1
1791,1.0,train,0.9999995818814139,4.1811858606174356e-07,1,1,1
1792,0.0,train,0.0747700346611247,0.9252299653388754,0,1,1
1793,1.0,train,0.9715639681901894,0.02843603180981054,1,1,1
1794,0.0,train,2.885710806889901e-05,0.9999711428919311,0,1,1
1795,1.0,train,0.9994887422016113,0.0005112577983887471,1,1,1
1796,1.0,test,0.9999753170895238,2.4682910476223205e-05,1,1,1
1797,1.0,train,0.9997997261497378,0.00020027385026214872,1,1,1
1798,0.0,dev,0.6297746074044134,0.3702253925955866,1,1,1
1799,1.0,train,0.964321448096903,0.03567855190309708,1,1,1
1800,0.0,train,0.0004955357999555332,0.9995044642000446,0,1,1
1801,1.0,train,0.00017952803353946743,0.9998204719664606,0,1,1
1802,0.0,train,0.014063629935885703,0.9859363700641142,0,1,1
1803,0.0,test,0.008985430477533371,0.9910145695224666,0,1,1
1804,1.0,dev,0.967899295134923,0.03210070486507694,1,1,1
1805,0.0,train,0.626124191181315,0.37387580881868504,1,1,1
1806,1.0,train,0.9999586646204007,4.133537959929536e-05,1,1,1
1807,1.0,dev,0.9994806952205816,0.0005193047794184372,1,1,1
1808,0.0,train,0.003075369119077949,0.996924630880922,0,1,1
1809,1.0,train,0.1801066552847503,0.8198933447152497,0,1,1
1810,0.0,train,0.0008969391100167724,0.9991030608899831,0,1,1
1811,1.0,train,0.9990600559933993,0.0009399440066006758,1,1,1
1812,0.0,dev,0.0010817150595090821,0.9989182849404908,0,1,1
1813,0.0,train,0.9999994194996514,5.805003486450781e-07,1,1,1
1814,0.0,dev,0.08389038870097157,0.9161096112990283,0,1,1
1815,0.0,train,5.9209138707651005e-05,0.9999407908612924,0,1,1
1816,1.0,train,0.9960545937204306,0.003945406279569367,1,1,1
1817,1.0,train,0.9987156918703095,0.0012843081296905214,1,1,1
1818,1.0,train,0.9997086299480016,0.000291370051998456,1,1,1
1819,0.0,train,0.08632348598851411,0.9136765140114859,0,1,1
1820,0.0,dev,9.132549651981035e-07,0.9999990867450348,0,1,1
1821,1.0,train,0.9996485617812166,0.00035143821878331344,1,1,1
1822,1.0,train,0.9994207083947819,0.0005792916052180399,1,1,1
1823,1.0,dev,0.999997142683818,2.857316181905643e-06,1,1,1
1824,1.0,train,0.8459424256566558,0.1540575743433442,1,1,1
1825,0.0,dev,2.7535689473373624e-05,0.9999724643105266,0,1,1
1826,0.0,train,0.0015487612786287584,0.9984512387213713,0,1,1
1827,0.0,train,7.646536894355615e-06,0.9999923534631058,0,1,1
1828,0.0,train,0.9230391717138003,0.07696082828619968,1,1,1
1829,1.0,test,0.9441768596507799,0.05582314034922016,1,1,1
1830,0.0,train,0.30735801686526387,0.6926419831347361,0,1,1
1831,1.0,train,0.9999697580304256,3.0241969574306466e-05,1,1,1
1832,0.0,train,0.10374861855288664,0.8962513814471134,0,1,1
1833,1.0,train,0.9988664310708381,0.0011335689291619537,1,1,1
1834,1.0,train,0.9999940448599414,5.955140058533702e-06,1,1,1
1835,1.0,train,0.9997694932642708,0.00023050673572924443,1,1,1
1836,0.0,train,0.0705596020506861,0.9294403979493139,0,1,1
1837,0.0,train,3.7853256555512266e-06,0.9999962146743444,0,1,1
1838,1.0,test,0.9857180632428862,0.01428193675711383,1,1,1
1839,1.0,train,0.7520125737597972,0.24798742624020276,1,1,1
1840,1.0,dev,0.999998563249192,1.4367508080447558e-06,1,1,1
1841,0.0,train,0.0017274586781230482,0.9982725413218769,0,1,1
1842,1.0,test,0.9999989969862555,1.0030137444474226e-06,1,1,1
1843,1.0,train,0.0022518470786255596,0.9977481529213745,0,1,1
1844,1.0,dev,0.999998996985979,1.0030140209494689e-06,1,1,1
1845,1.0,train,0.9766692318706084,0.023330768129391548,1,1,1
1846,0.0,train,2.037749319448865e-07,0.999999796225068,0,1,1
1847,0.0,train,0.00818790965967551,0.9918120903403246,0,1,1
1848,1.0,train,0.9793540656452213,0.020645934354778624,1,1,1
1849,1.0,test,0.9999982669483699,1.7330516300034113e-06,1,1,1
1850,0.0,train,1.0953124780045088e-05,0.99998904687522,0,1,1
1851,1.0,dev,0.9999941371853548,5.862814645262514e-06,1,1,1
1852,1.0,train,0.6076631698328917,0.3923368301671084,1,1,1
1853,0.0,train,7.071891685194067e-06,0.9999929281083149,0,1,1
1854,1.0,train,0.9999981261237787,1.8738762213373893e-06,1,1,1
1855,0.0,train,0.037326884131416216,0.9626731158685837,0,1,1
1856,1.0,train,0.008061990574955507,0.9919380094250445,0,1,1
1857,1.0,dev,0.96741025687827,0.03258974312173014,1,1,1
1858,0.0,test,7.571149413053982e-07,0.9999992428850587,0,1,1
1859,0.0,train,0.0001713081321807539,0.9998286918678192,0,1,1
1860,1.0,train,0.9999683067531268,3.1693246873172603e-05,1,1,1
1861,0.0,test,0.9999988088920199,1.1911079800612621e-06,1,1,1
1862,0.0,train,0.5660185351961015,0.43398146480389854,1,1,1
1863,0.0,train,9.91527429779572e-05,0.999900847257022,0,1,1
1864,0.0,test,0.31069438321455395,0.689305616785446,0,1,1
1865,1.0,train,0.9184802462567085,0.08151975374329136,1,1,1
1866,1.0,train,0.9372107931567177,0.06278920684328233,1,1,1
1867,1.0,train,0.17328820592932656,0.8267117940706734,0,1,1
1868,1.0,train,0.9999941371870802,5.862812919858649e-06,1,1,1
1869,1.0,train,0.99999146967527,8.530324729896731e-06,1,1,1
1870,0.0,test,0.00019411318677896262,0.9998058868132211,0,1,1
1871,0.0,train,0.0006166296796647159,0.9993833703203354,0,1,1
1872,0.0,train,0.9219218305645894,0.07807816943541052,1,1,1
1873,1.0,train,0.9999944923918012,5.507608198804516e-06,1,1,1
1874,1.0,train,0.6757646010190476,0.32423539898095244,1,1,1
1875,1.0,test,0.9952448004780328,0.004755199521967253,1,1,1
1876,0.0,train,5.626399911571419e-07,0.9999994373600088,0,1,1
1877,0.0,train,0.7606506526772884,0.23934934732271168,1,1,1
1878,1.0,test,0.004007289064859327,0.9959927109351407,0,1,1
1879,0.0,train,8.714339080827895e-07,0.9999991285660919,0,1,1
1880,1.0,train,0.40356685373537454,0.5964331462646254,0,1,1
1881,1.0,train,0.9748211590308923,0.025178840969107812,1,1,1
1882,0.0,train,0.9843363524370843,0.01566364756291558,1,1,1
1883,1.0,dev,0.9988304898393846,0.0011695101606154403,1,1,1
1884,0.0,train,0.05500528364610642,0.9449947163538936,0,1,1
1885,1.0,dev,0.17781088254882682,0.8221891174511733,0,1,1
1886,0.0,train,0.3593641588823761,0.6406358411176238,0,1,1
1887,0.0,train,0.754914975839675,0.24508502416032488,1,1,1
1888,1.0,train,0.49218813572079556,0.5078118642792044,0,1,1
1889,1.0,train,0.2068940488158881,0.7931059511841119,0,1,1
1890,0.0,test,0.023689475435033566,0.9763105245649664,0,1,1
1891,0.0,train,7.002168947755554e-07,0.9999992997831051,0,1,1
1892,1.0,train,0.038466190916039394,0.9615338090839607,0,1,1
1893,0.0,train,0.9939964038921963,0.006003596107803619,1,1,1
1894,0.0,train,5.043475284471976e-07,0.9999994956524715,0,1,1
1895,1.0,train,0.9927672373734885,0.007232762626511519,1,1,1
1896,1.0,train,0.999998691823305,1.3081766948837884e-06,1,1,1
1897,1.0,train,0.9999859359499995,1.40640500004766e-05,1,1,1
1898,0.0,train,0.9019206673024667,0.09807933269753345,1,1,1
1899,0.0,train,0.00021995332000263507,0.9997800466799973,0,1,1
1900,0.0,train,0.0012448433761944539,0.9987551566238054,0,1,1
1901,0.0,train,0.11436851712592713,0.8856314828740728,0,1,1
1902,1.0,train,0.9999957771658317,4.2228341682958295e-06,1,1,1
1903,1.0,train,0.3702253925955866,0.6297746074044134,0,1,1
1904,0.0,train,0.08632348363795307,0.913676516362047,0,1,1
1905,1.0,train,0.999964086980491,3.591301950908514e-05,1,1,1
1906,1.0,train,0.9999715902579005,2.840974209945753e-05,1,1,1
1907,0.0,train,0.7185943925708561,0.28140560742914383,1,1,1
1908,1.0,train,0.9986329745577679,0.001367025442232143,1,1,1
1909,1.0,train,0.9999379495196947,6.205048030536924e-05,1,1,1
1910,1.0,dev,0.9995271456411893,0.00047285435881077166,1,1,1
1911,1.0,train,0.9964619134175609,0.003538086582439148,1,1,1
1912,0.0,train,0.6442251201477016,0.3557748798522984,1,1,1
1913,1.0,train,0.9632305323411169,0.03676946765888317,1,1,1
1914,1.0,dev,0.4882833952958347,0.5117166047041654,0,1,1
1915,1.0,dev,0.9999972735299121,2.726470087872356e-06,1,1,1
1916,1.0,test,0.9999979419499551,2.0580500449649775e-06,1,1,1
1917,0.0,train,0.15203224930631218,0.8479677506936879,0,1,1
1918,1.0,dev,0.0003353500505395985,0.9996646499494605,0,1,1
1919,0.0,test,0.0004442182001271685,0.9995557817998729,0,1,1
1920,0.0,test,7.646537350121258e-06,0.9999923534626499,0,1,1
1921,1.0,test,0.9998601779160198,0.0001398220839802092,1,1,1
1922,1.0,train,0.9986541394985634,0.0013458605014365543,1,1,1
1923,1.0,train,0.9997305209187088,0.0002694790812911665,1,1,1
1924,1.0,train,0.9999843104551819,1.568954481816113e-05,1,1,1
1925,0.0,train,0.054198723712371395,0.9458012762876287,0,1,1
1926,0.0,train,0.6370307944803831,0.3629692055196168,1,1,1
1927,1.0,train,0.1259227681153614,0.8740772318846387,0,1,1
1928,0.0,train,0.0025509122696283507,0.9974490877303717,0,1,1
1929,0.0,train,0.007460643243254499,0.9925393567567454,0,1,1
1930,0.0,train,0.0001420235725174644,0.9998579764274825,0,1,1
1931,0.0,train,0.9987156920566622,0.001284307943337773,1,1,1
1932,1.0,train,0.9869795093116746,0.01302049068832538,1,1,1
1933,1.0,train,0.9938070088333212,0.006192991166678892,1,1,1
1934,0.0,train,0.08389038412018836,0.9161096158798117,0,1,1
1935,0.0,train,0.008577486934330109,0.9914225130656699,0,1,1
1936,1.0,train,0.021615330871859347,0.9783846691281407,0,1,1
1937,1.0,train,0.9996993836859576,0.0003006163140424351,1,1,1
1938,0.0,test,0.0022518467438298316,0.9977481532561702,0,1,1
1939,0.0,train,0.042087731520181665,0.9579122684798184,0,1,1
1940,0.0,train,0.0026316735837666385,0.9973683264162333,0,1,1
1941,1.0,train,0.9998147743022676,0.00018522569773245397,1,1,1
1942,0.0,train,0.00023782205064034186,0.9997621779493597,0,1,1
1943,0.0,train,0.001410358328727319,0.9985896416712727,0,1,1
1944,1.0,train,0.9999151889191025,8.481108089754025e-05,1,1,1
1945,1.0,train,0.999951674363613,4.8325636387072084e-05,1,1,1
1946,0.0,test,3.321419296827065e-05,0.9999667858070318,0,1,1
1947,1.0,train,0.9999982396571474,1.7603428526647353e-06,1,1,1
1948,1.0,test,0.9999852610176961,1.4738982303932001e-05,1,1,1
1949,1.0,train,0.9993833702262112,0.0006166297737887546,1,1,1
1950,1.0,train,0.9997507675366812,0.0002492324633187244,1,1,1
1951,0.0,train,0.5506073655352404,0.44939263446475963,1,1,1
1952,0.0,train,0.09009298418962221,0.9099070158103778,0,1,1
1953,0.0,train,8.267873811801315e-06,0.9999917321261883,0,1,1
1954,0.0,train,0.737158174177441,0.2628418258225589,1,1,1
1955,0.0,test,0.04468086709240797,0.955319132907592,0,1,1
1956,0.0,train,2.4198865221321534e-07,0.9999997580113477,0,1,1
1957,1.0,test,0.9854964188177183,0.014503581182281693,1,1,1
1958,1.0,train,0.9999996072136697,3.9278633049560796e-07,1,1,1
1959,1.0,train,0.988841969162947,0.011158030837053036,1,1,1
1960,1.0,train,0.9706877688246606,0.029312231175339414,1,1,1
1961,1.0,train,0.9999961550637525,3.844936247591393e-06,1,1,1
1962,0.0,train,1.6280510618946923e-06,0.999998371948938,0,1,1
1963,0.0,train,0.18010666848732088,0.8198933315126791,0,1,1
1964,0.0,train,8.530321297909615e-06,0.9999914696787021,0,1,1
1965,0.0,test,1.5936622146925796e-05,0.999984063377853,0,1,1
1966,0.0,train,0.03846619201832428,0.9615338079816756,0,1,1
1967,0.0,train,0.29746995506106744,0.7025300449389326,0,1,1
1968,1.0,train,0.3451052709578724,0.6548947290421275,0,1,1
1969,1.0,test,0.9992206339650012,0.0007793660349988023,1,1,1
1970,1.0,train,0.9995121429789431,0.0004878570210570014,1,1,1
1971,1.0,train,0.9997175918525909,0.00028240814740899327,1,1,1
1972,1.0,dev,0.23370634623958197,0.766293653760418,0,1,1
1973,1.0,train,0.9999983719488896,1.6280511104143169e-06,1,1,1
1974,1.0,train,0.9539660969463785,0.046033903053621636,1,1,1
1975,0.0,train,3.3596788014363513e-07,0.9999996640321199,0,1,1
1976,1.0,train,0.9999975560076643,2.443992335733956e-06,1,1,1
1977,1.0,train,0.7577943712746406,0.24220562872535945,1,1,1
1978,0.0,train,0.8397339676722393,0.16026603232776068,1,1,1
1979,0.0,train,0.999855740110798,0.00014425988920207866,1,1,1
1980,1.0,train,0.9999667857894623,3.321421053770827e-05,1,1,1
1981,1.0,test,0.9999955745105484,4.425489451584544e-06,1,1,1
1982,1.0,train,0.35220178204788966,0.6477982179521103,0,1,1
1983,0.0,train,0.9952447990323511,0.0047552009676490115,1,1,1
1984,1.0,train,0.999981941480057,1.805851994296023e-05,1,1,1
1985,0.0,train,0.46490155654565424,0.5350984434543458,0,1,1
1986,0.0,test,0.00014653125897652,0.9998534687410234,0,1,1
1987,1.0,dev,0.9793540674530015,0.020645932546998456,1,1,1
1988,1.0,train,0.9963500126165519,0.0036499873834482726,1,1,1
1989,1.0,train,0.9920620042557431,0.007937995744256828,1,1,1
1990,0.0,train,0.011508150081371318,0.9884918499186286,0,1,1
1991,1.0,train,0.9942697532303139,0.005730246769686194,1,1,1
1992,0.0,train,0.00013135181272156633,0.9998686481872784,0,1,1
1993,1.0,train,0.9997346975183666,0.000265302481633322,1,1,1
1994,0.0,train,0.10521054231434403,0.894789457685656,0,1,1
1995,0.0,train,0.6654105454764747,0.3345894545235253,1,1,1
1996,1.0,train,0.9999586646040788,4.133539592117047e-05,1,1,1
1997,1.0,train,0.9987744327340169,0.0012255672659831026,1,1,1
1998,1.0,train,0.9615338052259633,0.03846619477403666,1,1,1
1999,1.0,train,0.9999965534196902,3.446580309699061e-06,1,1,1
2000,0.0,train,6.205047383340172e-05,0.9999379495261665,0,1,1
2001,1.0,train,0.9999586646139336,4.1335386066452654e-05,1,1,1
2002,0.0,train,0.00031015591278867765,0.9996898440872114,0,1,1
2003,1.0,train,0.7606506526772884,0.23934934732271168,1,1,1
2004,0.0,train,0.002323162937080077,0.99767683706292,0,1,1
