index,label,split,p_yes,p_no,pred_yes,saw_yes,saw_no
0,1.0,train,0.9999485577828086,5.1442217191500875e-05,1,1,1
1,0.0,train,0.00225184727950302,0.997748152720497,0,1,1
2,0.0,train,0.0008559005348012546,0.9991440994651987,0,1,1
3,1.0,train,0.7217432062975979,0.2782567937024021,1,1,1
4,0.0,dev,0.037892426629607394,0.9621075733703927,0,1,1
5,1.0,train,0.9999452402204043,5.475977959576922e-05,1,1,1
6,1.0,train,0.9999215621438404,7.843785615967181e-05,1,1,1
7,1.0,train,0.9999931456849844,6.854315015697103e-06,1,1,1
8,0.0,train,0.9980429828851768,0.0019570171148231693,1,1,1
9,1.0,train,0.9934102298976899,0.006589770102310098,1,1,1
10,0.0,dev,0.46879062662624377,0.5312093733737563,0,1,1
11,1.0,dev,0.06754669864792355,0.9324533013520764,0,1,1
12,0.0,train,1.6701413884371553e-05,0.9999832985861156,0,1,1
13,1.0,train,0.14608723961286893,0.8539127603871312,0,1,1
14,1.0,train,0.999996033012755,3.966987244977351e-06,1,1,1
15,0.0,train,0.7745833841649233,0.2254166158350767,1,1,1
16,0.0,train,0.035144850443143076,0.9648551495568568,0,1,1
17,1.0,train,0.9230391685381605,0.0769608314618395,1,1,1
18,0.0,dev,0.05108273117858622,0.9489172688214138,0,1,1
19,1.0,train,0.5851011542032312,0.41489884579676883,1,1,1
20,1.0,train,0.9999274563536663,7.25436463337436e-05,1,1,1
21,0.0,test,2.482480185132636e-06,0.9999975175198149,0,1,1
22,0.0,train,0.9994806951741763,0.0005193048258237936,1,1,1
23,0.0,train,0.000191104293100722,0.9998088957068993,0,1,1
24,1.0,train,0.9998840806317704,0.00011591936822975622,1,1,1
25,0.0,dev,0.13117323734771857,0.8688267626522813,0,1,1
26,0.0,train,0.01406362456384003,0.98593637543616,0,1,1
27,0.0,train,2.5867427997796273e-05,0.9999741325720022,0,1,1
28,1.0,train,0.9999819414817388,1.8058518261159952e-05,1,1,1
29,1.0,train,0.9184802507195635,0.08151974928043641,1,1,1
30,0.0,train,0.12421299538397428,0.8757870046160257,0,1,1
31,0.0,train,0.024423090054107213,0.9755769099458929,0,1,1
32,0.0,train,0.014503580543324655,0.9854964194566754,0,1,1
33,1.0,train,0.9999516743708136,4.8325629186339635e-05,1,1,1
34,0.0,train,5.862812089917729e-06,0.99999413718791,0,1,1
35,0.0,train,0.8902942377652497,0.10970576223475027,1,1,1
36,0.0,train,0.008061990574955507,0.9919380094250445,0,1,1
37,1.0,train,0.9941800416228127,0.005819958377187184,1,1,1
38,1.0,train,0.01133175286359008,0.9886682471364099,0,1,1
39,0.0,train,0.004538431994079303,0.9954615680059207,0,1,1
40,0.0,train,1.8448241870115212e-06,0.9999981551758129,0,1,1
41,0.0,train,0.01428193434466707,0.9857180656553329,0,1,1
42,0.0,train,0.9998028305736315,0.0001971694263684403,1,1,1
43,1.0,train,0.9999932519457956,6.748054204430385e-06,1,1,1
44,0.0,dev,0.9921841098240447,0.007815890175955166,1,1,1
45,1.0,train,0.993710096559185,0.0062899034408149986,1,1,1
46,0.0,train,0.0008693672374863747,0.9991306327625136,0,1,1
47,1.0,train,0.999103060703035,0.0008969392969650399,1,1,1
48,0.0,train,0.0007096705259094992,0.9992903294740906,0,1,1
49,1.0,dev,0.9999538872690349,4.611273096509921e-05,1,1,1
50,1.0,dev,7.14190161272643e-05,0.9999285809838726,0,1,1
51,1.0,dev,0.769080247656264,0.23091975234373582,1,1,1
52,0.0,train,0.0021157035264320646,0.9978842964735679,0,1,1
53,0.0,train,0.0002269339656819704,0.999773066034318,0,1,1
54,0.0,train,0.00021995332000263507,0.9997800466799973,0,1,1
55,0.0,train,1.3631345085913147e-05,0.9999863686549141,0,1,1
56,1.0,train,0.9989012686817597,0.0010987313182403702,1,1,1
57,1.0,train,0.999915188971545,8.481102845498567e-05,1,1,1
58,1.0,train,0.9994023305843939,0.0005976694156060911,1,1,1
59,0.0,train,0.006003595440877645,0.9939964045591224,0,1,1
60,0.0,train,0.8577681158979307,0.14223188410206938,1,1,1
61,1.0,train,0.9999944923920063,5.507607993631256e-06,1,1,1
62,0.0,train,0.014281930988220073,0.9857180690117799,0,1,1
63,1.0,train,0.9999969584026943,3.041597305700079e-06,1,1,1
64,1.0,train,0.9986329744357133,0.001367025564286667,1,1,1
65,0.0,train,0.0005527788015734301,0.9994472211984264,0,1,1
66,0.0,train,0.0007793661858561181,0.9992206338141439,0,1,1
67,1.0,train,0.9999509133730555,4.9086626944419554e-05,1,1,1
68,1.0,test,0.9999687980804698,3.1201919530246144e-05,1,1,1
69,1.0,train,0.32082130082460697,0.679178699175393,0,1,1
70,1.0,train,0.9987355778483678,0.0012644221516320937,1,1,1
71,1.0,train,0.9314625088705931,0.06853749112940687,1,1,1
72,1.0,train,0.8596637577007394,0.14033624229926062,1,1,1
73,0.0,train,0.00023413576896714002,0.9997658642310329,0,1,1
74,0.0,train,0.9910145717782007,0.008985428221799258,1,1,1
75,0.0,train,4.13353928415709e-05,0.9999586646071584,0,1,1
76,1.0,train,0.5156199157230156,0.48438008427698437,1,1,1
77,0.0,train,0.999939858497457,6.0141502542879854e-05,1,1,1
78,1.0,train,0.9999251537479548,7.48462520452842e-05,1,1,1
79,1.0,train,0.9999986918231687,1.3081768313370799e-06,1,1,1
80,0.0,dev,0.9986329742933163,0.0013670257066836257,1,1,1
81,0.0,dev,0.996234586494815,0.0037654135051850644,1,1,1
82,0.0,train,4.092909830208228e-06,0.9999959070901698,0,1,1
83,0.0,train,0.0005703158769487518,0.9994296841230513,0,1,1
84,1.0,train,0.9998766053945978,0.0001233946054021645,1,1,1
85,1.0,train,0.013428254347149242,0.9865717456528507,0,1,1
86,1.0,train,0.9982725413475736,0.0017274586524263747,1,1,1
87,1.0,train,0.9896718497653738,0.010328150234626226,1,1,1
88,0.0,train,0.9840936054891429,0.015906394510857135,1,1,1
89,1.0,dev,0.743168019989179,0.256831980010821,1,1,1
90,0.0,train,0.9787126438601955,0.021287356139804394,1,1,1
91,0.0,train,0.1824255415859996,0.8175744584140004,0,1,1
92,0.0,dev,0.2720245510940225,0.7279754489059775,0,1,1
93,1.0,test,0.9999980966149185,1.9033850814798836e-06,1,1,1
94,1.0,train,0.9999318512453902,6.814875460979606e-05,1,1,1
95,0.0,train,0.0015487611864583664,0.9984512388135417,0,1,1
96,0.0,train,0.9615338090839607,0.038466190916039394,1,1,1
97,1.0,train,0.9985674636397645,0.0014325363602354277,1,1,1
98,0.0,train,0.28457600421652673,0.7154239957834733,0,1,1
99,1.0,train,0.9966755626639847,0.0033244373360152234,1,1,1
100,0.0,train,0.30404168757891037,0.6959583124210896,0,1,1
101,1.0,train,0.640635854839898,0.35936414516010196,1,1,1
102,0.0,train,0.9825575147530352,0.017442485246964838,1,1,1
103,0.0,train,7.527991463854895e-06,0.9999924720085362,0,1,1
104,0.0,train,0.01912404122321855,0.9808759587767816,0,1,1
105,0.0,train,0.9241418199787566,0.07585818002124356,1,1,1
106,1.0,train,0.9999854895219858,1.451047801416969e-05,1,1,1
107,1.0,train,0.9999863686551173,1.3631344882793047e-05,1,1,1
108,1.0,train,0.941654164300481,0.058345835699519115,1,1,1
109,0.0,train,0.0033244368916556374,0.9966755631083445,0,1,1
110,0.0,dev,2.9311536812548604e-05,0.9999706884631874,0,1,1
111,1.0,train,0.06656919637789695,0.933430803622103,0,1,1
112,1.0,train,0.9984752138696683,0.001524786130331677,1,1,1
113,1.0,train,0.9999339478408745,6.605215912538481e-05,1,1,1
114,0.0,train,0.17553808224967943,0.8244619177503205,0,1,1
115,0.0,train,0.11436851410729884,0.8856314858927012,0,1,1
116,1.0,dev,0.9979492562161163,0.0020507437838837325,1,1,1
117,1.0,dev,0.9999407908242385,5.920917576143518e-05,1,1,1
118,0.0,train,0.00032503596144066183,0.9996749640385593,0,1,1
119,0.0,train,0.9572777987970316,0.04272220120296847,1,1,1
120,1.0,test,0.9811668723123673,0.018833127687632744,1,1,1
121,1.0,train,0.9997175918799367,0.0002824081200633588,1,1,1
122,1.0,train,0.9957353661304137,0.004264633869586353,1,1,1
123,0.0,train,0.0007916295129888516,0.9992083704870112,0,1,1
124,0.0,train,0.05340332377362639,0.9465966762263737,0,1,1
125,1.0,train,0.9999177981284878,8.220187151225483e-05,1,1,1
126,0.0,train,0.6477982315512488,0.3522017684487511,1,1,1
127,0.0,train,1.6701413884371553e-05,0.9999832985861156,0,1,1
128,0.0,train,0.06954175029096783,0.9304582497090322,0,1,1
129,1.0,train,0.7718434978390747,0.22815650216092537,1,1,1
130,1.0,train,0.9999986918232613,1.3081767387437736e-06,1,1,1
131,1.0,train,0.9999989811908568,1.0188091432092706e-06,1,1,1
132,1.0,train,0.5698526514141571,0.4301473485858429,1,1,1
133,0.0,train,2.3687981393579017e-06,0.9999976312018607,0,1,1
134,1.0,train,0.999116954211376,0.0008830457886239995,1,1,1
135,0.0,train,4.222833948058801e-06,0.9999957771660519,0,1,1
136,0.0,train,0.2909808785120009,0.7090191214879991,0,1,1
137,1.0,train,0.9890130576932457,0.010986942306754304,1,1,1
138,1.0,train,0.9986954935766371,0.001304506423362817,1,1,1
139,1.0,train,0.9999900270595207,9.972940479275382e-06,1,1,1
140,1.0,train,0.31069438321455395,0.689305616785446,0,1,1
141,0.0,train,0.001782196110290683,0.9982178038897093,0,1,1
142,0.0,train,0.939913356558485,0.06008664344151498,1,1,1
143,1.0,dev,0.9965703965852036,0.003429603414796417,1,1,1
144,0.0,train,0.003945406572365279,0.9960545934276348,0,1,1
145,0.0,train,0.10521053389745762,0.8947894661025423,0,1,1
146,0.0,dev,0.025178841700601855,0.9748211582993981,0,1,1
147,0.0,train,0.09268777362681897,0.907312226373181,0,1,1
148,1.0,train,0.9263037323284108,0.07369626767158909,1,1,1
149,0.0,train,0.0001088969035364998,0.9998911030964635,0,1,1
150,0.0,test,0.010986941335237732,0.9890130586647624,0,1,1
151,0.0,dev,0.9615338046748207,0.038466195325179156,1,1,1
152,1.0,train,0.48438008427698437,0.5156199157230156,0,1,1
153,0.0,train,4.5397847056031605e-05,0.9999546021529441,0,1,1
154,0.0,train,0.0005614788464839403,0.999438521153516,0,1,1
155,0.0,train,0.00010071395419804562,0.999899286045802,0,1,1
156,1.0,train,0.9999970976868904,2.9023131096513384e-06,1,1,1
157,0.0,train,0.00015356233358822832,0.9998464376664117,0,1,1
158,1.0,train,0.9766692335683308,0.02333076643166928,1,1,1
159,1.0,train,0.9999038975716135,9.610242838657447e-05,1,1,1
160,1.0,train,0.9999843104517918,1.568954820809864e-05,1,1,1
161,1.0,train,0.9945307246718258,0.005469275328174281,1,1,1
162,1.0,train,0.9997468435373361,0.0002531564626637966,1,1,1
163,0.0,train,0.9911526454397475,0.008847354560252537,1,1,1
164,1.0,train,0.9989677691245836,0.0010322308754164115,1,1,1
165,0.0,dev,0.12252319970181706,0.8774768002981829,0,1,1
166,1.0,test,0.9981613344114848,0.0018386655885151899,1,1,1
167,0.0,train,8.939696304799167e-06,0.9999910603036951,0,1,1
168,,,1.6028112744326487e-06,0.9999983971887256,0,1,1
169,0.0,train,0.0044683845316374916,0.9955316154683624,0,1,1
170,0.0,train,0.08632347658627028,0.9136765234137297,0,1,1
171,1.0,train,0.9999053874022859,9.461259771408214e-05,1,1,1
172,1.0,train,0.9999452402558976,5.475974410240727e-05,1,1,1
173,0.0,train,8.88808733242974e-05,0.9999111191266756,0,1,1
174,1.0,train,0.3276683008207139,0.672331699179286,0,1,1
175,0.0,train,6.240929739539169e-06,0.9999937590702604,0,1,1
176,0.0,test,0.0025114639617667056,0.9974885360382334,0,1,1
177,0.0,train,0.014281936862002827,0.9857180631379971,0,1,1
178,1.0,dev,0.9965165757034669,0.003483424296533172,1,1,1
179,0.0,train,0.05184547104480427,0.9481545289551957,0,1,1
180,1.0,train,0.5964331462646254,0.40356685373537454,1,1,1
181,1.0,train,0.9621075695676737,0.03789243043232632,1,1,1
182,1.0,train,0.9999580137005217,4.198629947817735e-05,1,1,1
183,0.0,test,0.9996485616581942,0.0003514383418057673,1,1,1
184,1.0,train,0.0075772408196442265,0.9924227591803558,0,1,1
185,1.0,train,0.9905874122185881,0.00941258778141185,1,1,1
186,1.0,train,0.0481367670200415,0.9518632329799585,0,1,1
187,1.0,train,0.7025300573952054,0.2974699426047947,1,1,1
188,1.0,train,0.3040416623541848,0.6959583376458152,0,1,1
189,1.0,train,0.9995955185654183,0.00040448143458162177,1,1,1
190,0.0,train,0.9632305297023093,0.0367694702976907,1,1,1
191,1.0,dev,0.9999984942983867,1.5057016132211856e-06,1,1,1
192,1.0,train,0.5117166047041654,0.4882833952958347,1,1,1
193,1.0,train,0.9999972735303793,2.7264696206566115e-06,1,1,1
194,1.0,train,0.9643214506603192,0.03567854933968074,1,1,1
195,0.0,train,0.5506073655352404,0.44939263446475963,1,1,1
196,0.0,dev,0.020964244488237582,0.9790357555117625,0,1,1
197,1.0,train,0.9999426123966623,5.7387603337758305e-05,1,1,1
198,1.0,train,0.999986368657453,1.3631342546912114e-05,1,1,1
199,1.0,test,0.7461389817407016,0.25386101825929835,1,1,1
200,1.0,dev,0.9825575190944905,0.017442480905509605,1,1,1
201,1.0,test,0.3702254064929193,0.6297745935070806,0,1,1
202,1.0,train,0.8152324983301567,0.18476750166984326,1,1,1
203,1.0,train,0.9241418220680101,0.07585817793199003,1,1,1
204,0.0,dev,0.006692851716795015,0.9933071482832051,0,1,1
205,1.0,dev,0.679178699175393,0.32082130082460697,1,1,1
206,0.0,train,0.00011061164329204034,0.9998893883567079,0,1,1
207,0.0,train,0.99942070835596,0.000579291644040068,1,1,1
208,0.0,train,2.282798630790174e-05,0.999977172013692,0,1,1
209,1.0,train,0.9999969584050058,3.0415949942180696e-06,1,1,1
210,1.0,test,0.9999945777812723,5.42221872762542e-06,1,1,1
211,1.0,train,0.9996946510269501,0.00030534897304984094,1,1,1
212,1.0,train,0.04336579629119585,0.956634203708804,0,1,1
213,0.0,train,0.989671846719135,0.010328153280864958,1,1,1
214,1.0,train,0.9843363478420729,0.015663652157927036,1,1,1
215,0.0,train,7.84379262831107e-05,0.9999215620737169,0,1,1
216,1.0,train,0.9999990429176834,9.570823166159026e-07,1,1,1
217,1.0,test,0.9995197028038815,0.00048029719611857274,1,1,1
218,1.0,train,0.9907319852508435,0.009268014749156527,1,1,1
219,1.0,train,0.9948603893214902,0.005139610678509835,1,1,1
220,1.0,train,0.999841563756112,0.00015843624388787856,1,1,1
221,0.0,train,0.009125636850213873,0.990874363149786,0,1,1
222,0.0,train,1.241149275162889e-05,0.9999875885072483,0,1,1
223,0.0,train,5.862815060233139e-06,0.9999941371849398,0,1,1
224,0.0,train,0.1968261942204597,0.8031738057795402,0,1,1
225,0.0,train,0.003824484325892785,0.9961755156741072,0,1,1
226,1.0,train,0.9999843104434923,1.56895565076039e-05,1,1,1
227,1.0,train,0.9999982396566163,1.7603433838447206e-06,1,1,1
228,0.0,train,0.46490157137338844,0.5350984286266115,0,1,1
229,0.0,train,0.2658804730998169,0.734119526900183,0,1,1
230,1.0,train,0.9553191335436404,0.044680866456359554,1,1,1
231,1.0,dev,0.948154530420204,0.05184546957979609,1,1,1
232,1.0,train,0.9999239752100479,7.602478995205065e-05,1,1,1
233,0.0,train,1.0289518391773681e-05,0.9999897104816082,0,1,1
234,0.0,train,0.34864513533394575,0.6513548646660542,0,1,1
235,0.0,train,0.9585377243274947,0.04146227567250535,1,1,1
236,1.0,train,0.9997219690982498,0.0002780309017500375,1,1,1
237,0.0,train,0.8519528057272543,0.14804719427274565,1,1,1
238,1.0,dev,0.9999948260801118,5.173919888132335e-06,1,1,1
239,1.0,train,0.9863631649190038,0.013636835080996267,1,1,1
240,1.0,train,0.9425067228145364,0.05749327718546351,1,1,1
241,0.0,train,0.005730247194176411,0.9942697528058236,0,1,1
242,0.0,train,0.2909808785120009,0.7090191214879991,0,1,1
243,1.0,train,0.9999983719477858,1.6280522142361613e-06,1,1,1
244,0.0,train,0.0008830457951973934,0.9991169542048025,0,1,1
245,1.0,train,0.9999871945246418,1.2805475358112685e-05,1,1,1
246,1.0,train,0.0009850080914587552,0.9990149919085412,0,1,1
247,1.0,train,0.002757622941093906,0.9972423770589061,0,1,1
248,0.0,train,0.017176710018544362,0.9828232899814557,0,1,1
249,1.0,train,0.9986114765176912,0.0013885234823088229,1,1,1
250,1.0,train,0.9996993836680449,0.0003006163319551778,1,1,1
251,1.0,train,0.45326184801538616,0.5467381519846138,0,1,1
252,1.0,train,0.5350984286266115,0.46490157137338844,1,1,1
253,1.0,train,0.835483553488848,0.16451644651115205,1,1,1
254,0.0,train,0.9893474907307123,0.010652509269287706,1,1,1
255,0.0,test,0.012053778451534885,0.9879462215484652,0,1,1
256,0.0,train,0.38861802670584894,0.6113819732941511,0,1,1
257,1.0,train,0.9999922330467256,7.766953274509722e-06,1,1,1
258,1.0,train,0.8152324893520001,0.184767510648,1,1,1
259,1.0,test,0.9933071487785239,0.006692851221476155,1,1,1
260,0.0,train,0.0006263340461823029,0.9993736659538176,0,1,1
261,1.0,train,0.9572777987970316,0.04272220120296847,1,1,1
262,0.0,train,9.170195538854636e-05,0.9999082980446115,0,1,1
263,1.0,train,0.999980776822674,1.9223177325980267e-05,1,1,1
264,1.0,train,0.999999511169912,4.888300879486227e-07,1,1,1
265,1.0,test,0.9999970055579032,2.994442096884576e-06,1,1,1
266,0.0,train,0.013636837686633428,0.9863631623133665,0,1,1
267,1.0,test,0.9970650487349504,0.0029349512650496327,1,1,1
268,0.0,train,0.9995344730708475,0.0004655269291525089,1,1,1
269,1.0,train,0.9999687980858165,3.120191418354786e-05,1,1,1
270,1.0,train,0.008445628438567396,0.9915543715614327,0,1,1
271,1.0,train,0.9861513881564147,0.01384861184358522,1,1,1
272,1.0,test,0.9783846719643228,0.021615328035677183,1,1,1
273,0.0,train,0.040237946076410465,0.9597620539235895,0,1,1
274,0.0,train,0.0003982129719868815,0.9996017870280131,0,1,1
275,0.0,test,0.006589772248369581,0.9934102277516303,0,1,1
276,0.0,train,0.5156199157230156,0.48438008427698437,1,1,1
277,1.0,train,0.999948557789707,5.1442210292917296e-05,1,1,1
278,1.0,train,0.9998840806671765,0.00011591933282353593,1,1,1
279,1.0,train,0.08632347188514872,0.9136765281148513,0,1,1
280,1.0,train,0.9865717446658027,0.013428255334197454,1,1,1
281,0.0,train,7.88926047019689e-06,0.9999921107395298,0,1,1
282,1.0,train,0.9982725410135168,0.0017274589864831572,1,1,1
283,1.0,train,0.9977829865814987,0.002217013418501346,1,1,1
284,0.0,train,1.7603431608802629e-06,0.9999982396568392,0,1,1
285,0.0,train,0.10374862686637971,0.8962513731336202,0,1,1
286,1.0,test,0.999998036195548,1.9638044521523742e-06,1,1,1
287,1.0,train,0.999998066640778,1.933359221999401e-06,1,1,1
288,0.0,test,0.35936414516010196,0.640635854839898,0,1,1
289,0.0,train,0.8947894548800271,0.10521054511997296,1,1,1
290,1.0,train,0.9850429120895838,0.014957087910416167,1,1,1
291,0.0,dev,5.682432841987745e-06,0.9999943175671581,0,1,1
292,0.0,train,0.9997765835965479,0.00022341640345222838,1,1,1
293,0.0,train,1.1843139025979654e-05,0.9999881568609741,0,1,1
294,1.0,train,0.9996374100606417,0.0003625899393584789,1,1,1
295,0.0,train,0.03904829496280274,0.9609517050371972,0,1,1
296,0.0,train,0.0018102110800534837,0.9981897889199466,0,1,1
297,1.0,train,0.9999907765332573,9.223466742858785e-06,1,1,1
298,1.0,train,0.9999877809272569,1.2219072743119909e-05,1,1,1
299,1.0,train,0.999990181668993,9.818331006992032e-06,1,1,1
300,0.0,train,0.009125637928147199,0.9908743620718528,0,1,1
301,0.0,train,1.1843134790594005e-05,0.9999881568652095,0,1,1
302,0.0,train,0.029760096527539612,0.9702399034724605,0,1,1
303,1.0,dev,0.9999553059172364,4.4694082763542956e-05,1,1,1
304,0.0,dev,0.0027149849848460495,0.997285015015154,0,1,1
305,0.0,train,0.8198933359135361,0.18010666408646395,1,1,1
306,0.0,train,0.00045121070442454133,0.9995487892955753,0,1,1
307,0.0,test,3.905482807976247e-06,0.9999960945171922,0,1,1
308,1.0,train,0.9999469249360086,5.3075063991585796e-05,1,1,1
309,0.0,train,0.000896939483913346,0.9991030605160865,0,1,1
310,0.0,dev,0.06371499425196533,0.9362850057480346,0,1,1
311,0.0,train,6.709224499600876e-05,0.999932907755004,0,1,1
312,0.0,train,2.355262415828822e-05,0.9999764473758417,0,1,1
313,1.0,train,0.9937100978631075,0.0062899021368924835,1,1,1
314,1.0,train,0.9993638088553709,0.0006361911446290642,1,1,1
315,1.0,train,0.9999756997487559,2.4300251243979015e-05,1,1,1
316,1.0,dev,0.00037409549328278817,0.9996259045067172,0,1,1
317,1.0,train,0.9990746150582442,0.0009253849417557962,1,1,1
318,1.0,train,0.9999847931533978,1.5206846602072067e-05,1,1,1
319,1.0,dev,0.9999970976869119,2.902313088027483e-06,1,1,1
320,0.0,train,0.9999501404026426,4.985959735730937e-05,1,1,1
321,1.0,train,0.9998534686580632,0.00014653134193685002,1,1,1
322,1.0,train,0.9988304896130976,0.0011695103869022799,1,1,1
323,1.0,train,0.9643214506603192,0.03567854933968074,1,1,1
324,0.0,train,0.14414884567931804,0.855851154320682,0,1,1
325,1.0,train,0.9998746624595994,0.00012533754040062954,1,1,1
326,1.0,train,0.43398146480389854,0.5660185351961015,0,1,1
327,0.0,train,0.9971104190895607,0.0028895809104393976,1,1,1
328,0.0,train,0.947381048137938,0.052618951862062086,1,1,1
329,1.0,train,0.9996485617524242,0.00035143824757579876,1,1,1
330,0.0,train,0.0010005046392101956,0.9989994953607898,0,1,1
331,1.0,dev,0.9999986712228937,1.3287771063756359e-06,1,1,1
332,0.0,train,0.6334102636778401,0.3665897363221599,1,1,1
333,0.0,train,3.966984496247895e-06,0.9999960330155039,0,1,1
334,1.0,train,0.9999980052711478,1.9947288521081485e-06,1,1,1
335,0.0,train,3.7266379514417016e-06,0.9999962733620485,0,1,1
336,0.0,train,0.999373665785927,0.0006263342140729864,1,1,1
337,0.0,train,0.0033244374841350996,0.9966755625158649,0,1,1
338,0.0,dev,6.240930669504435e-06,0.9999937590693306,0,1,1
339,1.0,train,0.03622005794566347,0.9637799420543365,0,1,1
340,1.0,train,0.999968798102554,3.120189744606351e-05,1,1,1
341,0.0,dev,0.9653811621568289,0.03461883784317106,1,1,1
342,0.0,train,2.9480162624135358e-06,0.9999970519837376,0,1,1
343,1.0,train,0.2909808785120009,0.7090191214879991,0,1,1
344,1.0,train,0.00025315647774927817,0.9997468435222507,0,1,1
345,1.0,train,0.04535257539305419,0.9546474246069457,0,1,1
346,1.0,test,0.9999702268989251,2.9773101074886143e-05,1,1,1
347,0.0,train,2.482478927413605e-06,0.9999975175210726,0,1,1
348,0.0,train,9.080477464882003e-06,0.9999909195225352,0,1,1
349,1.0,train,0.9971104191324943,0.0028895808675057067,1,1,1
350,1.0,train,0.9777138134867074,0.02228618651329258,1,1,1
351,1.0,train,0.9715639653084244,0.02843603469157556,1,1,1
352,1.0,train,0.9999981837771903,1.8162228097693242e-06,1,1,1
353,1.0,train,0.98228770337066,0.01771229662934002,1,1,1
354,0.0,train,0.9939024369043572,0.0060975630956426555,1,1,1
355,1.0,train,0.9998840806844478,0.00011591931555221289,1,1,1
356,1.0,train,0.2689414213699951,0.7310585786300049,0,1,1
357,1.0,dev,0.09670580370950446,0.9032941962904956,0,1,1
358,1.0,train,0.9999977040798974,2.295920102465403e-06,1,1,1
359,0.0,dev,0.9998746624259854,0.0001253375740145685,1,1,1
360,1.0,train,0.999997357413746,2.6425862539951137e-06,1,1,1
361,1.0,train,0.94659667246,0.05340332753999997,1,1,1
362,0.0,test,0.9449947109319878,0.055005289068012136,1,1,1
363,0.0,train,0.0001941131520755608,0.9998058868479246,0,1,1
364,1.0,train,0.9991704109228052,0.0008295890771948275,1,1,1
365,0.0,train,0.9572777987970316,0.04272220120296847,1,1,1
366,0.0,train,0.010328151910057419,0.9896718480899426,0,1,1
367,0.0,test,0.9994207084120361,0.0005792915879638059,1,1,1
368,0.0,train,0.21206880435710532,0.7879311956428947,0,1,1
369,0.0,train,4.198630198065082e-05,0.9999580136980193,0,1,1
370,0.0,dev,0.7057850402140659,0.2942149597859341,1,1,1
371,1.0,test,0.9995826842890494,0.0004173157109505683,1,1,1
372,1.0,train,0.18476750166984326,0.8152324983301567,0,1,1
373,1.0,train,0.9808759624105493,0.019124037589450634,1,1,1
374,0.0,test,0.0012255675943030316,0.9987744324056971,0,1,1
375,1.0,train,0.9998204720747856,0.00017952792521431628,1,1,1
376,0.0,train,0.9991832620169372,0.000816737983062896,1,1,1
377,,,3.966987570096015e-06,0.9999960330124299,0,1,1
378,0.0,train,9.721544451035521e-07,0.9999990278455549,0,1,1
379,0.0,train,0.00019110436143189436,0.9998088956385682,0,1,1
380,0.0,train,0.0006361910214676518,0.9993638089785324,0,1,1
381,1.0,train,0.9032942014971872,0.09670579850281288,1,1,1
382,1.0,train,0.6187804478040616,0.38121955219593834,1,1,1
383,0.0,train,0.7826624789529376,0.21733752104706247,1,1,1
384,0.0,train,0.97364464868338,0.026355351316620014,1,1,1
385,1.0,train,0.9987934103416274,0.0012065896583727089,1,1,1
386,0.0,train,0.03963883456295853,0.9603611654370414,0,1,1
387,1.0,train,0.999996388015943,3.611984056993844e-06,1,1,1
388,1.0,test,0.9999359799311266,6.402006887340077e-05,1,1,1
389,1.0,train,0.23370634623958197,0.766293653760418,0,1,1
390,0.0,train,0.013428254741968517,0.9865717452580314,0,1,1
391,1.0,test,0.018833126586231864,0.9811668734137682,0,1,1
392,1.0,train,0.9998440197666553,0.00015598023334483725,1,1,1
393,0.0,test,0.6261241772283034,0.37387582277169656,1,1,1
394,0.0,train,3.426849054255501e-05,0.9999657315094574,0,1,1
395,0.0,train,1.5936625946452505e-05,0.9999840633740534,0,1,1
396,1.0,dev,0.9999971869827674,2.813017232570667e-06,1,1,1
397,1.0,train,0.999995434029459,4.565970541102416e-06,1,1,1
398,1.0,train,0.35577489351363034,0.6442251064863697,0,1,1
399,1.0,train,0.9994966643570785,0.0005033356429214004,1,1,1
400,1.0,train,0.9998118578894575,0.00018814211054255704,1,1,1
401,1.0,train,0.9904406009350774,0.009559399064922633,1,1,1
402,0.0,train,5.307508455338059e-05,0.9999469249154467,0,1,1
403,1.0,train,0.999994405663412,5.594336588052683e-06,1,1,1
404,0.0,train,7.646536666472801e-06,0.9999923534633336,0,1,1
405,0.0,train,5.307505924655736e-05,0.9999469249407535,0,1,1
406,1.0,test,0.9999816570994291,1.834290057101129e-05,1,1,1
407,0.0,dev,0.880797071719777,0.11920292828022305,1,1,1
408,1.0,test,0.9997901168867821,0.00020988311321789514,1,1,1
409,1.0,train,0.9998028306470684,0.00019716935293160123,1,1,1
410,1.0,train,0.9999986502979785,1.3497020213794398e-06,1,1,1
411,1.0,train,0.9999935609642157,6.439035784373996e-06,1,1,1
412,0.0,train,6.814870586934759e-05,0.9999318512941305,0,1,1
413,0.0,train,0.9658995782141546,0.03410042178584543,1,1,1
414,0.0,train,2.90231077427594e-06,0.9999970976892258,0,1,1
415,0.0,train,0.21733752104706247,0.7826624789529376,0,1,1
416,1.0,train,0.9987156916027261,0.0012843083972740022,1,1,1
417,0.0,train,0.004905405996672742,0.9950945940033272,0,1,1
418,1.0,train,0.9999857144802211,1.4285519778771166e-05,1,1,1
419,1.0,train,0.9999832985846224,1.6701415377569446e-05,1,1,1
420,1.0,train,0.9999983719484045,1.6280515956106398e-06,1,1,1
421,1.0,train,0.0034296047389715542,0.9965703952610283,0,1,1
422,1.0,train,0.9957353661304137,0.004264633869586353,1,1,1
423,1.0,test,0.9995955184298603,0.00040448157013976043,1,1,1
424,0.0,train,0.0019877737985262334,0.9980122262014738,0,1,1
425,1.0,dev,0.9999951395536618,4.860446338160048e-06,1,1,1
426,1.0,train,0.9898303428461217,0.01016965715387822,1,1,1
427,0.0,test,0.7401743620390163,0.2598256379609837,1,1,1
428,1.0,train,0.9961755172069322,0.003824482793067913,1,1,1
429,0.0,test,5.338155864477844e-06,0.9999946618441355,0,1,1
430,0.0,train,0.008061990574955507,0.9919380094250445,0,1,1
431,0.0,test,0.0016743996026147476,0.9983256003973853,0,1,1
432,0.0,train,0.9998822554270137,0.00011774457298630209,1,1,1
433,1.0,train,0.9999956431198705,4.356880129542527e-06,1,1,1
434,0.0,test,0.9997834560081739,0.00021654399182604797,1,1,1
435,0.0,dev,8.01349748828586e-06,0.9999919865025118,0,1,1
436,1.0,train,0.9658995723244552,0.03410042767554472,1,1,1
437,0.0,train,2.885712010867781e-05,0.9999711428798914,0,1,1
438,0.0,train,0.9136765175373274,0.08632348246267256,1,1,1
439,0.0,train,0.05184546225475575,0.9481545377452444,0,1,1
440,1.0,train,0.12765261204695083,0.8723473879530492,0,1,1
441,0.0,train,0.0025509125729450952,0.997449087427055,0,1,1
442,1.0,train,0.9990746151822331,0.0009253848177668565,1,1,1
443,0.0,train,0.9996317019697492,0.0003682980302509392,1,1,1
444,1.0,dev,0.331119752830196,0.668880247169804,0,1,1
445,1.0,train,0.999983812414222,1.6187585777929316e-05,1,1,1
446,0.0,train,0.00275762203956775,0.9972423779604322,0,1,1
447,1.0,train,0.9923043528216078,0.007695647178392188,1,1,1
448,0.0,train,0.012624946309543666,0.9873750536904564,0,1,1
449,1.0,train,0.9996946510064811,0.00030534899351883376,1,1,1
450,0.0,train,0.009412588476103339,0.9905874115238967,0,1,1
451,1.0,train,0.9958012038562689,0.00419879614373103,1,1,1
452,0.0,train,0.3522017684487511,0.6477982315512488,0,1,1
453,1.0,train,0.9987156919372052,0.0012843080627946597,1,1,1
454,1.0,train,0.9981324338554453,0.0018675661445548644,1,1,1
455,1.0,train,0.8615381987656671,0.13846180123433283,1,1,1
456,1.0,dev,0.6859494550081925,0.31405054499180746,1,1,1
457,0.0,train,0.17106119167858438,0.8289388083214156,0,1,1
458,1.0,test,0.9998339615898328,0.00016603841016722218,1,1,1
459,1.0,train,0.8824278571786139,0.11757214282138605,1,1,1
460,1.0,train,0.005911068155754778,0.9940889318442452,0,1,1
461,0.0,test,0.0209642383713878,0.9790357616286123,0,1,1
462,1.0,train,0.5851011542032312,0.41489884579676883,1,1,1
463,1.0,train,0.025565210211147153,0.9744347897888529,0,1,1
464,1.0,train,0.06656918897050168,0.9334308110294983,0,1,1
465,0.0,train,0.9981030796716069,0.0018969203283929659,1,1,1
466,0.0,train,0.0012448435244066262,0.9987551564755933,0,1,1
467,0.0,train,0.8872045966995028,0.1127954033004973,1,1,1
468,1.0,train,0.9981324339109989,0.0018675660890010012,1,1,1
469,1.0,train,0.0010649627988741956,0.9989350372011259,0,1,1
470,1.0,train,0.006589773028755021,0.993410226971245,0,1,1
471,1.0,train,0.001867565533462463,0.9981324344665374,0,1,1
472,1.0,train,0.9999852610138527,1.4738986147364995e-05,1,1,1
473,0.0,train,2.282798766852473e-05,0.9999771720123314,0,1,1
474,1.0,train,0.9252299612154572,0.07477003878454293,1,1,1
475,0.0,train,0.0009547318816369169,0.9990452681183631,0,1,1
476,0.0,train,1.2805473831600704e-05,0.9999871945261684,0,1,1
477,1.0,train,0.9993121487117893,0.0006878512882107569,1,1,1
478,1.0,train,0.9999623635671195,3.7636432880432824e-05,1,1,1
479,0.0,train,5.8628112162958365e-06,0.9999941371887837,0,1,1
480,1.0,train,0.9999939510826814,6.048917318523931e-06,1,1,1
481,0.0,train,0.9871787879966233,0.012821212003376744,1,1,1
482,0.0,train,0.05033062974852634,0.9496693702514738,0,1,1
483,1.0,train,0.6039318479832805,0.3960681520167196,1,1,1
484,1.0,train,0.9905874093008834,0.009412590699116439,1,1,1
485,1.0,test,0.8198933359135361,0.18010666408646395,1,1,1
486,0.0,test,0.0034834241930806675,0.9965165758069192,0,1,1
487,1.0,train,0.920789673717312,0.07921032628268802,1,1,1
488,1.0,train,0.9989677688249552,0.0010322311750449035,1,1,1
489,1.0,dev,0.9999785550480641,2.1444951935939824e-05,1,1,1
490,1.0,dev,0.9923043532767741,0.0076956467232258486,1,1,1
491,0.0,train,0.9566342043269818,0.04336579567301815,1,1,1
492,1.0,dev,0.009412588476103339,0.9905874115238967,0,1,1
493,0.0,train,0.0001007140262270499,0.999899285973773,0,1,1
494,1.0,train,0.9999460891447214,5.3910855278606995e-05,1,1,1
495,1.0,train,0.6076631698328917,0.3923368301671084,1,1,1
496,1.0,train,0.9951702786839208,0.004829721316079112,1,1,1
497,0.0,train,0.05261895037641044,0.9473810496235896,0,1,1
498,0.0,train,0.9763105276667109,0.023689472333289146,1,1,1
499,1.0,train,0.9994023305754932,0.0005976694245067366,1,1,1
500,1.0,train,0.9998766054001134,0.00012339459988667658,1,1,1
501,0.0,train,0.001151399428577736,0.9988486005714223,0,1,1
502,1.0,train,0.9999124970128236,8.750298717635627e-05,1,1,1
503,1.0,train,0.9998804013702733,0.0001195986297266346,1,1,1
504,1.0,train,0.9930961626439329,0.006903837356067123,1,1,1
505,1.0,train,0.9996259044704968,0.0003740955295032071,1,1,1
506,1.0,train,0.9899864287120884,0.01001357128791166,1,1,1
507,1.0,train,0.9999975938969075,2.406103092644426e-06,1,1,1
508,1.0,train,0.007345828095678884,0.9926541719043213,0,1,1
509,0.0,train,0.9893474869616596,0.010652513038340389,1,1,1
510,1.0,dev,0.999986368659992,1.3631340007911553e-05,1,1,1
511,1.0,dev,0.9999953621271173,4.6378728826974814e-06,1,1,1
512,1.0,test,0.8031737916455819,0.19682620835441803,1,1,1
513,0.0,train,0.05834584388645591,0.9416541561135441,0,1,1
514,0.0,train,0.9904406005118241,0.009559399488175984,1,1,1
515,0.0,dev,0.0018675658667855663,0.9981324341332144,0,1,1
516,1.0,train,0.9999963880166964,3.6119833034780506e-06,1,1,1
517,1.0,train,0.9998339616022015,0.00016603839779845108,1,1,1
518,1.0,train,0.9999673007241414,3.269927585855183e-05,1,1,1
519,1.0,train,0.9425067163548471,0.05749328364515303,1,1,1
520,0.0,train,0.0011513995656772138,0.9988486004343227,0,1,1
521,1.0,train,0.9999873930530085,1.2606946991374416e-05,1,1,1
522,0.0,test,0.00912563846711391,0.9908743615328861,0,1,1
523,0.0,train,0.022286188136737824,0.9777138118632621,0,1,1
524,1.0,train,0.5350984286266115,0.46490157137338844,1,1,1
525,0.0,train,3.8229107768399174e-05,0.9999617708922316,0,1,1
526,0.0,train,0.8056321889812553,0.19436781101874467,1,1,1
527,1.0,train,0.37387582277169656,0.6261241772283034,0,1,1
528,0.0,train,0.9968273178172881,0.0031726821827119532,1,1,1
529,1.0,train,0.9999979738574215,2.0261425784097374e-06,1,1,1
530,0.0,test,0.15817436068510185,0.8418256393148981,0,1,1
531,1.0,test,0.9912886165717258,0.008711383428274195,1,1,1
532,0.0,dev,4.4694076769867674e-05,0.9999553059232302,0,1,1
533,0.0,dev,0.008445627939420245,0.9915543720605797,0,1,1
534,1.0,train,0.7956580903722561,0.20434190962774396,1,1,1
535,1.0,train,0.9999904837472423,9.516252757682705e-06,1,1,1
536,1.0,train,0.9999599363107556,4.006368924434926e-05,1,1,1
537,1.0,train,0.9999509133949979,4.9086605002069375e-05,1,1,1
538,0.0,train,0.9927672360895239,0.007232763910476106,1,1,1
539,1.0,train,0.7217432062975979,0.2782567937024021,1,1,1
540,1.0,train,0.6334102636778401,0.3665897363221599,1,1,1
541,0.0,dev,0.0010987312691772204,0.9989012687308229,0,1,1
542,0.0,train,0.9669140244715405,0.03308597552845946,1,1,1
543,0.0,train,2.368800327819989e-06,0.9999976311996722,0,1,1
544,1.0,train,0.9983770327936621,0.0016229672063379098,1,1,1
545,1.0,dev,0.9979492565820657,0.0020507434179342114,1,1,1
546,1.0,train,0.9970189676244524,0.002981032375547484,1,1,1
547,0.0,train,0.0020190139004485808,0.9979809860995514,0,1,1
548,0.0,train,0.9783846631406438,0.02161533685935621,1,1,1
549,1.0,train,0.9998601778931044,0.0001398221068956321,1,1,1
550,1.0,train,0.00026947925190615814,0.9997305207480938,0,1,1
551,1.0,train,0.9999771719941332,2.2828005866865085e-05,1,1,1
552,0.0,train,0.00011061159055414533,0.9998893884094459,0,1,1
553,0.0,train,0.943347579470196,0.05665242052980391,1,1,1
554,1.0,train,0.9473810407096791,0.0526189592903209,1,1,1
555,0.0,train,0.0032224835581782262,0.9967775164418217,0,1,1
556,1.0,train,0.999994744606055,5.255393945075476e-06,1,1,1
557,1.0,train,0.9998601779087285,0.00013982209127147974,1,1,1
558,1.0,train,0.99994935525932,5.064474068000657e-05,1,1,1
559,0.0,train,7.484622751061124e-05,0.9999251537724895,0,1,1
560,0.0,train,0.0003301526857535255,0.9996698473142465,0,1,1
561,1.0,train,0.9995955185142077,0.0004044814857924689,1,1,1
562,0.0,train,4.157364752513334e-06,0.9999958426352475,0,1,1
563,0.0,train,0.990587408328315,0.009412591671684834,1,1,1
564,0.0,train,0.00619298960758778,0.9938070103924123,0,1,1
565,0.0,train,2.9023130231559198e-06,0.999997097686977,0,1,1
566,1.0,train,0.994939668043057,0.005060331956942959,1,1,1
567,0.0,train,1.6442493579821616e-05,0.9999835575064201,0,1,1
568,0.0,train,0.18010666408646395,0.8198933359135361,0,1,1
569,0.0,train,0.9904405993831483,0.009559400616851673,1,1,1
570,1.0,train,0.9999982938175239,1.7061824761415445e-06,1,1,1
571,0.0,train,7.722195516012533e-05,0.9999227780448399,0,1,1
572,0.0,train,1.2805476502996793e-05,0.999987194523497,0,1,1
573,0.0,dev,0.09009299396195182,0.9099070060380482,0,1,1
574,1.0,train,0.9981613351225296,0.001838664877470549,1,1,1
575,0.0,train,0.0414622703425332,0.9585377296574669,0,1,1
576,1.0,train,0.9999349718316579,6.502816834211048e-05,1,1,1
577,0.0,train,0.999527145614779,0.00047285438522107464,1,1,1
578,0.0,train,5.682433519382718e-06,0.9999943175664806,0,1,1
579,1.0,train,0.9999138534629562,8.614653704380608e-05,1,1,1
580,1.0,test,0.01691491177999609,0.983085088220004,0,1,1
581,1.0,train,0.999995289089555,4.710910444984008e-06,1,1,1
582,0.0,train,0.9161096181702032,0.08389038182979684,1,1,1
583,1.0,train,0.019124035632806655,0.9808759643671934,0,1,1
584,0.0,dev,0.5506073655352404,0.44939263446475963,1,1,1
585,1.0,dev,0.7634837527911056,0.23651624720889433,1,1,1
586,1.0,train,0.9998511615262974,0.00014883847370273712,1,1,1
587,1.0,train,0.948154530420204,0.05184546957979609,1,1,1
588,0.0,train,0.3415824860330004,0.6584175139669997,0,1,1
589,0.0,train,1.9223169090770003e-05,0.9999807768309092,0,1,1
590,0.0,train,5.562207931221725e-05,0.9999443779206879,0,1,1
591,1.0,train,0.9986114769722525,0.001388523027747475,1,1,1
592,0.0,train,0.048857775852305635,0.9511422241476942,0,1,1
593,1.0,train,0.9999917321285291,8.267871471003512e-06,1,1,1
594,1.0,test,0.7931059511841119,0.2068940488158881,1,1,1
595,1.0,dev,0.9999956431210716,4.356878928480323e-06,1,1,1
596,1.0,train,0.9999657315148189,3.426848518101601e-05,1,1,1
597,0.0,train,0.7310585903489892,0.2689414096510108,1,1,1
598,1.0,test,0.6584175139669997,0.3415824860330004,1,1,1
599,0.0,train,0.00025714201044160925,0.9997428579895584,0,1,1
600,0.0,train,0.9973683254384385,0.0026316745615616003,1,1,1
601,0.0,train,1.221907165066307e-05,0.9999877809283494,0,1,1
602,0.0,train,0.09807932874307333,0.9019206712569268,0,1,1
603,0.0,train,0.0005976692642951371,0.9994023307357048,0,1,1
604,1.0,train,0.9997546305267683,0.0002453694732318365,1,1,1
605,0.0,train,7.646538261652627e-06,0.9999923534617384,0,1,1
606,0.0,train,0.0001941131752111613,0.9998058868247889,0,1,1
607,0.0,train,0.01133175286359008,0.9886682471364099,0,1,1
608,1.0,train,0.9981324342720992,0.0018675657279009332,1,1,1
609,0.0,train,0.9999702268838412,2.977311615866932e-05,1,1,1
610,1.0,dev,0.9993436270844838,0.0006563729155161999,1,1,1
611,1.0,train,0.984575444523681,0.015424555476319008,1,1,1
612,1.0,train,0.600188359260205,0.3998116407397951,1,1,1
613,1.0,train,0.9999980966148476,1.9033851523863698e-06,1,1,1
614,0.0,dev,0.9999798543031432,2.014569685670008e-05,1,1,1
615,0.0,train,0.7662936430859597,0.23370635691404026,1,1,1
616,1.0,train,0.9999745335856176,2.546641438246407e-05,1,1,1
617,1.0,train,0.9999932519480077,6.74805199226112e-06,1,1,1
618,0.0,train,0.0058199601015755794,0.9941800398984244,0,1,1
619,0.0,train,7.527991015155027e-06,0.9999924720089848,0,1,1
620,1.0,train,0.9999788875088599,2.1112491140117105e-05,1,1,1
621,1.0,train,0.9999640869906584,3.591300934168357e-05,1,1,1
622,0.0,train,0.007460643905311515,0.9925393560946885,0,1,1
623,0.0,train,1.2029639084557005e-05,0.9999879703609155,0,1,1
624,0.0,train,0.1403362566809061,0.8596637433190938,0,1,1
625,0.0,test,0.00364998746473407,0.996350012535266,0,1,1
626,1.0,train,0.999983035577155,1.6964422845155926e-05,1,1,1
627,1.0,dev,0.9990452683599845,0.0009547316400154192,1,1,1
628,1.0,dev,0.9999477477495033,5.225225049656078e-05,1,1,1
629,1.0,train,0.03067580348300616,0.9693241965169939,0,1,1
630,0.0,train,0.42250464935739196,0.577495350642608,0,1,1
631,0.0,train,0.9996698471617874,0.00033015283821261933,1,1,1
632,0.0,train,0.00010071405023672942,0.9998992859497633,0,1,1
633,0.0,test,4.469405013132055e-05,0.9999553059498687,0,1,1
634,1.0,train,0.9998977001178381,0.00010229988216197078,1,1,1
635,1.0,train,0.9999741325766275,2.5867423372459766e-05,1,1,1
636,1.0,test,0.9481545318852121,0.05184546811478794,1,1,1
637,1.0,train,0.999899285973773,0.0001007140262270499,1,1,1
638,0.0,train,0.5621765008857981,0.4378234991142019,1,1,1
639,0.0,train,0.990291523661789,0.009708476338210996,1,1,1
640,0.0,train,0.00844562644197897,0.991554373558021,0,1,1
641,1.0,train,0.9999349718239064,6.502817609356859e-05,1,1,1
642,1.0,test,0.9999881568573562,1.1843142643706093e-05,1,1,1
643,0.0,train,0.013848609401554322,0.9861513905984456,0,1,1
644,0.0,train,0.0004173157855412982,0.9995826842144587,0,1,1
645,1.0,train,0.9999861539947142,1.3846005285868827e-05,1,1,1
646,0.0,train,0.037892428802589584,0.9621075711974103,0,1,1
647,1.0,dev,0.964321448096903,0.03567855190309708,1,1,1
648,0.0,train,0.2751297357103299,0.72487026428967,0,1,1
649,1.0,train,0.9984268876708208,0.001573112329179262,1,1,1
650,0.0,train,2.7969305526407497e-05,0.9999720306944736,0,1,1
651,1.0,train,0.9990149918058981,0.000985008194101907,1,1,1
652,1.0,train,0.998042983118015,0.001957016881985125,1,1,1
653,0.0,train,5.093703181588727e-06,0.9999949062968183,0,1,1
654,1.0,test,0.9999979738573311,2.0261426689851876e-06,1,1,1
655,1.0,train,0.999880401475408,0.00011959852459190713,1,1,1
656,0.0,train,0.00912563819763055,0.9908743618023693,0,1,1
657,1.0,test,0.9998785182969695,0.00012148170303061381,1,1,1
658,1.0,test,0.9999349718103413,6.502818965862251e-05,1,1,1
659,0.0,train,0.009559399347091532,0.9904406006529085,0,1,1
660,1.0,train,0.9998785182435745,0.00012148175642558219,1,1,1
661,1.0,train,0.010986941335237732,0.9890130586647624,0,1,1
662,0.0,train,0.30735801686526387,0.6926419831347361,0,1,1
663,1.0,train,0.9999993524050955,6.475949043539257e-07,1,1,1
664,0.0,test,0.0006667022695315302,0.9993332977304685,0,1,1
665,0.0,train,0.0460339010904779,0.9539660989095221,0,1,1
666,1.0,test,0.9999929281054696,7.071894530418263e-06,1,1,1
667,1.0,train,0.9993332976212602,0.0006667023787396989,1,1,1
668,1.0,train,0.9999892166880181,1.078331198196207e-05,1,1,1
669,1.0,train,0.9802808762133081,0.019719123786691866,1,1,1
670,1.0,train,0.5888891451980403,0.41111085480195975,1,1,1
671,1.0,train,0.8723473813156294,0.12765261868437058,1,1,1
672,1.0,train,0.9989994957480276,0.0010005042519723882,1,1,1
673,1.0,train,0.07477004290796138,0.9252299570920387,0,1,1
674,1.0,test,0.9986541398190096,0.0013458601809903012,1,1,1
675,0.0,train,0.09401018215490362,0.9059898178450964,0,1,1
676,1.0,dev,0.5736784074525096,0.4263215925474903,1,1,1
677,1.0,train,0.9999023843044909,9.761569550907415e-05,1,1,1
678,0.0,train,1.5206842636638621e-05,0.9999847931573634,0,1,1
679,0.0,dev,1.1478765390360506e-05,0.9999885212346097,0,1,1
680,0.0,train,0.13477590352179888,0.8652240964782011,0,1,1
681,1.0,train,0.9999678076659827,3.219233401735008e-05,1,1,1
682,1.0,train,0.9992206339650012,0.0007793660349988023,1,1,1
683,0.0,train,0.7826624789529376,0.21733752104706247,1,1,1
684,1.0,test,0.9989837561555936,0.0010162438444062836,1,1,1
685,0.0,test,0.002323162591706076,0.9976768374082939,0,1,1
686,0.0,train,1.428551679862239e-05,0.9999857144832013,0,1,1
687,1.0,train,0.9489172644875642,0.05108273551243587,1,1,1
688,1.0,train,0.9998858776451629,0.00011412235483694856,1,1,1
689,0.0,train,0.5156199157230156,0.48438008427698437,1,1,1
690,1.0,train,0.9998746625436343,0.00012533745636582157,1,1,1
691,1.0,train,0.8539127529517043,0.14608724704829565,1,1,1
692,1.0,train,0.9996749641571843,0.00032503584281562864,1,1,1
693,0.0,train,0.09534947004048376,0.9046505299595163,0,1,1
694,0.0,train,0.0004173157482459315,0.999582684251754,0,1,1
695,0.0,train,0.0023967313689276766,0.9976032686310724,0,1,1
696,0.0,train,0.15203224162217424,0.8479677583778257,0,1,1
697,0.0,train,0.9997305209146944,0.00026947908530563564,1,1,1
698,0.0,train,2.1233777030562053e-06,0.9999978766222969,0,1,1
699,1.0,dev,0.9933071489766515,0.006692851023348621,1,1,1
700,1.0,train,0.9901401438236133,0.00985985617638673,1,1,1
701,1.0,train,0.9991704108857504,0.0008295891142495842,1,1,1
702,0.0,train,1.8631746484712008e-05,0.9999813682535154,0,1,1
703,0.0,train,0.9553191259110588,0.04468087408894116,1,1,1
704,0.0,train,0.005641909837570183,0.9943580901624298,0,1,1
705,1.0,train,0.9999460891431149,5.391085688518909e-05,1,1,1
706,0.0,dev,0.9702399069145607,0.029760093085439133,1,1,1
707,0.0,train,0.004264633679755393,0.9957353663202445,0,1,1
708,0.0,train,0.017442484225445865,0.9825575157745542,0,1,1
709,0.0,train,0.9992083702689541,0.0007916297310458056,1,1,1
710,0.0,train,2.68420054055286e-06,0.9999973157994595,0,1,1
711,0.0,test,0.013428253162691485,0.9865717468373084,0,1,1
712,0.0,train,0.8519527869325346,0.14804721306746543,1,1,1
713,1.0,train,0.9999629470404426,3.705295955751626e-05,1,1,1
714,1.0,train,0.9995694429635666,0.0004305570364333505,1,1,1
715,0.0,train,0.00022693391158898154,0.999773066088411,0,1,1
716,0.0,train,9.915277252485179e-05,0.9999008472274753,0,1,1
717,1.0,train,0.06465348835622392,0.9353465116437761,0,1,1
718,1.0,test,0.9999611688782698,3.8831121730207065e-05,1,1,1
719,0.0,train,0.12252320610998799,0.8774767938900121,0,1,1
720,0.0,train,0.01941935045246029,0.9805806495475398,0,1,1
721,1.0,train,0.9999737252307704,2.627476922966509e-05,1,1,1
722,0.0,train,0.668880247169804,0.331119752830196,1,1,1
723,0.0,train,0.0022872281499402305,0.9977127718500598,0,1,1
724,0.0,train,4.9369871838623804e-06,0.9999950630128162,0,1,1
725,0.0,train,0.2689414096510108,0.7310585903489892,0,1,1
726,0.0,train,1.0451543691058558e-05,0.999989548456309,0,1,1
727,0.0,train,0.9999687980904658,3.120190953424575e-05,1,1,1
728,0.0,train,1.1478773600522e-05,0.9999885212263995,0,1,1
729,0.0,train,0.9518632241040059,0.04813677589599409,1,1,1
730,0.0,train,8.481108216121667e-05,0.9999151889178388,0,1,1
731,1.0,dev,0.9999673007309628,3.269926903717508e-05,1,1,1
732,0.0,test,2.026141355641559e-06,0.9999979738586443,0,1,1
733,0.0,dev,0.9173026595857203,0.08269734041427963,1,1,1
734,1.0,train,0.9961755160147351,0.003824483985264983,1,1,1
735,0.0,train,5.920917223250236e-05,0.9999407908277674,0,1,1
736,0.0,test,0.0016743991044403962,0.9983256008955597,0,1,1
737,1.0,train,0.9496693688269985,0.050330631173001586,1,1,1
738,1.0,test,0.8267117940706734,0.17328820592932656,1,1,1
739,1.0,train,0.9999190724538771,8.092754612284347e-05,1,1,1
740,1.0,train,0.9988120946119646,0.0011879053880354833,1,1,1
741,0.0,train,5.28551359619822e-07,0.9999994714486404,0,1,1
742,1.0,train,0.9998464375943429,0.00015356240565727472,1,1,1
743,1.0,dev,0.9999921107352389,7.889264761072885e-06,1,1,1
744,1.0,train,0.9999369724377919,6.302756220806147e-05,1,1,1
745,1.0,train,0.8519527869325346,0.14804721306746543,1,1,1
746,1.0,train,0.9992083703219952,0.0007916296780049193,1,1,1
747,1.0,test,0.9999771719968544,2.2828003145617006e-05,1,1,1
748,0.0,train,0.9099070035949656,0.09009299640503438,1,1,1
749,1.0,train,0.9999893838652089,1.0616134791117334e-05,1,1,1
750,1.0,test,0.08035747322699913,0.9196425267730007,0,1,1
751,0.0,train,0.00013341999500707266,0.9998665800049931,0,1,1
752,1.0,test,0.7248702761768248,0.2751297238231752,1,1,1
753,0.0,train,0.5039061705290805,0.4960938294709195,1,1,1
754,1.0,train,0.9999646437471509,3.5356252849066634e-05,1,1,1
755,0.0,dev,0.0010162442226019576,0.998983755777398,0,1,1
756,1.0,train,0.9999285809700388,7.14190299612191e-05,1,1,1
757,1.0,train,0.9999939510837632,6.0489162368998665e-06,1,1,1
758,0.0,train,0.9971550898277581,0.0028449101722418033,1,1,1
759,0.0,train,2.225282025246084e-06,0.9999977747179748,0,1,1
760,0.0,test,0.031618770006199386,0.9683812299938005,0,1,1
761,0.0,train,0.4378234844434674,0.5621765155565327,0,1,1
762,1.0,test,0.8006920020959544,0.19930799790404563,1,1,1
763,1.0,train,0.21469142916152642,0.7853085708384735,0,1,1
764,0.0,dev,0.3998116550426623,0.6001883449573376,0,1,1
765,0.0,train,0.35936413143782797,0.640635868562172,0,1,1
766,0.0,train,3.9669874518710436e-06,0.9999960330125482,0,1,1
767,0.0,test,0.18242553269617778,0.8175744673038221,0,1,1
768,1.0,train,0.9999980052707095,1.994729290533021e-06,1,1,1
769,0.0,train,0.9787126469647337,0.021287353035266205,1,1,1
770,1.0,train,0.984575448370756,0.015424551629244146,1,1,1
771,1.0,test,0.9997546305834266,0.00024536941657325257,1,1,1
772,1.0,train,0.914900950352329,0.08509904964767095,1,1,1
773,0.0,train,0.1943678016853152,0.8056321983146848,0,1,1
774,0.0,train,0.001244843079770162,0.9987551569202299,0,1,1
775,1.0,train,0.9994207082136124,0.0005792917863875267,1,1,1
776,0.0,train,2.3320745953458575e-06,0.9999976679254046,0,1,1
777,1.0,train,0.9934102293124011,0.006589770687598979,1,1,1
778,0.0,train,0.5583269943353745,0.44167300566462553,1,1,1
779,0.0,train,0.5117166047041654,0.4882833952958347,1,1,1
780,0.0,train,0.030675798166010286,0.9693242018339896,0,1,1
781,1.0,train,0.41869690935568665,0.5813030906443133,0,1,1
782,0.0,train,0.000374095627019737,0.9996259043729804,0,1,1
783,1.0,train,0.026759278528552206,0.9732407214714477,0,1,1
784,0.0,dev,0.02333076880848049,0.9766692311915195,0,1,1
785,1.0,train,0.9990452684452626,0.0009547315547372582,1,1,1
786,1.0,train,0.8824278602705732,0.11757213972942693,1,1,1
787,1.0,train,0.990874363149786,0.009125636850213873,1,1,1
788,0.0,train,0.37754066879814546,0.6224593312018546,0,1,1
789,0.0,train,1.0289508579029914e-05,0.999989710491421,0,1,1
790,0.0,dev,0.0032730647762203038,0.9967269352237798,0,1,1
791,0.0,train,1.3420013504783409e-05,0.9999865799864952,0,1,1
792,0.0,train,0.07585818628900447,0.9241418137109955,0,1,1
793,0.0,train,3.071819827099275e-05,0.999969281801729,0,1,1
794,0.0,train,0.03410042767554472,0.9658995723244552,0,1,1
795,0.0,train,0.9706877675527112,0.02931223244728875,1,1,1
796,1.0,train,0.971992482639258,0.028007517360741977,1,1,1
797,1.0,test,0.9997262782350689,0.0002737217649310458,1,1,1
798,1.0,train,0.9999922330454815,7.766954518668853e-06,1,1,1
799,1.0,dev,0.97364464868338,0.026355351316620014,1,1,1
800,0.0,train,0.0005357805383473944,0.9994642194616526,0,1,1
801,0.0,train,0.863391599428538,0.13660840057146192,1,1,1
802,1.0,train,0.9997584336243401,0.0002415663756598362,1,1,1
803,0.0,train,0.9995044640671974,0.0004955359328027468,1,1,1
804,0.0,train,0.9425067244294588,0.05749327557054124,1,1,1
805,1.0,train,0.99955578160138,0.0004442183986200097,1,1,1
806,1.0,train,0.793105941403651,0.2068940585963489,1,1,1
807,0.0,test,0.01854656559707621,0.9814534344029238,0,1,1
808,0.0,test,0.0037072528743862213,0.9962927471256138,0,1,1
809,0.0,train,3.1201922552293404e-05,0.9999687980774477,0,1,1
810,1.0,train,0.9999967112495868,3.2887504131262903e-06,1,1,1
811,1.0,train,0.9553191278192044,0.044680872180795646,1,1,1
812,0.0,test,0.8244619436290698,0.17553805637093017,1,1,1
813,0.0,train,8.186367570178111e-07,0.999999181363243,0,1,1
814,0.0,train,0.9898303422461273,0.010169657753872614,1,1,1
815,1.0,train,0.9999967622386525,3.2377613474036614e-06,1,1,1
816,0.0,train,0.1778108520503478,0.8221891479496523,0,1,1
817,1.0,train,0.45713671682749485,0.5428632831725052,0,1,1
818,0.0,train,0.01971912580299729,0.9802808741970027,0,1,1
819,1.0,train,0.9877587236271351,0.012241276372864979,1,1,1
820,1.0,train,0.3960681662740417,0.6039318337259583,0,1,1
821,1.0,train,0.9999957106659633,4.289334036694863e-06,1,1,1
822,0.0,train,1.8448241320315784e-06,0.999998155175868,0,1,1
823,1.0,train,0.985042916041382,0.014957083958617976,1,1,1
824,1.0,train,0.8791467675095294,0.12085323249047067,1,1,1
825,0.0,test,0.9648551551150879,0.0351448448849122,1,1,1
826,1.0,train,0.8519527982093668,0.14804720179063335,1,1,1
827,0.0,train,0.00028240809482123696,0.9997175919051787,0,1,1
828,0.0,test,0.12592276483513232,0.8740772351648677,0,1,1
829,1.0,train,0.9999771719941332,2.2828005866865085e-05,1,1,1
830,1.0,train,0.9989350373200179,0.0010649626799820852,1,1,1
831,1.0,train,0.03410042276746191,0.9658995772325382,0,1,1
832,1.0,dev,0.9979170290775711,0.002082970922428943,1,1,1
833,1.0,test,0.18952109132967757,0.8104789086703224,0,1,1
834,0.0,test,0.05921025074128593,0.9407897492587141,0,1,1
835,0.0,train,0.18952110964056454,0.8104788903594355,0,1,1
836,1.0,train,0.33458944125318596,0.665410558746814,0,1,1
837,1.0,train,0.9984021544703251,0.0015978455296749075,1,1,1
838,1.0,train,0.999909719641461,9.028035853902854e-05,1,1,1
839,1.0,train,0.6113819732941511,0.38861802670584894,1,1,1
840,1.0,train,0.997449088071603,0.002550911928397057,1,1,1
841,0.0,train,0.00506033113168729,0.9949396688683126,0,1,1
842,0.0,dev,0.06853748542165704,0.931462514578343,0,1,1
843,1.0,train,0.9948603897405491,0.005139610259450859,1,1,1
844,1.0,train,0.9997834558710663,0.00021654412893356455,1,1,1
845,0.0,train,0.9773707966712549,0.02262920332874509,1,1,1
846,0.0,train,1.8925139221996368e-05,0.999981074860778,0,1,1
847,0.0,train,0.014503577987496779,0.9854964220125033,0,1,1
848,0.0,dev,0.0004305571326289228,0.9995694428673711,0,1,1
849,0.0,train,2.1568175068952867e-06,0.999997843182493,0,1,1
850,0.0,train,0.0026730058738909553,0.9973269941261091,0,1,1
851,1.0,train,0.9998623453786166,0.00013765462138341246,1,1,1
852,0.0,train,2.482480185132636e-06,0.9999975175198149,0,1,1
853,1.0,train,0.9988120945058837,0.001187905494116342,1,1,1
854,1.0,train,0.9852713891776497,0.014728610822350248,1,1,1
855,1.0,train,0.9994966644995124,0.0005033355004877233,1,1,1
856,1.0,train,0.7025300573952054,0.2974699426047947,1,1,1
857,0.0,train,0.3007455789412415,0.6992544210587585,0,1,1
858,1.0,train,0.9998118579833581,0.00018814201664179726,1,1,1
859,1.0,train,0.999993037741623,6.96225837691079e-06,1,1,1
860,1.0,train,0.9999931456799795,6.854320020390019e-06,1,1,1
861,1.0,train,0.999595518472034,0.00040448152796611244,1,1,1
862,1.0,test,0.9999678076679015,3.219233209859928e-05,1,1,1
863,0.0,train,5.391085045886099e-05,0.9999460891495412,0,1,1
864,1.0,train,0.9999215621122849,7.843788771521157e-05,1,1,1
865,1.0,train,0.9985896412725324,0.0014103587274677735,1,1,1
866,1.0,train,0.993710096419479,0.006289903580520998,1,1,1
867,0.0,dev,8.80110037979258e-06,0.9999911988996202,0,1,1
868,1.0,train,0.9637799399736476,0.03622006002635233,1,1,1
869,1.0,train,0.9998822553814012,0.00011774461859874207,1,1,1
870,0.0,train,0.3629691917376782,0.6370308082623217,0,1,1
871,1.0,train,0.9999840633728663,1.593662713380479e-05,1,1,1
872,0.0,train,0.00050333551548074,0.9994966644845192,0,1,1
873,1.0,train,0.09268777362681897,0.907312226373181,0,1,1
874,1.0,train,0.9390248123094437,0.06097518769055627,1,1,1
875,0.0,train,0.006903837049572252,0.9930961629504278,0,1,1
876,1.0,train,0.9996593708346361,0.0003406291653640547,1,1,1
877,0.0,test,0.009708477627578704,0.9902915223724212,0,1,1
878,1.0,train,0.028870911959762133,0.9711290880402378,0,1,1
879,1.0,train,0.9999931456827884,6.8543172116333405e-06,1,1,1
880,1.0,train,3.7052983022269444e-05,0.9999629470169777,0,1,1
881,1.0,train,0.9999881568553267,1.1843144673162876e-05,1,1,1
882,0.0,train,7.031181752544765e-05,0.9999296881824746,0,1,1
883,0.0,train,0.76908023177796,0.2309197682220399,1,1,1
884,1.0,train,0.08389038641057993,0.91610961358942,0,1,1
885,1.0,dev,0.9999871945266455,1.280547335456575e-05,1,1,1
886,0.0,train,1.1726416540083163e-06,0.999998827358346,0,1,1
887,0.0,train,0.0010322307909058268,0.998967769209094,0,1,1
888,1.0,train,0.9999960330129175,3.966987082418028e-06,1,1,1
889,0.0,train,0.0003150386377657832,0.9996849613622342,0,1,1
890,1.0,train,0.9950945935669011,0.004905406433098834,1,1,1
891,1.0,train,0.9999524235585038,4.7576441496185666e-05,1,1,1
892,1.0,test,0.9825575127099971,0.01744248729000296,1,1,1
893,0.0,dev,3.169326576322675e-05,0.9999683067342369,0,1,1
894,0.0,train,0.018546566682035182,0.9814534333179648,0,1,1
895,1.0,test,0.9999957771652812,4.222834718888452e-06,1,1,1
896,1.0,train,0.9759464481549871,0.024053551845012837,1,1,1
897,1.0,train,0.999353796786264,0.0006462032137360756,1,1,1
898,1.0,train,0.9995557816543115,0.00044421834568857674,1,1,1
899,0.0,train,1.7880650685950351e-06,0.9999982119349315,0,1,1
900,1.0,test,0.9982725414246637,0.0017274585753363576,1,1,1
901,0.0,train,0.0005442130030727377,0.9994557869969272,0,1,1
902,0.0,train,0.8856314828740728,0.11436851712592713,1,1,1
903,0.0,train,2.1444938195387413e-05,0.9999785550618046,0,1,1
904,0.0,train,9.368717547984017e-06,0.9999906312824519,0,1,1
905,1.0,train,0.9968763517713515,0.003123648228648549,1,1,1
906,0.0,test,0.8918110540642805,0.10818894593571948,1,1,1
907,1.0,test,0.9999843104552987,1.5689544701266746e-05,1,1,1
908,0.0,train,2.5612825160865422e-06,0.999997438717484,0,1,1
909,0.0,dev,2.6274760616352237e-05,0.9999737252393835,0,1,1
910,0.0,dev,0.9046505299595163,0.09534947004048376,1,1,1
911,0.0,train,0.2720245510940225,0.7279754489059775,0,1,1
912,0.0,train,0.7853085708384735,0.21469142916152642,1,1,1
913,1.0,train,0.9999435020852367,5.6497914763346565e-05,1,1,1
914,1.0,train,0.2689414213699951,0.7310585786300049,0,1,1
915,1.0,train,0.19193280493595358,0.8080671950640463,0,1,1
916,1.0,train,0.9999965534224635,3.446577536375102e-06,1,1,1
917,0.0,test,0.9173026618464796,0.0826973381535205,1,1,1
918,1.0,dev,0.9999932519475051,6.748052495026799e-06,1,1,1
919,1.0,train,0.0004583128733299813,0.99954168712667,0,1,1
920,1.0,train,0.9999215621192971,7.84378807028683e-05,1,1,1
921,0.0,train,8.013501070570485e-06,0.9999919864989294,0,1,1
922,1.0,train,0.9999737252389921,2.6274761007866396e-05,1,1,1
923,0.0,train,0.49218813572079556,0.5078118642792044,0,1,1
924,0.0,dev,0.0072327650874438425,0.9927672349125563,0,1,1
925,0.0,dev,0.009268014475508072,0.990731985524492,0,1,1
926,1.0,train,0.9999239752270396,7.602477296047968e-05,1,1,1
927,0.0,train,0.10669058826486906,0.893309411735131,0,1,1
928,1.0,train,0.9999895484514033,1.0451548596822758e-05,1,1,1
929,0.0,train,0.006903838275551822,0.9930961617244481,0,1,1
930,0.0,train,0.019124033955683396,0.9808759660443165,0,1,1
931,0.0,train,0.9942697545037842,0.005730245496215729,1,1,1
932,1.0,train,0.9999097195856367,9.028041436321576e-05,1,1,1
933,0.0,dev,0.006488269404545813,0.9935117305954543,0,1,1
934,1.0,train,0.9999968124335009,3.1875664990820715e-06,1,1,1
935,1.0,train,0.9999904837505392,9.516249460789872e-06,1,1,1
936,1.0,dev,0.9998992860367983,0.00010071396320166834,1,1,1
937,1.0,train,0.9996200154229875,0.00037998457701251805,1,1,1
938,1.0,train,0.3311197264277872,0.6688802735722128,0,1,1
939,1.0,train,0.658417500561683,0.341582499438317,1,1,1
940,0.0,train,0.008445628937714575,0.9915543710622854,0,1,1
941,0.0,train,0.03904829272622638,0.9609517072737735,0,1,1
942,1.0,train,0.1127954092652892,0.8872045907347107,0,1,1
943,1.0,train,0.9875683496956434,0.012431650304356473,1,1,1
944,0.0,train,0.7799929104825006,0.2200070895174993,1,1,1
945,0.0,train,0.0023967312976707106,0.9976032687023292,0,1,1
946,1.0,train,0.9987934100183852,0.001206589981614826,1,1,1
947,1.0,train,0.999997843182252,2.1568177479379204e-06,1,1,1
948,1.0,train,0.9999617709013459,3.8229098654219155e-05,1,1,1
949,1.0,test,0.9999888743886153,1.1125611384676807e-05,1,1,1
950,1.0,dev,0.9124361676202372,0.08756383237976291,1,1,1
951,1.0,train,0.9999917321300689,8.267869931005318e-06,1,1,1
952,1.0,train,0.9970650475575928,0.0029349524424071216,1,1,1
953,1.0,train,0.8519528019683106,0.1480471980316895,1,1,1
954,0.0,train,0.0009850084727048012,0.9990149915272951,0,1,1
955,0.0,train,0.0001511819572335909,0.9998488180427665,0,1,1
956,1.0,train,0.9999599362892647,4.0063710735331685e-05,1,1,1
957,0.0,test,7.690376659222296e-07,0.9999992309623341,0,1,1
958,0.0,train,2.3923512294919368e-05,0.999976076487705,0,1,1
959,0.0,train,0.002757623023050844,0.9972423769769493,0,1,1
960,0.0,train,0.00045121081195302935,0.999548789188047,0,1,1
961,1.0,train,0.9999877809258003,1.2219074199729178e-05,1,1,1
962,0.0,test,0.992988205033508,0.0070117949664920244,1,1,1
963,0.0,train,0.8688267728417087,0.13117322715829127,1,1,1
964,1.0,train,0.0015011823460801075,0.99849881765392,0,1,1
965,1.0,train,0.9999955048173497,4.495182650243802e-06,1,1,1
966,1.0,train,0.9996993837083484,0.00030061629165150825,1,1,1
967,0.0,train,0.02635535284611975,0.9736446471538801,0,1,1
968,0.0,test,0.00014425988167942472,0.9998557401183205,0,1,1
969,0.0,train,1.2098660440951069e-06,0.9999987901339559,0,1,1
970,1.0,test,0.9998534686733453,0.00014653132665468045,1,1,1
971,1.0,test,0.09138210306717136,0.9086178969328287,0,1,1
972,1.0,train,0.9995344730327125,0.00046552696728765423,1,1,1
973,1.0,test,0.9999369723997573,6.302760024262206e-05,1,1,1
974,1.0,train,0.04813677657875974,0.9518632234212403,0,1,1
975,1.0,test,0.9996140338289315,0.0003859661710685054,1,1,1
976,0.0,train,0.9173026595857203,0.08269734041427963,1,1,1
977,1.0,train,0.99861147672431,0.0013885232756900101,1,1,1
978,1.0,train,0.999966785814208,3.3214185792024165e-05,1,1,1
979,0.0,test,0.588889130767832,0.411110869232168,1,1,1
980,1.0,train,0.9828232919939074,0.017176708006092507,1,1,1
981,0.0,dev,0.8757869884059266,0.12421301159407334,1,1,1
982,1.0,train,0.6477982315512488,0.3522017684487511,1,1,1
983,0.0,train,5.507604218444635e-06,0.9999944923957814,0,1,1
984,0.0,train,0.0031236489710581164,0.9968763510289418,0,1,1
985,0.0,train,0.08509903804604459,0.9149009619539553,0,1,1
986,0.0,train,0.008187911353820725,0.9918120886461793,0,1,1
987,1.0,train,0.9999673007409514,3.2699259048733114e-05,1,1,1
988,1.0,test,0.9999895484524155,1.0451547584522021e-05,1,1,1
989,1.0,train,0.9994642193978167,0.0005357806021831952,1,1,1
990,0.0,test,0.17328820592932656,0.8267117940706734,0,1,1
991,1.0,train,0.9999749284098879,2.5071590112118527e-05,1,1,1
992,1.0,dev,0.9980122262014738,0.0019877737985262334,1,1,1
993,0.0,train,0.008315777494399724,0.9916842225056003,0,1,1
994,1.0,train,0.9994642194456936,0.0005357805543063438,1,1,1
995,0.0,train,0.18952110048512089,0.8104788995148792,0,1,1
996,1.0,train,0.9999501404249306,4.985957506944875e-05,1,1,1
997,0.0,train,2.6842002205720984e-06,0.9999973157997795,0,1,1
998,1.0,train,0.021615329611333896,0.9783846703886662,0,1,1
999,0.0,train,0.0022518467438298316,0.9977481532561702,0,1,1
1000,0.0,dev,1.1843144673162876e-05,0.9999881568553267,0,1,1
1001,0.0,train,0.018833126586231864,0.9811668734137682,0,1,1
1002,1.0,train,0.9999778743406301,2.212565936982417e-05,1,1,1
1003,1.0,train,0.9999097195681497,9.028043185031768e-05,1,1,1
1004,0.0,train,0.012431653780276067,0.9875683462197239,0,1,1
1005,0.0,train,1.342001510455231e-05,0.9999865799848955,0,1,1
1006,0.0,train,0.013636833677961075,0.986363166322039,0,1,1
1007,1.0,train,0.9999916019287157,8.398071284111719e-06,1,1,1
1008,1.0,train,0.9990889487649094,0.0009110512350907039,1,1,1
1009,0.0,train,0.01262494779555395,0.987375052204446,0,1,1
1010,1.0,train,0.9998822554349082,0.00011774456509184313,1,1,1
1011,0.0,train,6.922186704994767e-05,0.9999307781329501,0,1,1
1012,1.0,train,4.2647463101821864e-05,0.9999573525368981,0,1,1
1013,1.0,train,0.9987744326428168,0.001225567357183074,1,1,1
1014,0.0,train,0.7341195385342971,0.2658804614657029,1,1,1
1015,0.0,train,0.007121427692116687,0.9928785723078832,0,1,1
1016,1.0,train,0.9988120943644424,0.0011879056355575018,1,1,1
1017,1.0,train,0.9999922330473909,7.76695260902934e-06,1,1,1
1018,0.0,train,2.468291176350556e-05,0.9999753170882365,0,1,1
1019,0.0,train,0.9869795127585695,0.013020487241430423,1,1,1
1020,1.0,dev,0.84997116805678,0.15002883194322003,1,1,1
1021,1.0,train,0.9999974784268771,2.521573122915033e-06,1,1,1
1022,1.0,train,0.999997357414002,2.6425859980413786e-06,1,1,1
1023,0.0,train,0.00013342001090985438,0.9998665799890902,0,1,1
1024,0.0,train,3.4465799116755785e-06,0.9999965534200883,0,1,1
1025,1.0,train,0.9963500135919812,0.003649986408018844,1,1,1
1026,0.0,train,0.9994023306199966,0.0005976693800035103,1,1,1
1027,1.0,train,0.9996698471617874,0.00033015283821261933,1,1,1
1028,1.0,train,0.9343951680216529,0.06560483197834706,1,1,1
1029,0.0,train,0.024423085793578995,0.975576914206421,0,1,1
1030,0.0,train,0.7490872131147275,0.25091278688527247,1,1,1
1031,1.0,train,0.9998488180630384,0.00015118193696157702,1,1,1
1032,1.0,test,0.9999822214513158,1.7778548684198694e-05,1,1,1
1033,1.0,dev,0.4882833952958347,0.5117166047041654,0,1,1
1034,1.0,train,0.6688802603710086,0.3311197396289915,1,1,1
1035,0.0,train,0.7745833737577158,0.2254166262422842,1,1,1
1036,1.0,train,0.9995416871232568,0.00045831287674311333,1,1,1
1037,1.0,train,0.9995197027538066,0.0004802972461934145,1,1,1
1038,1.0,train,0.9999890468780762,1.0953121923826881e-05,1,1,1
1039,0.0,dev,0.00013342004271542352,0.9998665799572846,0,1,1
1040,1.0,train,0.9999940448634466,5.955136553384781e-06,1,1,1
1041,0.0,train,0.0004442183059900061,0.99955578169401,0,1,1
1042,0.0,dev,0.9993228057871297,0.0006771942128702738,1,1,1
1043,0.0,train,0.00453843118622759,0.9954615688137725,0,1,1
1044,1.0,train,0.9997468437127047,0.0002531562872951398,1,1,1
1045,0.0,train,0.0007208380688155355,0.9992791619311845,0,1,1
1046,1.0,train,0.9999687980951151,3.120190488494434e-05,1,1,1
1047,1.0,train,0.9954615674673528,0.0045384325326471905,1,1,1
1048,1.0,train,0.9999764473905817,2.355260941825914e-05,1,1,1
1049,1.0,train,0.2909808539178129,0.709019146082187,0,1,1
1050,1.0,train,0.9999706884747617,2.9311525238327886e-05,1,1,1
1051,0.0,train,0.9912886150275787,0.008711384972421207,1,1,1
1052,1.0,dev,0.9999605574085463,3.944259145364634e-05,1,1,1
1053,1.0,train,0.9999741325781694,2.586742183068111e-05,1,1,1
1054,0.0,train,0.3998116407397951,0.600188359260205,0,1,1
1055,1.0,train,0.9999816571044855,1.834289551449015e-05,1,1,1
1056,0.0,train,2.9773101962167297e-05,0.9999702268980379,0,1,1
1057,1.0,train,0.9999991813634381,8.186365618397818e-07,1,1,1
1058,1.0,test,0.9914225139526973,0.008577486047302837,1,1,1
1059,1.0,train,0.15817434481176187,0.8418256551882382,0,1,1
1060,1.0,train,0.9999177980954181,8.2201904581933e-05,1,1,1
1061,0.0,train,0.07055959618729296,0.9294404038127071,0,1,1
1062,0.0,train,0.0035936021545687705,0.9964063978454312,0,1,1
1063,0.0,train,0.14414885303274058,0.8558511469672594,0,1,1
1064,1.0,dev,0.8791467643431002,0.12085323565689977,1,1,1
1065,1.0,train,0.9997868124482375,0.00021318755176245725,1,1,1
1066,1.0,train,0.9702399056237732,0.029760094376226766,1,1,1
1067,1.0,train,0.9996898440664203,0.0003101559335798025,1,1,1
1068,1.0,train,0.9998766053661012,0.00012339463389885607,1,1,1
1069,1.0,dev,0.9830850864854851,0.016914913514514927,1,1,1
1070,1.0,train,0.9999845536969972,1.5446303002702567e-05,1,1,1
1071,0.0,train,0.08389039557214682,0.9161096044278532,0,1,1
1072,0.0,train,5.955139703581819e-06,0.9999940448602964,0,1,1
1073,0.0,train,0.00074370295236673,0.9992562970476333,0,1,1
1074,1.0,train,0.9997507675236861,0.00024923247631397096,1,1,1
1075,1.0,train,0.9732407168145568,0.026759283185443145,1,1,1
1076,0.0,train,0.00014202363176591299,0.9998579763682341,0,1,1
1077,1.0,train,0.709019146082187,0.2909808539178129,1,1,1
1078,0.0,dev,0.0006771942330385673,0.9993228057669614,0,1,1
1079,0.0,train,4.4001164910060604e-05,0.9999559988350899,0,1,1
1080,1.0,train,0.998325600322659,0.001674399677340913,1,1,1
1081,0.0,train,0.07369626563712976,0.9263037343628702,0,1,1
1082,0.0,train,0.019719124074735486,0.9802808759252645,0,1,1
1083,0.0,test,0.12592275171421674,0.8740772482857831,0,1,1
1084,0.0,train,0.010169656553883863,0.9898303434461161,0,1,1
1085,1.0,train,0.9999768125276781,2.318747232197998e-05,1,1,1
1086,0.0,train,2.5071592353637262e-05,0.9999749284076465,0,1,1
1087,1.0,train,0.7690802264851918,0.23091977351480808,1,1,1
1088,1.0,test,0.9999580136883223,4.198631167773691e-05,1,1,1
1089,0.0,train,0.005469274922910219,0.9945307250770897,0,1,1
1090,0.0,test,9.516255664621421e-06,0.9999904837443354,0,1,1
1091,1.0,train,0.7718434873426302,0.22815651265736978,1,1,1
1092,1.0,train,0.9901401428052906,0.009859857194709427,1,1,1
1093,0.0,train,0.04742587587030561,0.9525741241296944,0,1,1
1094,0.0,train,0.0001273109960979637,0.999872689003902,0,1,1
1095,1.0,train,0.9999573525121149,4.2647487885144245e-05,1,1,1
1096,1.0,train,0.9986541398390375,0.0013458601609624128,1,1,1
1097,0.0,train,0.8991213718636752,0.10087862813632466,1,1,1
1098,0.0,train,0.41869690935568665,0.5813030906443133,0,1,1
1099,1.0,train,0.999290329664304,0.0007096703356961413,1,1,1
1100,0.0,test,0.0009850084140515538,0.9990149915859484,0,1,1
1101,0.0,test,0.13660839002621938,0.8633916099737806,0,1,1
1102,1.0,dev,0.9999976679250744,2.3320749254759957e-06,1,1,1
1103,1.0,train,0.9959927115893543,0.004007288410645687,1,1,1
1104,0.0,train,0.955981348882942,0.04401865111705817,1,1,1
1105,1.0,test,0.8791467580102418,0.12085324198975819,1,1,1
1106,0.0,test,0.0016743990048055436,0.9983256009951945,0,1,1
1107,1.0,train,0.9993537966130508,0.0006462033869493041,1,1,1
1108,1.0,test,0.00023782207898419882,0.9997621779210157,0,1,1
1109,1.0,train,0.9957353651179818,0.004264634882018277,1,1,1
1110,0.0,train,0.0007096705681791412,0.999290329431821,0,1,1
1111,1.0,test,0.8519528019683106,0.1480471980316895,1,1,1
1112,0.0,train,0.13846179056896438,0.8615382094310357,0,1,1
1113,1.0,train,0.9936116795632051,0.006388320436794933,1,1,1
1114,0.0,dev,0.0005112578440753887,0.9994887421559246,0,1,1
1115,0.0,train,0.00600359704150011,0.9939964029585,0,1,1
1116,1.0,train,0.9999285810115406,7.141898845936275e-05,1,1,1
1117,1.0,train,0.640635854839898,0.35936414516010196,1,1,1
1118,1.0,dev,0.9976768376155183,0.002323162384481701,1,1,1
1119,1.0,test,0.9996430294846033,0.00035697051539667,1,1,1
1120,0.0,train,9.028040898256972e-05,0.9999097195910175,0,1,1
1121,1.0,train,0.6406358411176238,0.3593641588823761,1,1,1
1122,1.0,test,0.9999861539959521,1.3846004047956683e-05,1,1,1
1123,1.0,train,0.975946446405965,0.024053553594035094,1,1,1
1124,0.0,train,0.05340333582602272,0.9465966641739773,0,1,1
1125,1.0,test,0.9999972735301965,2.7264698034801545e-06,1,1,1
1126,0.0,test,1.280547802950909e-05,0.9999871945219705,0,1,1
1127,0.0,dev,0.9988304897784611,0.0011695102215388158,1,1,1
1128,1.0,train,0.22270013882530884,0.7772998611746911,0,1,1
1129,0.0,train,5.475977633201084e-05,0.999945240223668,0,1,1
1130,1.0,train,0.9999898700116607,1.0129988339300026e-05,1,1,1
1131,1.0,train,0.32423539898095244,0.6757646010190476,0,1,1
1132,1.0,train,0.9999165037547858,8.349624521429616e-05,1,1,1
1133,1.0,train,0.9811668681821134,0.0188331318178866,1,1,1
1134,1.0,test,0.9992791618882502,0.0007208381117498628,1,1,1
1135,0.0,train,7.296376421707618e-06,0.9999927036235784,0,1,1
1136,0.0,train,0.0006986757081008987,0.9993013242918991,0,1,1
1137,1.0,train,0.9982453858508996,0.0017546141491003426,1,1,1
1138,0.0,train,0.5583269943353745,0.44167300566462553,1,1,1
1139,0.0,train,7.1832623265449245e-06,0.9999928167376735,0,1,1
1140,1.0,train,0.9974090205585534,0.002590979441446469,1,1,1
1141,0.0,train,4.908664230407052e-05,0.9999509133576958,0,1,1
1142,0.0,train,0.9219218391455084,0.07807816085449158,1,1,1
1143,0.0,dev,1.5689555338659232e-05,0.9999843104446613,0,1,1
1144,0.0,train,0.007345825705219017,0.992654174294781,0,1,1
1145,0.0,test,0.0007208381976185251,0.9992791618023815,0,1,1
1146,1.0,train,0.9999215621309843,7.843786901563091e-05,1,1,1
1147,1.0,dev,0.999857976358712,0.00014202364128798739,1,1,1
1148,1.0,train,0.9390248140158417,0.060975185984158346,1,1,1
1149,1.0,train,0.9111797148356995,0.08882028516430056,1,1,1
1150,0.0,train,0.029312234143221275,0.9706877658567789,0,1,1
1151,0.0,test,8.26787208700287e-06,0.9999917321279131,0,1,1
1152,0.0,train,0.19193279569159502,0.808067204308405,0,1,1
1153,0.0,train,0.6224593312018546,0.37754066879814546,1,1,1
1154,0.0,train,0.0001273109960979637,0.999872689003902,0,1,1
1155,0.0,train,0.9559813526452771,0.04401864735472289,1,1,1
1156,1.0,dev,0.9314625088705931,0.06853749112940687,1,1,1
1157,1.0,train,0.9999937590675172,6.240932482937102e-06,1,1,1
1158,0.0,train,8.990963792256087e-07,0.9999991009036208,0,1,1
1159,1.0,train,0.9985896417342318,0.0014103582657683104,1,1,1
1160,0.0,train,0.7981867777396212,0.20181322226037882,1,1,1
1161,1.0,test,0.03732689055684297,0.9626731094431571,0,1,1
1162,1.0,train,0.9997800466111837,0.00021995338881626412,1,1,1
1163,0.0,train,0.006692851320539924,0.9933071486794601,0,1,1
1164,0.0,train,1.2219081118625574e-05,0.9999877809188814,0,1,1
1165,0.0,train,5.093703181588727e-06,0.9999949062968183,0,1,1
1166,0.0,train,0.0011160141933976965,0.9988839858066023,0,1,1
1167,0.0,train,0.9973683258686682,0.002631674131331772,1,1,1
1168,0.0,train,3.089494816302461e-06,0.9999969105051838,0,1,1
1169,0.0,train,3.6688637466199978e-06,0.9999963311362534,0,1,1
1170,0.0,train,2.1444945864531857e-05,0.9999785550541355,0,1,1
1171,1.0,train,0.9968273164506148,0.0031726835493852378,1,1,1
1172,1.0,train,0.999195914016482,0.0008040859835179557,1,1,1
1173,0.0,train,0.0009850080621321424,0.9990149919378678,0,1,1
1174,1.0,train,0.999704042992298,0.000295957007701909,1,1,1
1175,1.0,train,0.9982453857334501,0.0017546142665499527,1,1,1
1176,0.0,train,0.008187911837862279,0.9918120881621376,0,1,1
1177,0.0,train,0.9990302478301075,0.0009697521698924459,1,1,1
1178,0.0,dev,0.0016229668200204205,0.9983770331799796,0,1,1
1179,1.0,train,0.9999559988203379,4.400117966195409e-05,1,1,1
1180,0.0,test,4.06945754791813e-05,0.9999593054245208,0,1,1
1181,1.0,train,0.9987551566423322,0.001244843357667934,1,1,1
1182,1.0,train,0.9999923534652135,7.646534786439863e-06,1,1,1
1183,1.0,train,0.9999909195289624,9.080471037733864e-06,1,1,1
1184,1.0,train,0.9999798543058449,2.01456941550062e-05,1,1,1
1185,0.0,train,9.461259841893423e-05,0.9999053874015811,0,1,1
1186,0.0,test,0.03789242445662532,0.9621075755433748,0,1,1
1187,1.0,train,0.982287697407704,0.01771230259229602,1,1,1
1188,0.0,train,0.09138209316905592,0.9086179068309441,0,1,1
1189,1.0,train,0.5195213219520929,0.480478678047907,1,1,1
1190,1.0,test,0.9997428579550819,0.0002571420449181749,1,1,1
1191,1.0,test,0.985936373783223,0.014063626216776943,1,1,1
1192,1.0,train,0.9999984220380778,1.5779619222718407e-06,1,1,1
1193,0.0,train,0.999876605387244,0.0001233946127561488,1,1,1
1194,0.0,test,0.10374862686637971,0.8962513731336202,0,1,1
1195,0.0,train,8.446225266352379e-07,0.9999991553774734,0,1,1
1196,0.0,train,0.8376199633332891,0.16238003666671086,1,1,1
1197,0.0,train,0.09138210306717136,0.9086178969328287,0,1,1
1198,0.0,train,1.892515163005382e-05,0.99998107484837,0,1,1
1199,0.0,train,0.8991213799730774,0.10087862002692255,1,1,1
1200,1.0,train,0.9995826843045891,0.0004173156954108346,1,1,1
1201,1.0,train,0.013848611436580041,0.98615138856342,0,1,1
1202,1.0,dev,0.9966755626639847,0.0033244373360152234,1,1,1
1203,0.0,train,0.0046818216910782095,0.9953181783089217,0,1,1
1204,1.0,train,0.005139611097568844,0.9948603889024311,0,1,1
1205,1.0,train,0.9999329077709991,6.709222900104617e-05,1,1,1
1206,0.0,train,0.1052105254805718,0.8947894745194281,0,1,1
1207,1.0,train,0.8152324803738429,0.1847675196261571,1,1,1
1208,0.0,test,4.400117671157501e-05,0.9999559988232884,0,1,1
1209,0.0,train,0.001244843079770162,0.9987551569202299,0,1,1
1210,1.0,train,0.9999190723978065,8.092760219334495e-05,1,1,1
1211,1.0,test,0.9997388096984138,0.0002611903015861188,1,1,1
1212,1.0,train,0.709019146082187,0.2909808539178129,1,1,1
1213,1.0,test,0.999998790134294,1.2098657060628955e-06,1,1,1
1214,1.0,train,0.6757646010190476,0.32423539898095244,1,1,1
1215,1.0,train,0.7549149868676283,0.24508501313237172,1,1,1
1216,1.0,train,0.9896718490038141,0.010328150996185824,1,1,1
1217,1.0,train,0.9999927036211863,7.296378813629143e-06,1,1,1
1218,0.0,dev,0.028870906946287907,0.9711290930537122,0,1,1
1219,0.0,train,0.9997219690475125,0.0002780309524874768,1,1,1
1220,0.0,train,0.25982564942392716,0.7401743505760728,0,1,1
1221,1.0,train,0.0024343822979998324,0.9975656177020001,0,1,1
1222,1.0,train,0.21206880435710532,0.7879311956428947,0,1,1
1223,1.0,dev,0.8976952866333483,0.10230471336665163,1,1,1
1224,1.0,train,0.9946981048948413,0.005301895105158706,1,1,1
1225,1.0,train,0.9999954340315,4.5659684999643e-06,1,1,1
1226,1.0,dev,0.999582684321683,0.00041731567831712813,1,1,1
1227,0.0,dev,5.59433571275548e-06,0.9999944056642873,0,1,1
1228,1.0,train,0.9999885212283666,1.1478771633503607e-05,1,1,1
1229,0.0,train,0.9987156916313957,0.0012843083686043411,1,1,1
1230,0.0,train,9.874638703184832e-07,0.9999990125361297,0,1,1
1231,0.0,train,0.757794360334681,0.24220563966531902,1,1,1
1232,1.0,train,0.9999760764978648,2.3923502135253365e-05,1,1,1
1233,0.0,train,0.0182642740768468,0.9817357259231532,0,1,1
1234,1.0,train,0.9941800397259857,0.005819960274014447,1,1,1
1235,0.0,train,0.9919380071609186,0.00806199283908151,1,1,1
1236,1.0,train,0.9998644792466821,0.00013552075331777717,1,1,1
1237,1.0,train,0.9998415638239767,0.00015843617602323177,1,1,1
1238,1.0,train,0.06954175221934784,0.9304582477806521,0,1,1
1239,1.0,train,0.9999949852646166,5.014735383290554e-06,1,1,1
1240,1.0,train,0.10087862273005653,0.8991213772699436,0,1,1
1241,1.0,train,4.9369910093207504e-06,0.9999950630089905,0,1,1
1242,0.0,train,0.00136702597113516,0.9986329740288649,0,1,1
1243,1.0,train,0.9999845536865248,1.5446313475181567e-05,1,1,1
1244,1.0,train,0.9998557401699045,0.00014425983009552247,1,1,1
1245,1.0,train,0.5273165233795671,0.47268347662043286,1,1,1
1246,1.0,train,0.06278920859705135,0.9372107914029487,0,1,1
1247,1.0,train,0.9996540082576667,0.0003459917423333498,1,1,1
1248,1.0,train,0.9996430295218249,0.0003569704781750374,1,1,1
1249,0.0,train,0.0033766119805751275,0.9966233880194248,0,1,1
1250,1.0,train,0.9984988179889566,0.0015011820110434502,1,1,1
1251,1.0,train,0.9976403398090388,0.002359660190961091,1,1,1
1252,1.0,dev,0.9999611689034392,3.883109656083963e-05,1,1,1
1253,1.0,train,0.8267117898012104,0.17328821019878954,1,1,1
1254,0.0,test,5.307508455338059e-05,0.9999469249154467,0,1,1
1255,0.0,train,0.0006166296796647159,0.9993833703203354,0,1,1
1256,1.0,test,0.9981613351498774,0.0018386648501226837,1,1,1
1257,0.0,train,0.5078118642792044,0.49218813572079556,1,1,1
1258,0.0,train,0.00021654404989510323,0.9997834559501049,0,1,1
1259,1.0,train,0.6113819732941511,0.38861802670584894,1,1,1
1260,1.0,train,0.9979170296505906,0.0020829703494094146,1,1,1
1261,0.0,test,0.9979170290311101,0.002082970968889993,1,1,1
1262,0.0,train,0.033589507584945354,0.9664104924150547,0,1,1
1263,1.0,train,0.9976768379263548,0.0023231620736451726,1,1,1
1264,0.0,train,0.01282121238057963,0.9871787876194204,0,1,1
1265,0.0,train,0.6113819732941511,0.38861802670584894,1,1,1
1266,0.0,train,0.986777180191995,0.013222819808004944,1,1,1
1267,0.0,dev,0.0008295891636559291,0.9991704108363441,0,1,1
1268,1.0,dev,0.9999840633836711,1.5936616328902283e-05,1,1,1
1269,0.0,train,0.7772998611746911,0.22270013882530884,1,1,1
1270,0.0,dev,0.017442483203926946,0.982557516796073,0,1,1
1271,0.0,train,0.0008830457951973934,0.9991169542048025,0,1,1
1272,0.0,train,0.0015978454940173438,0.9984021545059827,0,1,1
1273,1.0,train,0.5467381519846138,0.45326184801538616,1,1,1
1274,0.0,train,2.627477627692315e-05,0.9999737252237231,0,1,1
1275,0.0,train,0.0006166297347617124,0.9993833702652382,0,1,1
1276,1.0,train,0.9974885362995416,0.0025114637004585326,1,1,1
1277,0.0,train,1.2289179793299828e-06,0.9999987710820207,0,1,1
1278,1.0,train,0.9626731158685837,0.037326884131416216,1,1,1
1279,1.0,train,0.999244594299783,0.0007554057002170382,1,1,1
1280,1.0,train,0.9992791618345822,0.0007208381654177755,1,1,1
1281,0.0,train,0.8740772450055544,0.12592275499444552,1,1,1
1282,0.0,train,0.9399133498259924,0.06008665017400762,1,1,1
1283,1.0,train,0.3557749071749625,0.6442250928250376,0,1,1
1284,1.0,train,0.9995694429250883,0.0004305570749115768,1,1,1
1285,1.0,dev,0.9999023843008548,9.761569914518728e-05,1,1,1
1286,0.0,train,5.3075090880088275e-05,0.99994692490912,0,1,1
1287,1.0,train,0.9890130575313263,0.01098694246867374,1,1,1
1288,1.0,train,0.9999913353444635,8.66465553648833e-06,1,1,1
1289,0.0,train,0.32423539898095244,0.6757646010190476,0,1,1
1290,0.0,train,6.502815235473102e-05,0.9999349718476453,0,1,1
1291,0.0,train,7.722190913582135e-05,0.9999227780908642,0,1,1
1292,1.0,train,0.9925393547705743,0.007460645229425722,1,1,1
1293,1.0,train,0.9989677689171484,0.001032231082851512,1,1,1
1294,0.0,train,0.028007517360741977,0.971992482639258,0,1,1
1295,1.0,test,0.9938070102089896,0.006192989791010243,1,1,1
1296,1.0,train,0.9999879703638731,1.2029636126875694e-05,1,1,1
1297,1.0,train,0.9914225163603422,0.008577483639657844,1,1,1
1298,1.0,train,0.004468385061930281,0.9955316149380697,0,1,1
1299,1.0,test,0.9967269347862642,0.003273065213735806,1,1,1
1300,1.0,train,0.9984752138696683,0.001524786130331677,1,1,1
1301,1.0,train,0.9970650476448044,0.0029349523551954393,1,1,1
1302,0.0,train,0.9912886161856891,0.008711383814310924,1,1,1
1303,0.0,train,0.9991959140224682,0.0008040859775318657,1,1,1
1304,1.0,train,0.9999810748583808,1.892514161900683e-05,1,1,1
1305,1.0,train,0.999988156859121,1.184314087896135e-05,1,1,1
1306,0.0,train,0.00048029734634311383,0.9995197026536569,0,1,1
1307,1.0,train,0.9980122256250291,0.00198777437497088,1,1,1
1308,1.0,train,0.9811668728630676,0.018833127136932293,1,1,1
1309,1.0,dev,0.04603390501676544,0.9539660949832346,0,1,1
1310,0.0,train,1.952588637245298e-05,0.9999804741136276,0,1,1
1311,1.0,train,0.9999879703616325,1.2029638367543286e-05,1,1,1
1312,0.0,train,3.0894959211886916e-06,0.9999969105040789,0,1,1
1313,1.0,train,0.9999965534216548,3.446578345261027e-06,1,1,1
1314,1.0,train,0.9997131460415364,0.0002868539584637392,1,1,1
1315,0.0,dev,0.01798620575097472,0.9820137942490252,0,1,1
1316,0.0,train,0.9999913353482077,8.664651792232146e-06,1,1,1
1317,0.0,test,9.76156256957284e-05,0.9999023843743043,0,1,1
1318,1.0,train,0.9999329077470066,6.70922529934915e-05,1,1,1
1319,1.0,train,0.99998834047316,1.1659526840083186e-05,1,1,1
1320,0.0,train,0.002714985146232415,0.9972850148537675,0,1,1
1321,1.0,train,0.0025909792874122014,0.9974090207125879,0,1,1
1322,1.0,test,0.9942697538246,0.005730246175399942,1,1,1
1323,1.0,train,0.9997219689864205,0.00027803101357950794,1,1,1
1324,1.0,train,0.9999359799611748,6.40200388251706e-05,1,1,1
1325,0.0,train,0.48047866316946014,0.5195213368305399,0,1,1
1326,1.0,train,0.9748211604938802,0.025178839506119776,1,1,1
1327,0.0,train,0.00013765460087410055,0.9998623453991259,0,1,1
1328,1.0,train,0.9920620061332854,0.00793799386671456,1,1,1
1329,1.0,train,0.9999949062938583,5.093706141756105e-06,1,1,1
1330,0.0,train,0.9904406000885707,0.00955939991142935,1,1,1
1331,1.0,test,0.9979492563076038,0.0020507436923963463,1,1,1
1332,1.0,train,0.9999768125294055,2.3187470594418783e-05,1,1,1
1333,1.0,train,0.3174262785020255,0.6825737214979745,0,1,1
1334,1.0,train,0.9999987901338793,1.2098661207157547e-06,1,1,1
1335,0.0,train,0.9960545930762795,0.0039454069237204,1,1,1
1336,0.0,train,0.0038244840988075806,0.9961755159011926,0,1,1
1337,1.0,train,0.9998726890086441,0.00012731099135586337,1,1,1
1338,1.0,dev,0.9999816571012056,1.834289879439559e-05,1,1,1
1339,0.0,train,0.003649987681496205,0.9963500123185037,0,1,1
1340,0.0,dev,0.0002234163601827719,0.9997765836398173,0,1,1
1341,0.0,train,0.8031737869342623,0.19682621306573764,1,1,1
1342,1.0,train,0.9999692818120278,3.0718187972232316e-05,1,1,1
1343,0.0,train,5.562207931221725e-05,0.9999443779206879,0,1,1
1344,0.0,dev,0.010013570032294488,0.9899864299677055,0,1,1
1345,1.0,dev,1.473898636698977e-05,0.999985261013633,0,1,1
1346,1.0,train,0.9991030608232159,0.0008969391767840064,1,1,1
1347,0.0,train,0.9924227603008972,0.007577239699102878,1,1,1
1348,0.0,train,0.99435809166717,0.005641908332830018,1,1,1
1349,1.0,train,3.446580425254275e-06,0.9999965534195747,0,1,1
1350,0.0,test,0.9993436271382424,0.0006563728617575586,1,1,1
1351,,,0.0007437029302191389,0.9992562970697809,0,1,1
1352,0.0,train,0.0039454075093123386,0.9960545924906877,0,1,1
1353,1.0,test,0.9999961550647695,3.844935230626674e-06,1,1,1
1354,1.0,train,0.9990889487106558,0.000911051289344118,1,1,1
1355,1.0,train,0.9999651918816694,3.480811833047121e-05,1,1,1
1356,0.0,train,0.002934951570290418,0.9970650484297097,0,1,1
1357,1.0,train,0.9997868124720581,0.00021318752794197238,1,1,1
1358,0.0,train,0.03258974382642806,0.9674102561735718,0,1,1
1359,1.0,train,0.6757646010190476,0.32423539898095244,1,1,1
1360,1.0,train,0.9989837558984207,0.001016244101579327,1,1,1
1361,1.0,test,0.9974090200386879,0.0025909799613121924,1,1,1
1362,0.0,train,0.9314625126757596,0.06853748732424027,1,1,1
1363,0.0,train,0.9987934105032484,0.0012065894967516824,1,1,1
1364,1.0,train,0.9968763519801541,0.00312364801984589,1,1,1
1365,0.0,train,0.35220178204788966,0.6477982179521103,0,1,1
1366,0.0,train,0.0006771943742166382,0.9993228056257832,0,1,1
1367,1.0,train,0.021287351793451054,0.9787126482065489,0,1,1
1368,0.0,dev,5.307507189996746e-05,0.9999469249281001,0,1,1
1369,1.0,train,0.02931222820745785,0.9706877717925421,0,1,1
1370,0.0,train,0.0467249533163039,0.9532750466836962,0,1,1
1371,0.0,dev,0.003945406572365279,0.9960545934276348,0,1,1
1372,0.0,train,0.0004583127368047216,0.9995416872631953,0,1,1
1373,1.0,train,0.3276682876897044,0.6723317123102955,0,1,1
1374,0.0,dev,0.9999580137083421,4.1986291657948736e-05,1,1,1
1375,1.0,train,0.999997478427234,2.5215727659594663e-06,1,1,1
1376,1.0,dev,0.9196425267730007,0.08035747322699913,1,1,1
1377,1.0,test,0.999997186982673,2.8130173268841554e-06,1,1,1
1378,1.0,train,0.8080672135527632,0.19193278644723683,1,1,1
1379,1.0,train,0.9995557816344621,0.00044421836553786335,1,1,1
1380,0.0,train,8.13969602106498e-06,0.999991860303979,0,1,1
1381,1.0,train,0.9997658640740693,0.0002341359259307008,1,1,1
1382,1.0,dev,0.9999970976880364,2.90231196358725e-06,1,1,1
1383,0.0,train,0.9985449373645753,0.0014550626354247753,1,1,1
1384,1.0,train,0.7577943822145998,0.2422056177854002,1,1,1
1385,0.0,test,0.5350984286266115,0.46490157137338844,1,1,1
1386,0.0,train,4.006370655652864e-05,0.9999599362934435,0,1,1
1387,0.0,test,0.0009547317110805592,0.9990452682889194,0,1,1
1388,0.0,train,0.7772998611746911,0.22270013882530884,1,1,1
1389,1.0,train,0.9994806952283157,0.0005193047716842115,1,1,1
1390,1.0,train,0.9653811651448431,0.03461883485515691,1,1,1
1391,1.0,train,0.9962927472907266,0.003707252709273499,1,1,1
1392,0.0,train,0.0006462035216707359,0.9993537964783292,0,1,1
1393,1.0,train,0.9995044641520718,0.000495535847928134,1,1,1
1394,1.0,train,0.9999871945255959,1.2805474404042676e-05,1,1,1
1395,1.0,train,0.4882833952958347,0.5117166047041654,0,1,1
1396,0.0,train,0.022629200033037256,0.9773707999669629,0,1,1
1397,0.0,train,0.0013458605615202354,0.9986541394384798,0,1,1
1398,0.0,test,0.5813030761371503,0.4186969238628498,1,1,1
1399,1.0,test,0.999992703617218,7.296382782046132e-06,1,1,1
1400,1.0,train,0.9999944923926629,5.507607337076875e-06,1,1,1
1401,0.0,train,0.0005976692642951371,0.9994023307357048,0,1,1
1402,1.0,train,0.9980732654512935,0.0019267345487064141,1,1,1
1403,0.0,train,0.09138209811811351,0.9086179018818865,0,1,1
1404,0.0,train,6.240928065602039e-06,0.9999937590719344,0,1,1
1405,1.0,train,0.9999954340305135,4.565969486514275e-06,1,1,1
1406,1.0,train,0.9755769071055401,0.02442309289445975,1,1,1
1407,0.0,train,0.011158032563383335,0.9888419674366167,0,1,1
1408,0.0,train,0.0005703157410524151,0.9994296842589476,0,1,1
1409,1.0,test,0.9974490878630726,0.0025509121369272866,1,1,1
1410,1.0,dev,0.9981030798126705,0.0018969201873294881,1,1,1
1411,1.0,train,0.9999946618465217,5.338153478149485e-06,1,1,1
1412,1.0,train,0.9996946511543128,0.00030534884568724993,1,1,1
1413,1.0,train,0.9999970519823649,2.9480176351868564e-06,1,1,1
1414,1.0,train,0.9999917321295146,8.267870485404637e-06,1,1,1
1415,0.0,test,0.036769468186644665,0.9632305318133554,0,1,1
1416,1.0,train,0.9579122768904644,0.042087723109535534,1,1,1
1417,1.0,train,0.6584175139669997,0.3415824860330004,1,1,1
1418,1.0,train,0.6477982179521103,0.35220178204788966,1,1,1
1419,1.0,train,0.21733752104706247,0.7826624789529376,0,1,1
1420,0.0,train,0.0016484831380418293,0.9983515168619581,0,1,1
1421,1.0,train,0.1778108520503478,0.8221891479496523,0,1,1
1422,0.0,train,0.023330764054858306,0.9766692359451417,0,1,1
1423,0.0,train,0.00050333551548074,0.9994966644845192,0,1,1
1424,1.0,dev,0.9998415637903396,0.00015843620966048786,1,1,1
1425,1.0,train,0.001524786572717304,0.9984752134272827,0,1,1
1426,1.0,train,0.971563964485063,0.02843603551493705,1,1,1
1427,0.0,train,0.9811668701095654,0.018833129890434692,1,1,1
1428,1.0,train,0.9974490879199446,0.002550912080055404,1,1,1
1429,1.0,train,0.9962927463550876,0.0037072536449123533,1,1,1
1430,0.0,train,0.9946981045019136,0.005301895498086323,1,1,1
1431,0.0,train,7.934497826770257e-07,0.9999992065502173,0,1,1
1432,1.0,train,0.9996593708067287,0.0003406291932712822,1,1,1
1433,1.0,train,0.9988120944882035,0.0011879055117964858,1,1,1
1434,0.0,train,0.8976952975813453,0.10230470241865469,1,1,1
1435,0.0,train,0.00010391068801344592,0.9998960893119866,0,1,1
1436,1.0,train,0.9999813682605948,1.8631739405161486e-05,1,1,1
1437,0.0,train,0.0011879056709177944,0.9988120943290822,0,1,1
1438,1.0,train,0.9999359799292188,6.402007078122539e-05,1,1,1
1439,0.0,train,0.013020491645796363,0.9869795083542037,0,1,1
1440,0.0,train,0.003483424503438188,0.9965165754965617,0,1,1
1441,0.0,train,1.1300808670220627e-05,0.9999886991913297,0,1,1
1442,1.0,train,0.9504109798251322,0.049589020174867784,1,1,1
1443,1.0,train,0.999929688184046,7.031181595396658e-05,1,1,1
1444,1.0,train,0.9993332977999646,0.0006667022000354318,1,1,1
1445,0.0,test,4.683888704120893e-05,0.9999531611129588,0,1,1
1446,1.0,test,0.9997834560081739,0.00021654399182604797,1,1,1
1447,0.0,train,6.786732981189371e-07,0.9999993213267019,0,1,1
1448,0.0,train,0.011158030590434442,0.9888419694095656,0,1,1
1449,0.0,train,0.9425067244294588,0.05749327557054124,1,1,1
1450,0.0,test,0.7490872131147275,0.25091278688527247,1,1,1
1451,0.0,train,0.6757645879592642,0.32423541204073586,1,1,1
1452,1.0,train,0.5117166047041654,0.4882833952958347,1,1,1
1453,0.0,train,0.051082739846285856,0.9489172601537141,0,1,1
1454,0.0,train,0.08882028998817859,0.9111797100118213,0,1,1
1455,1.0,train,0.9585377237352756,0.04146227626472452,1,1,1
1456,0.0,train,0.02479816091630153,0.9752018390836984,0,1,1
1457,1.0,train,0.9996749640821359,0.00032503591786411397,1,1,1
1458,0.0,train,0.37754066879814546,0.6224593312018546,0,1,1
1459,1.0,train,0.999967807676296,3.219232370406585e-05,1,1,1
1460,0.0,dev,5.6497933283762946e-05,0.9999435020667163,0,1,1
1461,0.0,train,0.7185943805178138,0.2814056194821861,1,1,1
1462,0.0,train,0.9449947132556618,0.055005286744338196,1,1,1
1463,1.0,train,0.9989182845299057,0.0010817154700942099,1,1,1
1464,0.0,train,0.5312093585306514,0.46879064146934857,1,1,1
1465,1.0,train,0.9884918519527643,0.011508148047235576,1,1,1
1466,0.0,train,0.0006263342327275096,0.9993736657672725,0,1,1
1467,1.0,train,0.9999553059112428,4.469408875721906e-05,1,1,1
1468,0.0,train,0.00011959858517800997,0.9998804014148219,0,1,1
1469,1.0,train,0.48047866316946014,0.5195213368305399,0,1,1
1470,0.0,train,0.5273165233795671,0.47268347662043286,1,1,1
1471,1.0,train,0.999997774719268,2.225280732037177e-06,1,1,1
1472,1.0,train,0.9995557816840854,0.00044421831591464847,1,1,1
1473,0.0,train,0.9603611586300241,0.03963884136997595,1,1,1
1474,1.0,train,0.1755380908759299,0.8244619091240701,0,1,1
1475,1.0,train,0.07921032410902437,0.9207896758909757,0,1,1
1476,1.0,dev,0.06097517403937405,0.939024825960626,0,1,1
1477,1.0,test,0.9999962146748662,3.7853251338000713e-06,1,1,1
1478,1.0,train,0.9999580136973938,4.198630260626922e-05,1,1,1
1479,1.0,train,0.6187804337438501,0.38121956625614994,1,1,1
1480,1.0,train,0.9989012690333787,0.001098730966621178,1,1,1
1481,0.0,test,1.618758626034917e-05,0.9999838124137397,0,1,1
1482,1.0,train,0.9790357545942348,0.0209642454057652,1,1,1
1483,0.0,train,0.15203224930631218,0.8479677506936879,0,1,1
1484,1.0,train,0.999811857952525,0.00018814204747487738,1,1,1
1485,1.0,train,0.9999667857919369,3.321420806313903e-05,1,1,1
1486,1.0,train,0.9843363510585812,0.015663648941418883,1,1,1
1487,0.0,train,0.004399412640592879,0.9956005873594072,0,1,1
1488,1.0,train,0.9982992772470197,0.0017007227529804328,1,1,1
1489,0.0,test,0.0008830459529588667,0.999116954047041,0,1,1
1490,1.0,train,0.017176709012318405,0.9828232909876817,0,1,1
1491,0.0,train,0.0006563729106290505,0.999343627089371,0,1,1
1492,1.0,dev,0.977370798319109,0.02262920168089112,1,1,1
1493,0.0,train,0.001098730811254594,0.9989012691887453,0,1,1
1494,1.0,test,0.9999962733591886,3.7266408112906318e-06,1,1,1
1495,1.0,train,0.6619228891883799,0.33807711081161995,1,1,1
1496,0.0,train,0.28140560742914383,0.7185943925708561,0,1,1
1497,1.0,dev,0.9230391706552538,0.07696082934474628,1,1,1
1498,0.0,train,0.9998804014059123,0.00011959859408773357,1,1,1
1499,1.0,train,0.9999753170983507,2.4682901649145996e-05,1,1,1
1500,0.0,test,3.373721068894735e-05,0.999966262789311,0,1,1
1501,1.0,train,0.9999949852661112,5.014733888790666e-06,1,1,1
1502,0.0,train,2.64258676590266e-06,0.9999973574132341,0,1,1
1503,1.0,train,0.9953181779617319,0.004681822038267995,1,1,1
1504,1.0,test,0.9972850138854493,0.0027149861145508124,1,1,1
1505,0.0,train,0.0005442131651726106,0.9994557868348273,0,1,1
1506,1.0,train,0.9999871945315113,1.2805468488810205e-05,1,1,1
1507,0.0,train,1.834290207430162e-05,0.9999816570979256,0,1,1
1508,0.0,train,0.0051396120118795295,0.9948603879881205,0,1,1
1509,1.0,train,0.9999285809774877,7.141902251216618e-05,1,1,1
1510,,,1.2411497560157148e-05,0.9999875885024399,0,1,1
1511,0.0,train,0.6261241632752915,0.3738758367247084,1,1,1
1512,1.0,dev,0.9993537967958869,0.0006462032041131199,1,1,1
1513,1.0,dev,0.9999307781535782,6.922184642165479e-05,1,1,1
1514,1.0,train,0.9970650486695416,0.0029349513304583693,1,1,1
1515,0.0,test,8.349627320626114e-05,0.9999165037267937,0,1,1
1516,1.0,train,0.6513548646660542,0.34864513533394575,1,1,1
1517,1.0,train,0.8596637577007394,0.14033624229926062,1,1,1
1518,0.0,train,0.9196425289753969,0.08035747102460308,1,1,1
1519,1.0,train,0.9927672359825268,0.0072327640174731644,1,1,1
1520,1.0,train,0.9999239752157117,7.602478428819323e-05,1,1,1
1521,1.0,train,0.9983515171807679,0.001648482819232212,1,1,1
1522,1.0,train,0.9985674636397645,0.0014325363602354277,1,1,1
1523,0.0,train,0.0007672923671596192,0.9992327076328403,0,1,1
1524,0.0,train,0.06187597880385994,0.93812402119614,0,1,1
1525,1.0,train,0.9787126478960951,0.021287352103904835,1,1,1
1526,1.0,train,0.07055959227836445,0.9294404077216355,0,1,1
1527,1.0,train,0.9988664310624018,0.0011335689375981263,1,1,1
1528,0.0,train,0.999880401382747,0.00011959861725301804,1,1,1
1529,0.0,train,0.0023967305851011695,0.997603269414899,0,1,1
1530,0.0,test,0.05033062689957593,0.949669373100424,0,1,1
1531,0.0,train,2.2603240284525457e-06,0.9999977396759714,0,1,1
1532,0.0,train,0.9996593705454155,0.00034062945458452276,1,1,1
1533,1.0,dev,0.022977365895758564,0.9770226341042414,0,1,1
1534,1.0,train,0.999997438717713,2.561282287090637e-06,1,1,1
1535,0.0,train,0.0014550627653282253,0.9985449372346717,0,1,1
1536,0.0,train,0.00012533755907503895,0.9998746624409248,0,1,1
1537,1.0,train,0.9980429828269675,0.001957017173032685,1,1,1
1538,1.0,train,0.9999635214498225,3.6478550177515476e-05,1,1,1
1539,1.0,test,0.9997346976586721,0.0002653023413279083,1,1,1
1540,0.0,train,1.4738983731492707e-05,0.9999852610162685,0,1,1
1541,1.0,dev,0.9989182846667675,0.0010817153332324833,1,1,1
1542,1.0,train,0.9999756997531011,2.4300246898861468e-05,1,1,1
1543,1.0,train,0.9999785550504605,2.1444949539331207e-05,1,1,1
1544,1.0,dev,0.982823291742351,0.017176708257648974,1,1,1
1545,0.0,train,0.49218813572079556,0.5078118642792044,0,1,1
1546,1.0,dev,0.9865717424942962,0.013428257505703766,1,1,1
1547,0.0,train,0.002082970535253569,0.9979170294647465,0,1,1
1548,1.0,train,0.9997868125006426,0.000213187499357394,1,1,1
1549,0.0,test,1.6964423982689864e-05,0.9999830355760174,0,1,1
1550,1.0,train,0.9999741325808674,2.5867419132568694e-05,1,1,1
1551,1.0,dev,0.9991169541653623,0.0008830458346377594,1,1,1
1552,1.0,train,0.9958012040431817,0.004198795956818338,1,1,1
1553,0.0,train,0.3702254064929193,0.6297745935070806,0,1,1
1554,1.0,train,0.6688802603710086,0.3311197396289915,1,1,1
1555,0.0,train,1.2679281630046673e-06,0.9999987320718369,0,1,1
1556,1.0,train,0.44167300566462553,0.5583269943353745,0,1,1
1557,0.0,train,0.9995487894299859,0.00045121057001396746,1,1,1
1558,1.0,train,0.9591542835062628,0.04084571649373723,1,1,1
1559,1.0,train,0.9999318512611293,6.814873887068909e-05,1,1,1
1560,1.0,train,0.9997965730719511,0.00020342692804896722,1,1,1
1561,0.0,train,0.7690802264851918,0.23091977351480808,1,1,1
1562,1.0,dev,0.9993929242749083,0.0006070757250917574,1,1,1
1563,1.0,test,0.9998822553989446,0.00011774460105549384,1,1,1
1564,1.0,train,0.658417500561683,0.341582499438317,1,1,1
1565,1.0,train,0.999625904353477,0.00037409564652304594,1,1,1
1566,1.0,train,0.9999913353463357,8.664653664360036e-06,1,1,1
1567,1.0,train,0.5621765008857981,0.4378234991142019,1,1,1
1568,1.0,train,0.9999657315002662,3.4268499733766695e-05,1,1,1
1569,1.0,dev,0.2120688093369431,0.787931190663057,0,1,1
1570,1.0,dev,0.00638832128806239,0.9936116787119376,0,1,1
1571,0.0,train,0.040237944925478955,0.9597620550745211,0,1,1
1572,0.0,train,5.738757469215487e-05,0.9999426124253079,0,1,1
1573,0.0,train,0.9814534368440813,0.018546563155918752,1,1,1
1574,0.0,train,0.9241418283357702,0.07585817166422973,1,1,1
1575,1.0,train,0.9999976312015958,2.368798404091111e-06,1,1,1
1576,0.0,train,0.006589770492502679,0.9934102295074974,0,1,1
1577,1.0,train,0.8947894661025423,0.10521053389745762,1,1,1
1578,0.0,train,0.997065048037257,0.0029349519627429026,1,1,1
1579,1.0,train,0.9998911031289137,0.0001088968710862325,1,1,1
1580,0.0,train,0.00042388464097460263,0.9995761153590254,0,1,1
1581,0.0,train,5.144219534598939e-05,0.999948557804654,0,1,1
1582,0.0,test,0.00014883844709230766,0.9998511615529077,0,1,1
1583,1.0,train,0.9999919864989891,8.01350101086573e-06,1,1,1
1584,1.0,train,0.9802808678600415,0.019719132139958503,1,1,1
1585,1.0,train,0.9999983719489745,1.628051025504975e-06,1,1,1
1586,0.0,train,0.7122321964553657,0.28776780354463427,1,1,1
1587,0.0,train,0.682573734412324,0.31742626558767584,1,1,1
1588,0.0,train,0.9998232549382604,0.00017674506173954855,1,1,1
1589,1.0,train,0.999989870004868,1.0129995131920005e-05,1,1,1
1590,0.0,train,0.9884918526308096,0.011508147369190407,1,1,1
1591,1.0,train,0.9999957106685837,4.289331416148529e-06,1,1,1
1592,1.0,test,0.9572778061099871,0.042722193890012965,1,1,1
1593,1.0,train,0.9999859359617354,1.406403826468869e-05,1,1,1
1594,1.0,train,0.9908743607244359,0.009125639275564033,1,1,1
1595,0.0,train,0.02228618424046944,0.9777138157595305,0,1,1
1596,1.0,dev,0.9899864271610316,0.01001357283896838,1,1,1
1597,0.0,train,0.00045121057001396746,0.9995487894299859,0,1,1
1598,0.0,train,0.0017546143056998242,0.9982453856943001,0,1,1
1599,0.0,train,0.5195213219520929,0.480478678047907,1,1,1
1600,0.0,train,0.02096423714801805,0.9790357628519819,0,1,1
1601,1.0,train,0.9958012040431817,0.004198795956818338,1,1,1
1602,0.0,train,4.029454920165685e-06,0.9999959705450798,0,1,1
1603,,,0.9958012039808773,0.0041987960191225675,1,1,1
1604,1.0,dev,0.08389039328175502,0.916109606718245,0,1,1
1605,1.0,test,0.9998415638210262,0.00015843617897386798,1,1,1
1606,0.0,train,0.04742586913845881,0.9525741308615412,0,1,1
1607,1.0,train,0.9998992860390492,0.00010071396095076259,1,1,1
1608,0.0,train,0.05261895334771377,0.9473810466522863,0,1,1
1609,1.0,train,0.9969721656501561,0.003027834349843747,1,1,1
1610,1.0,train,0.10669058826486906,0.893309411735131,0,1,1
1611,1.0,train,0.9854964186047327,0.01450358139526738,1,1,1
1612,1.0,train,0.9752018401647722,0.024798159835227727,1,1,1
1613,0.0,train,4.565970609140368e-06,0.9999954340293908,0,1,1
1614,1.0,train,0.9962927479511774,0.003707252048822685,1,1,1
1615,1.0,train,0.0034834235723657106,0.9965165764276344,0,1,1
1616,0.0,train,0.0016743995029798655,0.9983256004970201,0,1,1
1617,1.0,train,0.9999852610127544,1.4738987245488893e-05,1,1,1
1618,0.0,dev,0.857768094082276,0.14223190591772394,1,1,1
1619,1.0,train,0.9978842963477289,0.0021157036522710232,1,1,1
1620,1.0,dev,0.9999706884708308,2.931152916919479e-05,1,1,1
1621,1.0,train,0.9999359799254031,6.402007459687478e-05,1,1,1
1622,1.0,train,0.9995121428699516,0.0004878571300483571,1,1,1
1623,0.0,train,0.4073334000459302,0.5926665999540697,0,1,1
1624,0.0,test,8.750301325200059e-05,0.9999124969867479,0,1,1
1625,0.0,train,7.766951393804438e-06,0.9999922330486062,0,1,1
1626,0.0,train,0.05834583733690639,0.9416541626630937,0,1,1
1627,0.0,train,0.00021995330689527962,0.9997800466931048,0,1,1
1628,1.0,train,0.45326184801538616,0.5467381519846138,0,1,1
1629,1.0,train,0.9997730661391232,0.00022693386087681617,1,1,1
1630,0.0,train,0.0006361913435821652,0.9993638086564179,0,1,1
1631,1.0,train,0.9999673007268214,3.269927317872508e-05,1,1,1
1632,0.0,train,0.9059898279984214,0.09401017200157859,1,1,1
1633,1.0,train,0.793105941403651,0.2068940585963489,1,1,1
1634,1.0,train,0.9987355777730977,0.0012644222269022356,1,1,1
1635,1.0,train,0.999977172004508,2.282799549210853e-05,1,1,1
1636,1.0,train,0.9925393569774312,0.007460643022568841,1,1,1
1637,0.0,train,0.9999546021353561,4.5397864643733076e-05,1,1,1
1638,1.0,dev,0.9999939510788958,6.048921104209681e-06,1,1,1
1639,1.0,train,0.9984512388365843,0.0015487611634157693,1,1,1
1640,1.0,train,0.9958660328910878,0.004133967108912263,1,1,1
1641,0.0,dev,0.10087861732378864,0.8991213826762113,0,1,1
1642,1.0,dev,0.9999963880175577,3.6119824423173374e-06,1,1,1
1643,0.0,dev,0.015663651468675235,0.9843363485313247,0,1,1
1644,1.0,train,0.9999692818177494,3.071818225070022e-05,1,1,1
1645,1.0,train,0.9999788875165674,2.1112483432565718e-05,1,1,1
1646,1.0,train,0.9985220573276513,0.0014779426723487347,1,1,1
1647,0.0,train,0.9799765563713599,0.02002344362864003,1,1,1
1648,0.0,train,9.761567223795335e-05,0.999902384327762,0,1,1
1649,0.0,train,2.3552608716353227e-05,0.9999764473912838,0,1,1
1650,1.0,train,0.9999914696811808,8.53031881925311e-06,1,1,1
1651,1.0,train,0.999981074857394,1.892514260601123e-05,1,1,1
1652,0.0,train,2.4824795932647773e-06,0.9999975175204067,0,1,1
1653,1.0,train,0.9999546021509146,4.539784908538142e-05,1,1,1
1654,1.0,train,0.9934102282393712,0.006589771760628729,1,1,1
1655,0.0,dev,0.9949396668426849,0.005060333157315081,1,1,1
1656,0.0,train,2.2827990389770967e-05,0.9999771720096101,0,1,1
1657,1.0,train,0.9808759607334258,0.019124039266574203,1,1,1
1658,0.0,train,0.9997346975776507,0.00026530242234933533,1,1,1
1659,1.0,train,0.9999546021367092,4.5397863290832726e-05,1,1,1
1660,0.0,train,0.0005527786039936393,0.9994472213960063,0,1,1
1661,0.0,dev,0.9658995742876885,0.03410042571231151,1,1,1
1662,0.0,train,0.004982269287191003,0.995017730712809,0,1,1
1663,1.0,train,0.9999938558260846,6.144173915553954e-06,1,1,1
1664,1.0,train,0.9999978431823966,2.156817603312337e-06,1,1,1
1665,0.0,train,0.999790116979024,0.0002098830209759675,1,1,1
1666,0.0,train,5.8628164580291475e-06,0.999994137183542,0,1,1
1667,1.0,train,0.9971104182952872,0.002889581704712791,1,1,1
1668,0.0,train,0.06656918341495573,0.9334308165850442,0,1,1
1669,0.0,train,2.902311120257362e-06,0.9999970976888799,0,1,1
1670,1.0,train,0.9999921107340634,7.889265936655757e-06,1,1,1
1671,1.0,train,0.9999907765287216,9.223471278350102e-06,1,1,1
1672,1.0,train,0.2200070895174993,0.7799929104825006,0,1,1
1673,0.0,train,0.006903838888541687,0.9930961611114582,0,1,1
1674,0.0,train,5.82912830322795e-05,0.9999417087169676,0,1,1
1675,1.0,dev,0.6297746074044134,0.3702253925955866,1,1,1
1676,1.0,train,0.9997834558678403,0.00021654413215962482,1,1,1
1677,0.0,train,4.2647452934309165e-05,0.9999573525470657,0,1,1
1678,1.0,train,0.999978217344619,2.1782655380966205e-05,1,1,1
1679,0.0,train,3.94425808747376e-05,0.9999605574191252,0,1,1
1680,1.0,train,0.9995121429462456,0.0004878570537544055,1,1,1
1681,1.0,train,0.9207896758909757,0.07921032410902437,1,1,1
1682,1.0,train,0.9883127409715955,0.011687259028404494,1,1,1
1683,1.0,train,0.3486451217982255,0.6513548782017746,0,1,1
1684,1.0,test,0.9999877809262555,1.2219073744538761e-05,1,1,1
1685,0.0,train,0.9994642195733652,0.0005357804266347612,1,1,1
1686,0.0,train,0.0005527787192485087,0.9994472212807515,0,1,1
1687,1.0,train,0.9999928167390115,7.183260988567787e-06,1,1,1
1688,0.0,train,7.69037986789568e-07,0.9999992309620133,0,1,1
1689,1.0,train,0.9996079581494467,0.00039204185055330306,1,1,1
1690,1.0,train,0.9996849612144059,0.0003150387855941395,1,1,1
1691,1.0,train,0.9999798543079463,2.014569205368899e-05,1,1,1
1692,1.0,train,0.9995121428554194,0.00048785714458053967,1,1,1
1693,1.0,train,0.42250464935739196,0.577495350642608,0,1,1
1694,0.0,train,0.9974090210591648,0.002590978940835131,1,1,1
1695,1.0,train,0.9962927477310272,0.003707252268972943,1,1,1
1696,1.0,train,0.9998488180326304,0.00015118196736959883,1,1,1
1697,0.0,train,0.0453525766833672,0.9546474233166328,0,1,1
1698,1.0,train,5.5622056106172975e-05,0.9999443779438938,0,1,1
1699,0.0,dev,0.004133968826607734,0.9958660311733922,0,1,1
1700,0.0,test,0.0004305572095853961,0.9995694427904147,0,1,1
1701,1.0,train,0.1871326821624266,0.8128673178375735,0,1,1
1702,0.0,train,0.7981867873410141,0.20181321265898594,1,1,1
1703,1.0,dev,0.9999756997538254,2.4300246174675288e-05,1,1,1
1704,1.0,train,0.9999516743438109,4.832565618909183e-05,1,1,1
1705,0.0,train,0.32423541204073586,0.6757645879592642,0,1,1
1706,1.0,train,0.9935117288664559,0.006488271133544043,1,1,1
1707,0.0,train,0.012053777741733895,0.9879462222582661,0,1,1
1708,1.0,train,0.9995487893963835,0.00045121060361660723,1,1,1
1709,0.0,train,3.6478548546856734e-05,0.9999635214514533,0,1,1
1710,1.0,dev,0.9755769078156284,0.024423092184371588,1,1,1
1711,0.0,test,0.03021458706739398,0.9697854129326061,0,1,1
1712,1.0,train,0.9999989154828948,1.0845171052366232e-06,1,1,1
1713,1.0,train,0.9999435020658745,5.6497934125600186e-05,1,1,1
1714,0.0,train,0.004331502534682705,0.9956684974653174,0,1,1
1715,0.0,train,0.054198723712371395,0.9458012762876287,0,1,1
1716,1.0,train,0.991422514586288,0.008577485413711986,1,1,1
1717,0.0,train,0.06954175221934784,0.9304582477806521,0,1,1
1718,1.0,train,0.9999977396748855,2.2603251146772016e-06,1,1,1
1719,1.0,train,0.0070117949664920244,0.992988205033508,0,1,1
1720,0.0,train,0.9956684970797283,0.004331502920271782,1,1,1
1721,0.0,test,0.689305616785446,0.31069438321455395,1,1,1
1722,0.0,train,0.9999987121042997,1.2878957002314203e-06,1,1,1
1723,0.0,train,7.602477182770842e-05,0.9999239752281723,0,1,1
1724,1.0,train,0.00844562619240545,0.9915543738075946,0,1,1
1725,0.0,train,0.5736784074525096,0.4263215925474903,1,1,1
1726,1.0,dev,0.6926419831347361,0.30735801686526387,1,1,1
1727,1.0,train,0.999926314094343,7.368590565706193e-05,1,1,1
1728,0.0,train,0.0007208381117498628,0.9992791618882502,0,1,1
1729,1.0,train,0.001455062938532843,0.9985449370614672,0,1,1
1730,1.0,dev,0.9999871945263593,1.2805473640786722e-05,1,1,1
1731,1.0,train,0.9999895484552968,1.0451544703358919e-05,1,1,1
1732,1.0,test,0.9999830355737422,1.6964426257757968e-05,1,1,1
1733,0.0,train,0.06954175029096783,0.9304582497090322,0,1,1
1734,1.0,test,0.9982178038631997,0.0017821961368001452,1,1,1
1735,1.0,train,0.9585377308419049,0.04146226915809502,1,1,1
1736,0.0,dev,0.993096162541768,0.0069038374582320846,1,1,1
1737,1.0,train,0.7718434978390747,0.22815650216092537,1,1,1
1738,1.0,train,0.999985028920546,1.4971079454047382e-05,1,1,1
1739,0.0,train,0.9985220571077461,0.0014779428922538826,1,1,1
1740,1.0,train,0.9999339478610504,6.60521389495163e-05,1,1,1
1741,1.0,train,0.9999657314989896,3.426850101032406e-05,1,1,1
1742,1.0,train,0.9621075690244281,0.0378924309755719,1,1,1
1743,1.0,train,0.9999933565651223,6.643434877576123e-06,1,1,1
1744,0.0,test,0.5851011542032312,0.41489884579676883,1,1,1
1745,0.0,dev,0.8006919925839875,0.1993080074160125,1,1,1
1746,0.0,train,0.024423090054107213,0.9755769099458929,0,1,1
1747,0.0,dev,0.9314625088705931,0.06853749112940687,1,1,1
1748,1.0,dev,0.9999764473737359,2.3552626264007406e-05,1,1,1
1749,1.0,test,0.9999760764827144,2.3923517285634074e-05,1,1,1
1750,0.0,dev,0.4378234991142019,0.5621765008857981,0,1,1
1751,1.0,train,0.9975656182809892,0.0024343817190108532,1,1,1
1752,0.0,train,0.1943678016853152,0.8056321983146848,0,1,1
1753,0.0,test,8.349627320626114e-05,0.9999165037267937,0,1,1
1754,1.0,dev,0.0010987312037596907,0.9989012687962404,0,1,1
1755,0.0,train,0.9711290913825542,0.02887090861744589,1,1,1
1756,1.0,train,0.9987934103236694,0.0012065896763306019,1,1,1
1757,0.0,train,0.07055959227836445,0.9294404077216355,0,1,1
1758,0.0,train,0.9975273766595959,0.0024726233404040437,1,1,1
1759,1.0,train,0.9999683067446263,3.1693255373695575e-05,1,1,1
1760,1.0,train,0.9999813682464358,1.8631753564265216e-05,1,1,1
1761,1.0,train,0.9986749773856047,0.0013250226143952844,1,1,1
1762,1.0,train,0.9999398584669889,6.014153301111467e-05,1,1,1
1763,0.0,train,0.8459424373085146,0.15405756269148546,1,1,1
1764,0.0,train,5.093703940605841e-06,0.9999949062960594,0,1,1
1765,1.0,train,0.9987744327704969,0.001225567229503116,1,1,1
1766,1.0,train,0.9674102561735718,0.03258974382642806,1,1,1
1767,1.0,test,0.999964643756634,3.535624336611719e-05,1,1,1
1768,1.0,train,0.9954615680732418,0.004538431926758321,1,1,1
1769,0.0,train,0.9136765281148513,0.08632347188514872,1,1,1
1770,0.0,train,0.010489092497219677,0.9895109075027804,0,1,1
1771,0.0,dev,0.057493282030230575,0.9425067179697694,0,1,1
1772,0.0,test,0.6477982179521103,0.35220178204788966,1,1,1
1773,1.0,train,0.9999657314941387,3.426850586124251e-05,1,1,1
1774,0.0,train,4.400117671157501e-05,0.9999559988232884,0,1,1
1775,0.0,dev,0.000335350090503036,0.999664649909497,0,1,1
1776,0.0,train,0.9458012655937033,0.05419873440629664,1,1,1
1777,1.0,train,0.689305616785446,0.31069438321455395,1,1,1
1778,0.0,train,7.843785382222494e-05,0.9999215621461778,0,1,1
1779,1.0,train,0.9998992860082869,0.00010071399171314559,1,1,1
1780,0.0,train,0.41489884579676883,0.5851011542032312,0,1,1
1781,0.0,train,0.0005357807298548196,0.9994642192701452,0,1,1
1782,1.0,train,0.9999190724315694,8.092756843045768e-05,1,1,1
1783,1.0,dev,0.9999426124124814,5.738758751854269e-05,1,1,1
1784,0.0,dev,4.222833318810213e-06,0.9999957771666812,0,1,1
1785,1.0,train,0.9999753170875009,2.4682912499095506e-05,1,1,1
1786,0.0,dev,6.643431858252602e-06,0.9999933565681417,0,1,1
1787,1.0,train,0.8791467801752451,0.120853219824755,1,1,1
1788,0.0,test,0.9990889489954863,0.0009110510045137297,1,1,1
1789,0.0,test,0.029760091364389046,0.9702399086356109,0,1,1
1790,0.0,test,0.02517884608956658,0.9748211539104336,0,1,1
1791,1.0,train,0.9999967112493785,3.2887506214019617e-06,1,1,1
1792,0.0,train,0.925229959153748,0.07477004084625212,1,1,1
1793,1.0,train,0.9990302482415455,0.0009697517584545613,1,1,1
1794,0.0,train,0.00011591936736618974,0.9998840806326339,0,1,1
1795,1.0,train,0.9999359799158641,6.402008413599927e-05,1,1,1
1796,1.0,test,0.9999417087217448,5.829127825521526e-05,1,1,1
1797,1.0,train,0.9993013242086686,0.0006986757913313469,1,1,1
1798,0.0,dev,0.9390248174286374,0.06097518257136261,1,1,1
1799,1.0,train,0.9996200154456277,0.00037998455437227924,1,1,1
1800,0.0,train,0.09807932347046003,0.90192067652954,0,1,1
1801,1.0,train,0.002981032464124334,0.9970189675358757,0,1,1
1802,0.0,train,0.1561048817412842,0.8438951182587159,0,1,1
1803,0.0,test,0.006797532355194096,0.9932024676448059,0,1,1
1804,1.0,dev,0.9553191278192044,0.044680872180795646,1,1,1
1805,0.0,train,0.7217431943271999,0.2782568056728001,1,1,1
1806,1.0,train,0.9997040429900937,0.000295957009906308,1,1,1
1807,1.0,dev,0.9994023307268042,0.0005976692731957802,1,1,1
1808,0.0,train,0.0041987955206887525,0.9958012044793112,0,1,1
1809,1.0,train,0.6757646010190476,0.32423539898095244,1,1,1
1810,0.0,train,0.008315778969011374,0.9916842210309885,0,1,1
1811,1.0,train,0.9991959141242317,0.0008040858757683391,1,1,1
1812,0.0,dev,0.04084572058025284,0.9591542794197472,0,1,1
1813,0.0,train,0.9999966068556421,3.393144357922007e-06,1,1,1
1814,0.0,dev,0.5964331319177487,0.4035668680822513,1,1,1
1815,0.0,train,0.0012843081201339697,0.9987156918798661,0,1,1
1816,1.0,train,0.9939964036698878,0.006003596330112296,1,1,1
1817,1.0,train,0.9995891514317674,0.00041084856823266666,1,1,1
1818,1.0,train,0.9997388095991928,0.0002611904008072044,1,1,1
1819,0.0,train,0.999790116919614,0.00020988308038601795,1,1,1
1820,0.0,dev,1.406404937177343e-05,0.9999859359506282,0,1,1
1821,1.0,train,0.9989350372883133,0.0010649627116866467,1,1,1
1822,1.0,train,0.9998785182200444,0.0001214817799555757,1,1,1
1823,1.0,dev,0.9999977396765609,2.260323439028533e-06,1,1,1
1824,1.0,train,0.9976768379954296,0.002323162004570394,1,1,1
1825,0.0,dev,0.0007321812616608614,0.9992678187383391,0,1,1
1826,0.0,train,0.08756383237976291,0.9124361676202372,0,1,1
1827,0.0,train,3.0241967546485775e-05,0.9999697580324535,0,1,1
1828,0.0,train,0.9407897492587141,0.05921025074128593,1,1,1
1829,1.0,test,0.9173026663679977,0.08269733363200235,1,1,1
1830,0.0,train,0.4263215925474903,0.5736784074525096,0,1,1
1831,1.0,train,0.9999822214421761,1.777855782381373e-05,1,1,1
1832,0.0,train,0.11124121240045177,0.8887587875995483,0,1,1
1833,1.0,train,0.9995044641557621,0.0004955358442379339,1,1,1
1834,1.0,train,0.9999909195260531,9.080473946863512e-06,1,1,1
1835,1.0,train,0.9998822554436798,0.00011774455632022265,1,1,1
1836,0.0,train,0.9473810466522863,0.05261895334771377,1,1,1
1837,0.0,train,0.005554925691471436,0.9944450743085287,0,1,1
1838,1.0,test,0.9843363503693294,0.015663649630670577,1,1,1
1839,1.0,train,0.9828232914907945,0.01717670850920545,1,1,1
1840,1.0,dev,0.9999990577555921,9.422444078701936e-07,1,1,1
1841,0.0,train,0.0039454075093123386,0.9960545924906877,0,1,1
1842,1.0,test,0.9999863686601952,1.3631339804791529e-05,1,1,1
1843,1.0,train,0.01771229922192934,0.9822877007780706,0,1,1
1844,1.0,dev,0.9999863686503438,1.3631349656116198e-05,1,1,1
1845,1.0,train,0.9995694428481321,0.0004305571518680399,1,1,1
1846,0.0,train,3.72663983949706e-06,0.9999962733601605,0,1,1
1847,0.0,train,0.09401017961657226,0.9059898203834277,0,1,1
1848,1.0,train,0.9693242005047409,0.030675799495259178,1,1,1
1849,1.0,test,0.9999968124345459,3.187565454119844e-06,1,1,1
1850,0.0,train,0.00024923250973032246,0.9997507674902697,0,1,1
1851,1.0,dev,0.9999959705441941,4.029455805804683e-06,1,1,1
1852,1.0,train,0.6370307944803831,0.3629692055196168,1,1,1
1853,0.0,train,1.6964434599676954e-05,0.9999830355654002,0,1,1
1854,1.0,train,0.9999983719479191,1.628052080807107e-06,1,1,1
1855,0.0,train,0.2974699426047947,0.7025300573952054,0,1,1
1856,1.0,train,0.24508499107646636,0.7549150089235336,0,1,1
1857,1.0,dev,0.8918110454379297,0.10818895456207035,1,1,1
1858,0.0,test,2.443992408570426e-06,0.9999975560075914,0,1,1
1859,0.0,train,7.141902676876775e-05,0.9999285809732313,0,1,1
1860,1.0,train,0.9999907765326387,9.223467361334742e-06,1,1,1
1861,0.0,test,0.9999617708905226,3.8229109477308176e-05,1,1,1
1862,0.0,train,0.9924227598526806,0.007577240147319397,1,1,1
1863,0.0,train,0.000954731540524232,0.9990452684594757,0,1,1
1864,0.0,test,0.3311197396289915,0.6688802603710086,0,1,1
1865,1.0,train,0.9783846678676152,0.021615332132384868,1,1,1
1866,1.0,train,0.8947894632969136,0.10521053670308635,1,1,1
1867,1.0,train,0.0362200621070413,0.9637799378929587,0,1,1
1868,1.0,train,0.9999873930480304,1.2606951969553594e-05,1,1,1
1869,1.0,train,0.9999852610112171,1.4738988782862486e-05,1,1,1
1870,0.0,test,0.0003459917681028253,0.9996540082318972,0,1,1
1871,0.0,train,0.0005527785381337246,0.9994472214618663,0,1,1
1872,0.0,train,0.9989182847955786,0.0010817152044214624,1,1,1
1873,1.0,train,0.9999771719961742,2.2828003825928997e-05,1,1,1
1874,1.0,train,0.24798742624020276,0.7520125737597972,0,1,1
1875,1.0,test,0.9962345868860993,0.0037654131139007656,1,1,1
1876,0.0,train,9.368716989570184e-06,0.9999906312830104,0,1,1
1877,0.0,train,0.9996430294739684,0.00035697052603142287,1,1,1
1878,1.0,test,0.49218813572079556,0.5078118642792044,0,1,1
1879,0.0,train,6.144172771119519e-06,0.999993855827229,0,1,1
1880,1.0,train,0.980280873044828,0.019719126955171907,1,1,1
1881,1.0,train,0.9683812331876134,0.03161876681238652,1,1,1
1882,0.0,train,0.9998176454436726,0.00018235455632743353,1,1,1
1883,1.0,dev,0.9996317019258606,0.00036829807413931836,1,1,1
1884,0.0,train,0.5039061705290805,0.4960938294709195,1,1,1
1885,1.0,dev,0.3073580295544412,0.6926419704455589,0,1,1
1886,0.0,train,0.014281932246887606,0.9857180677531124,0,1,1
1887,0.0,train,0.3960681662740417,0.6039318337259583,0,1,1
1888,1.0,train,0.8740772351648677,0.12592276483513232,1,1,1
1889,1.0,train,0.184767510648,0.8152324893520001,0,1,1
1890,0.0,test,0.21206879439743004,0.7879312056025699,0,1,1
1891,0.0,train,1.4971090385124662e-05,0.9999850289096148,0,1,1
1892,1.0,train,0.011158031248084033,0.988841968751916,0,1,1
1893,0.0,train,0.9985896417657111,0.001410358234288807,1,1,1
1894,0.0,train,2.0261425029301986e-06,0.999997973857497,0,1,1
1895,1.0,train,0.971992481016635,0.028007518983365013,1,1,1
1896,1.0,train,0.9999925887167597,7.411283240268554e-06,1,1,1
1897,1.0,train,0.9999753170935695,2.468290643047909e-05,1,1,1
1898,0.0,train,0.9770226280828407,0.022977371917159397,1,1,1
1899,0.0,train,0.02262919607818847,0.9773708039218116,0,1,1
1900,0.0,train,0.001244843079770162,0.9987551569202299,0,1,1
1901,0.0,train,0.9902915245213675,0.009708475478632619,1,1,1
1902,1.0,train,0.999985489526094,1.4510473905993417e-05,1,1,1
1903,1.0,train,0.7217431943271999,0.2782568056728001,1,1,1
1904,0.0,train,0.18713269122913015,0.8128673087708699,0,1,1
1905,1.0,train,0.9999599362910556,4.0063708944416036e-05,1,1,1
1906,1.0,train,0.9998534687181002,0.00014653128189976442,1,1,1
1907,0.0,train,0.8128673269042768,0.18713267309572335,1,1,1
1908,1.0,train,0.9998858776086053,0.00011412239139472741,1,1,1
1909,1.0,train,0.9999349718176084,6.502818239162898e-05,1,1,1
1910,1.0,dev,0.9942697532727628,0.005730246727237174,1,1,1
1911,1.0,train,0.9999215621339061,7.843786609382185e-05,1,1,1
1912,0.0,train,0.9207896671963206,0.07921033280367934,1,1,1
1913,1.0,train,0.9653811611608242,0.03461883883917583,1,1,1
1914,1.0,dev,0.9796676439860018,0.02033235601399812,1,1,1
1915,1.0,dev,0.999925153804273,7.484619572706957e-05,1,1,1
1916,1.0,test,0.9999966068562489,3.393143751182628e-06,1,1,1
1917,0.0,train,0.9954615693523402,0.004538430647659861,1,1,1
1918,1.0,dev,1.6442490639723256e-05,0.9999835575093603,0,1,1
1919,0.0,test,0.0007096703145613268,0.9992903296854387,0,1,1
1920,0.0,test,0.0005442131327526322,0.9994557868672473,0,1,1
1921,1.0,test,0.9994023307401553,0.0005976692598448155,1,1,1
1922,1.0,train,0.999927456349883,7.254365011691522e-05,1,1,1
1923,1.0,train,0.9998927911839034,0.00010720881609656153,1,1,1
1924,1.0,train,0.9999764473896167,2.3552610383379813e-05,1,1,1
1925,0.0,train,0.752012562644147,0.24798743735585302,1,1,1
1926,0.0,train,0.2751297238231752,0.7248702761768248,0,1,1
1927,1.0,train,0.18242552380635632,0.8175744761936437,0,1,1
1928,0.0,train,0.02758527743022562,0.9724147225697745,0,1,1
1929,0.0,train,0.019124035632806655,0.9808759643671934,0,1,1
1930,0.0,train,0.0009547315689502846,0.9990452684310497,0,1,1
1931,0.0,train,0.999990181669505,9.818330494931206e-06,1,1,1
1932,1.0,train,0.9994385213291178,0.000561478670882197,1,1,1
1933,1.0,train,0.9971550902504768,0.002844909749523212,1,1,1
1934,0.0,train,0.14804719051380197,0.851952809486198,0,1,1
1935,0.0,train,0.28457600421652673,0.7154239957834733,0,1,1
1936,1.0,train,0.01744248218240809,0.9825575178175919,0,1,1
1937,1.0,train,0.9997262783349715,0.0002737216650284996,1,1,1
1938,0.0,test,0.665410558746814,0.33458944125318596,1,1,1
1939,0.0,train,0.05749327880038583,0.9425067211996143,0,1,1
1940,0.0,train,0.09268777362681897,0.907312226373181,0,1,1
1941,1.0,train,0.9999775259166759,2.247408332408377e-05,1,1,1
1942,0.0,train,0.0005357805862242442,0.9994642194137757,0,1,1
1943,0.0,train,0.1347759104723777,0.8652240895276224,0,1,1
1944,1.0,train,0.999839069131855,0.00016093086814499845,1,1,1
1945,1.0,train,0.999864479161878,0.00013552083812180623,1,1,1
1946,0.0,test,0.00024923262854405285,0.9997507673714561,0,1,1
1947,1.0,train,0.999995063012154,4.936987845960731e-06,1,1,1
1948,1.0,test,0.9999566809761753,4.331902382477947e-05,1,1,1
1949,1.0,train,0.9972850149748074,0.00271498502519264,1,1,1
1950,1.0,train,0.9995891514715448,0.000410848528455233,1,1,1
1951,0.0,train,0.9998644791517824,0.00013552084821752752,1,1,1
1952,0.0,train,0.33807712415000585,0.6619228758499942,0,1,1
1953,0.0,train,0.000985008179438599,0.9990149918205615,0,1,1
1954,0.0,train,0.5389832354982645,0.4610167645017354,1,1,1
1955,0.0,test,0.0022170128910960823,0.9977829871089039,0,1,1
1956,0.0,train,2.1568158356671013e-06,0.9999978431841643,0,1,1
1957,1.0,test,0.9961755168095331,0.003824483190466895,1,1,1
1958,1.0,train,0.9999960330144694,3.966985530715747e-06,1,1,1
1959,1.0,train,0.9918120904613348,0.00818790953866515,1,1,1
1960,1.0,train,0.9967775151494933,0.0032224848505066823,1,1,1
1961,1.0,train,0.999987780922887,1.2219077112948235e-05,1,1,1
1962,0.0,train,3.905485135817003e-06,0.9999960945148643,0,1,1
1963,0.0,train,0.07477005115479887,0.925229948845201,0,1,1
1964,0.0,train,0.0015731123525835869,0.9984268876474165,0,1,1
1965,0.0,test,0.03461883684716632,0.9653811631528337,0,1,1
1966,0.0,train,0.7634837635542924,0.23651623644570763,1,1,1
1967,0.0,train,0.6513548646660542,0.34864513533394575,1,1,1
1968,1.0,train,0.523420348936324,0.47657965106367595,1,1,1
1969,1.0,test,0.9993013243751295,0.0006986756248704608,1,1,1
1970,1.0,train,0.9996540084509378,0.00034599154906234494,1,1,1
1971,1.0,train,0.9997965730946812,0.0002034269053188625,1,1,1
1972,1.0,dev,0.47657965106367595,0.523420348936324,0,1,1
1973,1.0,train,0.99997331148196,2.6688518039926497e-05,1,1,1
1974,1.0,train,0.9343951607140233,0.0656048392859768,1,1,1
1975,0.0,train,1.6797320648090078e-06,0.9999983202679352,0,1,1
1976,1.0,train,0.9999948260807286,5.17391927135625e-06,1,1,1
1977,1.0,train,0.6654105454764747,0.3345894545235253,1,1,1
1978,0.0,train,0.9998644792729311,0.00013552072706892178,1,1,1
1979,0.0,train,0.9999263141025774,7.368589742262751e-05,1,1,1
1980,1.0,train,0.9999435020637699,5.649793623019338e-05,1,1,1
1981,1.0,test,0.9999640870032338,3.59129967662172e-05,1,1,1
1982,1.0,train,0.23651624720889433,0.7634837527911056,0,1,1
1983,0.0,train,0.9996646500094056,0.00033534999059445133,1,1,1
1984,1.0,train,0.9999215621061489,7.843789385101242e-05,1,1,1
1985,0.0,train,0.9984988178996135,0.0015011821003865517,1,1,1
1986,0.0,test,0.0008040860792954051,0.9991959139207045,0,1,1
1987,1.0,dev,0.9763105273220727,0.023689472677927398,1,1,1
1988,1.0,train,0.9995826841740553,0.00041731582594461573,1,1,1
1989,1.0,train,0.99599271182725,0.004007288172749844,1,1,1
1990,0.0,train,0.040845715909949315,0.9591542840900507,0,1,1
1991,1.0,train,0.9945307252391955,0.005469274760804605,1,1,1
1992,0.0,train,0.8376199714402812,0.16238002855971875,1,1,1
1993,1.0,train,0.9997800466144605,0.00021995338553942417,1,1,1
1994,0.0,train,0.06853749873974063,0.9314625012602593,0,1,1
1995,0.0,train,0.331119752830196,0.668880247169804,0,1,1
1996,1.0,train,0.9999274564001452,7.254359985479408e-05,1,1,1
1997,1.0,train,0.9884918534783659,0.011508146521634002,1,1,1
1998,1.0,train,0.9936116803671798,0.006388319632820217,1,1,1
1999,1.0,train,0.9999944056616197,5.594338380328335e-06,1,1,1
2000,0.0,train,0.0004955360951716118,0.9995044639048284,0,1,1
2001,1.0,train,0.9998746625202912,0.0001253374797088181,1,1,1
2002,0.0,train,0.10818896606387246,0.8918110339361275,0,1,1
2003,1.0,train,0.7185943805178138,0.2814056194821861,1,1,1
2004,0.0,train,0.01133175286359008,0.9886682471364099,0,1,1
