index,label,split,p_yes,p_no,pred_yes,saw_yes,saw_no
0,1.0,train,0.9999485577996717,5.1442200328298214e-05,1,1,1
1,0.0,train,0.002217012693319141,0.9977829873066808,0,1,1
2,0.0,train,0.0008559005348012546,0.9991440994651987,0,1,1
3,1.0,train,0.7185943925708561,0.28140560742914383,1,1,1
4,0.0,dev,0.03732689055684297,0.9626731094431571,0,1,1
5,1.0,train,0.9999452402432505,5.475975674946463e-05,1,1,1
6,1.0,train,0.9999215620760544,7.843792394566174e-05,1,1,1
7,1.0,train,0.9999931456835034,6.854316496677279e-06,1,1,1
8,0.0,train,0.998042982739653,0.0019570172603469607,1,1,1
9,1.0,train,0.9934102273614376,0.006589772638562289,1,1,1
10,0.0,dev,0.46490157137338844,0.5350984286266115,0,1,1
11,1.0,dev,0.06656918526680433,0.9334308147331958,0,1,1
12,0.0,train,1.6187578541633325e-05,0.9999838124214584,0,1,1
13,1.0,train,0.14608723217744246,0.8539127678225575,0,1,1
14,1.0,train,0.9999959705415973,4.0294584026794795e-06,1,1,1
15,0.0,train,0.7745833841649233,0.2254166158350767,1,1,1
16,0.0,train,0.03461883684716632,0.9653811631528337,0,1,1
17,1.0,train,0.9230391558355999,0.07696084416440005,1,1,1
18,0.0,dev,0.05108274273551937,0.9489172572644806,0,1,1
19,1.0,train,0.5851011542032312,0.41489884579676883,1,1,1
20,1.0,train,0.9999274563920385,7.254360796158547e-05,1,1,1
21,0.0,test,2.482480185132636e-06,0.9999975175198149,0,1,1
22,0.0,train,0.9994806950736314,0.0005193049263687466,1,1,1
23,0.0,train,0.00018814203065683309,0.9998118579693432,0,1,1
24,1.0,train,0.999882255373507,0.00011774462649320466,1,1,1
25,0.0,dev,0.12940272823417906,0.8705972717658208,0,1,1
26,0.0,train,0.014063627869714051,0.985936372130286,0,1,1
27,0.0,train,2.5071592353637262e-05,0.9999749284076465,0,1,1
28,1.0,train,0.9999816571025723,1.8342897427768252e-05,1,1,1
29,1.0,train,0.9184802373309982,0.08151976266900196,1,1,1
30,0.0,train,0.12592277139559055,0.8740772286044095,0,1,1
31,0.0,train,0.02442308863393106,0.975576911366069,0,1,1
32,0.0,train,0.014503579691381979,0.985496420308618,0,1,1
33,1.0,train,0.9999516743405705,4.8325659429423104e-05,1,1,1
34,0.0,train,5.8628157591311005e-06,0.9999941371842408,0,1,1
35,0.0,train,0.8902942173896132,0.10970578261038685,1,1,1
36,0.0,train,0.00806199105161356,0.9919380089483865,0,1,1
37,1.0,train,0.9941800398984244,0.0058199601015755794,1,1,1
38,1.0,train,0.011331756202447335,0.9886682437975526,0,1,1
39,0.0,train,0.004468384664210683,0.9955316153357894,0,1,1
40,0.0,train,1.8162232157260651e-06,0.9999981837767844,0,1,1
41,0.0,train,0.01406362415060583,0.9859363758493941,0,1,1
42,0.0,train,0.9998028305736315,0.0001971694263684403,1,1,1
43,1.0,train,0.9999931456828395,6.854317160565048e-06,1,1,1
44,0.0,dev,0.9920620054292071,0.00793799457079286,1,1,1
45,1.0,train,0.9937100972111463,0.006289902788853707,1,1,1
46,0.0,train,0.0008693673928062171,0.9991306326071938,0,1,1
47,1.0,train,0.9991030606496211,0.0008969393503788376,1,1,1
48,0.0,train,0.0007096702722916998,0.9992903297277084,0,1,1
49,1.0,dev,0.999953887255293,4.6112744707132287e-05,1,1,1
50,1.0,dev,7.031185733631317e-05,0.9999296881426636,0,1,1
51,1.0,dev,0.7690802264851918,0.23091977351480808,1,1,1
52,0.0,train,0.0021157035264320646,0.9978842964735679,0,1,1
53,0.0,train,0.00022341640012380832,0.9997765835998762,0,1,1
54,0.0,train,0.00022341633355541825,0.9997765836664447,0,1,1
55,0.0,train,1.3631347523354585e-05,0.9999863686524767,0,1,1
56,1.0,train,0.9989182846184633,0.0010817153815366202,1,1,1
57,1.0,train,0.9999138534623144,8.61465376855925e-05,1,1,1
58,1.0,train,0.9994023305977449,0.000597669402255123,1,1,1
59,0.0,train,0.006003594729490019,0.99399640527051,0,1,1
60,0.0,train,0.8596637612961506,0.14033623870384943,1,1,1
61,1.0,train,0.9999944923948377,5.507605162241048e-06,1,1,1
62,0.0,train,0.014281932246887606,0.9857180677531124,0,1,1
63,1.0,train,0.9999969105048385,3.0894951615793662e-06,1,1,1
64,1.0,train,0.9986329743950285,0.0013670256049715108,1,1,1
65,0.0,train,0.0005442130679126811,0.9994557869320873,0,1,1
66,0.0,train,0.0007793660001855797,0.9992206339998143,0,1,1
67,1.0,train,0.9999509133847582,4.908661524183158e-05,1,1,1
68,1.0,test,0.9999683067351813,3.169326481872377e-05,1,1,1
69,1.0,train,0.32082130082460697,0.679178699175393,0,1,1
70,1.0,train,0.9987156916313957,0.0012843083686043411,1,1,1
71,1.0,train,0.9314624993576758,0.0685375006423242,1,1,1
72,1.0,train,0.8558511469672594,0.14414885303274058,1,1,1
73,0.0,train,0.00023050662584042975,0.9997694933741595,0,1,1
74,0.0,train,0.9910145709820594,0.008985429017940645,1,1,1
75,0.0,train,4.069456577723442e-05,0.9999593054342227,0,1,1
76,1.0,train,0.5156199157230156,0.48438008427698437,1,1,1
77,0.0,train,0.9999407908246796,5.920917532031857e-05,1,1,1
78,1.0,train,0.9999263140987346,7.368590126536346e-05,1,1,1
79,1.0,train,0.9999986290433142,1.3709566859228727e-06,1,1,1
80,0.0,dev,0.9985896413354912,0.0014103586645087467,1,1,1
81,0.0,dev,0.996234586494815,0.0037654135051850644,1,1,1
82,0.0,train,4.157365248107802e-06,0.9999958426347519,0,1,1
83,0.0,train,0.0005703154352857758,0.9994296845647143,0,1,1
84,1.0,train,0.9998746624353225,0.00012533756467736232,1,1,1
85,1.0,train,0.013428255531607104,0.9865717444683929,0,1,1
86,1.0,train,0.9982725410649103,0.0017274589350898019,1,1,1
87,1.0,train,0.9896718499176858,0.010328150082314313,1,1,1
88,0.0,train,0.9840936099209598,0.015906390079040187,1,1,1
89,1.0,dev,0.7431680086124811,0.25683199138751883,1,1,1
90,0.0,train,0.9787126475856414,0.02128735241435862,1,1,1
91,0.0,train,0.1824255415859996,0.8175744584140004,0,1,1
92,0.0,dev,0.2720245510940225,0.7279754489059775,0,1,1
93,1.0,test,0.9999980666410806,1.933358919502387e-06,1,1,1
94,1.0,train,0.9999318512535137,6.814874648638556e-05,1,1,1
95,0.0,train,0.0015247861189884577,0.9984752138810116,0,1,1
96,0.0,train,0.9615338118396726,0.038466188160327285,1,1,1
97,1.0,train,0.9985449369099132,0.001455063090086901,1,1,1
98,0.0,train,0.28140560742914383,0.7185943925708561,0,1,1
99,1.0,train,0.996623388119716,0.0033766118802840417,1,1,1
100,0.0,train,0.30404167496654744,0.6959583250334526,0,1,1
101,1.0,train,0.640635854839898,0.35936414516010196,1,1,1
102,0.0,train,0.9828232884721165,0.017176711527883394,1,1,1
103,0.0,train,7.183262112468564e-06,0.9999928167378875,0,1,1
104,0.0,train,0.019124036750888904,0.9808759632491112,0,1,1
105,0.0,train,0.9241418241572634,0.07585817584273653,1,1,1
106,1.0,train,0.9999852610123153,1.4738987684738475e-05,1,1,1
107,1.0,train,0.9999865799801962,1.3420019803874566e-05,1,1,1
108,1.0,train,0.941654159388319,0.05834584061168106,1,1,1
109,0.0,train,0.003273064387317683,0.9967269356126822,0,1,1
110,0.0,dev,2.9311541180180253e-05,0.9999706884588198,0,1,1
111,1.0,train,0.06754668738548215,0.9324533126145177,0,1,1
112,1.0,train,0.9984752138129522,0.001524786187047776,1,1,1
113,1.0,train,0.9999329077505053,6.709224949459268e-05,1,1,1
114,0.0,train,0.17781086076419853,0.8221891392358014,0,1,1
115,0.0,train,0.1127953943533099,0.88720460564669,0,1,1
116,1.0,dev,0.997949256094133,0.0020507439058669204,1,1,1
117,1.0,dev,0.9999398584840152,6.0141515984746255e-05,1,1,1
118,0.0,train,0.00031999822500668065,0.9996800017749933,0,1,1
119,0.0,train,0.9559813526452771,0.04401864735472289,1,1,1
120,1.0,test,0.9811668717616667,0.018833128238333205,1,1,1
121,1.0,train,0.9997175918862472,0.00028240811375282817,1,1,1
122,1.0,train,0.9957353644852116,0.004264635514788351,1,1,1
123,0.0,train,0.0007916297487261017,0.999208370251274,0,1,1
124,0.0,train,0.05419873287859291,0.945801267121407,0,1,1
125,1.0,train,0.9999165037516754,8.349624832451403e-05,1,1,1
126,0.0,train,0.6442251064863697,0.35577489351363034,1,1,1
127,0.0,train,1.6442493579821616e-05,0.9999835575064201,0,1,1
128,0.0,train,0.07055959227836445,0.9294404077216355,0,1,1
129,1.0,train,0.7718434978390747,0.22815650216092537,1,1,1
130,1.0,train,0.9999986712232549,1.3287767450202912e-06,1,1,1
131,1.0,train,0.9999989651470951,1.0348529050246853e-06,1,1,1
132,1.0,train,0.5698526514141571,0.4301473485858429,1,1,1
133,0.0,train,2.368799974842096e-06,0.999997631200025,0,1,1
134,1.0,train,0.99911695427711,0.0008830457228900612,1,1,1
135,0.0,train,4.222834703157233e-06,0.9999957771652968,0,1,1
136,0.0,train,0.2909808785120009,0.7090191214879991,0,1,1
137,1.0,train,0.989181553739088,0.010818446260911954,1,1,1
138,1.0,train,0.9987156921283363,0.0012843078716636462,1,1,1
139,1.0,train,0.99998987000517,1.0129994830025688e-05,1,1,1
140,1.0,train,0.31069438321455395,0.689305616785446,0,1,1
141,0.0,train,0.001782196534442127,0.9982178034655579,0,1,1
142,0.0,train,0.9399133540338004,0.06008664596619963,1,1,1
143,1.0,dev,0.9965703966361334,0.003429603363866614,1,1,1
144,0.0,train,0.0038844760874989104,0.9961155239125011,0,1,1
145,0.0,train,0.1052105254805718,0.8947894745194281,0,1,1
146,0.0,dev,0.025178847552554985,0.9748211524474452,0,1,1
147,0.0,train,0.09268778866449084,0.9073122113355091,0,1,1
148,1.0,train,0.9263037221561137,0.07369627784388647,1,1,1
149,0.0,train,0.00010889687757628518,0.9998911031224237,0,1,1
150,0.0,test,0.010986944573626636,0.9890130554263733,0,1,1
151,0.0,dev,0.9609517067146295,0.03904829328537047,1,1,1
152,1.0,train,0.48438008427698437,0.5156199157230156,0,1,1
153,0.0,train,4.539788764304531e-05,0.9999546021123569,0,1,1
154,0.0,train,0.000561478545452414,0.9994385214545475,0,1,1
155,0.0,train,0.00010071400821979398,0.9998992859917801,0,1,1
156,1.0,train,0.9999970519840891,2.9480159109836686e-06,1,1,1
157,0.0,train,0.00015118199327273334,0.9998488180067273,0,1,1
158,1.0,train,0.9770226284173629,0.022977371582637088,1,1,1
159,1.0,train,0.9999053873769113,9.46126230887608e-05,1,1,1
160,1.0,train,0.9999840633802279,1.5936619772222067e-05,1,1,1
161,1.0,train,0.9945307253202482,0.005469274679751797,1,1,1
162,1.0,train,0.9997428580278658,0.0002571419721343196,1,1,1
163,0.0,train,0.9911526449170697,0.008847355082930386,1,1,1
164,1.0,train,0.9989677688095895,0.0010322311904104695,1,1,1
165,0.0,dev,0.12085323249047067,0.8791467675095294,0,1,1
166,1.0,test,0.9981613343294412,0.0018386656705588202,1,1,1
167,0.0,train,9.08047259377984e-06,0.9999909195274063,0,1,1
168,,,1.6028108922933201e-06,0.9999983971891078,0,1,1
169,0.0,train,0.0044683845316374916,0.9955316154683624,0,1,1
170,0.0,train,0.08632348128739208,0.9136765187126079,0,1,1
171,1.0,train,0.9999068540896981,9.314591030188121e-05,1,1,1
172,1.0,train,0.999945240209389,5.4759790610955185e-05,1,1,1
173,0.0,train,8.750303411252166e-05,0.9999124969658874,0,1,1
174,1.0,train,0.3276683008207139,0.672331699179286,0,1,1
175,0.0,train,6.0489165974412e-06,0.9999939510834026,0,1,1
176,0.0,test,0.0024726231566347748,0.9975273768433653,0,1,1
177,0.0,train,0.014063625390308462,0.9859363746096915,0,1,1
178,1.0,dev,0.9964619137853064,0.003538086214693712,1,1,1
179,0.0,train,0.0518454607897478,0.9481545392102521,0,1,1
180,1.0,train,0.6001883449573376,0.3998116550426623,1,1,1
181,1.0,train,0.9621075755433748,0.03789242445662532,1,1,1
182,1.0,train,0.9999580136911376,4.1986308862453626e-05,1,1,1
183,0.0,test,0.9996430292798842,0.0003569707201157188,1,1,1
184,1.0,train,0.007460643463940165,0.9925393565360598,0,1,1
185,1.0,train,0.9905874099955752,0.009412590004424789,1,1,1
186,1.0,train,0.048857774467371065,0.9511422255326288,0,1,1
187,1.0,train,0.7025300573952054,0.2974699426047947,1,1,1
188,1.0,train,0.30404168757891037,0.6959583124210896,0,1,1
189,1.0,train,0.9995955184991454,0.00040448150085448386,1,1,1
190,0.0,train,0.9626731094431571,0.03732689055684297,1,1,1
191,1.0,dev,0.9999984705869361,1.5294130639202185e-06,1,1,1
192,1.0,train,0.5078118642792044,0.49218813572079556,1,1,1
193,1.0,train,0.9999972735291403,2.7264708597941962e-06,1,1,1
194,1.0,train,0.9643214511730026,0.035678548826997496,1,1,1
195,0.0,train,0.5467381667555714,0.45326183324442865,1,1,1
196,0.0,dev,0.02064592591847251,0.9793540740815275,0,1,1
197,1.0,train,0.9999417087217448,5.829127825521526e-05,1,1,1
198,1.0,train,0.9999863686568944,1.36313431054923e-05,1,1,1
199,1.0,test,0.746138993030751,0.25386100696924885,1,1,1
200,1.0,dev,0.9825575114330982,0.017442488566901906,1,1,1
201,1.0,test,0.3702253925955866,0.6297746074044134,0,1,1
202,1.0,train,0.8152324938410784,0.1847675061589216,1,1,1
203,1.0,train,0.9241418262465169,0.0758581737534831,1,1,1
204,0.0,dev,0.006589772833658652,0.9934102271663413,0,1,1
205,1.0,dev,0.6757646140788307,0.3242353859211693,1,1,1
206,0.0,train,0.00011061158725802774,0.999889388412742,0,1,1
207,0.0,train,0.999411591137629,0.0005884088623710179,1,1,1
208,0.0,train,2.282798766852473e-05,0.9999771720123314,0,1,1
209,1.0,train,0.9999968618535503,3.138146449623754e-06,1,1,1
210,1.0,test,0.999994577781757,5.422218242843939e-06,1,1,1
211,1.0,train,0.9996946510133042,0.00030534898669583603,1,1,1
212,1.0,train,0.0427221987653165,0.9572778012346834,0,1,1
213,0.0,train,0.9895109102866639,0.010489089713336147,1,1,1
214,1.0,train,0.984336349450327,0.015663650549672878,1,1,1
215,0.0,train,7.722195055769371e-05,0.9999227780494424,0,1,1
216,1.0,train,0.99999904291717,9.570828300345125e-07,1,1,1
217,1.0,test,0.9995197027681136,0.0004802972318863163,1,1,1
218,1.0,train,0.9905874101345136,0.009412589865486466,1,1,1
219,1.0,train,0.9948603896262603,0.005139610373739668,1,1,1
220,1.0,train,0.9998415637254254,0.000158436274574511,1,1,1
221,0.0,train,0.008985430344843115,0.9910145696551569,0,1,1
222,0.0,train,1.2411494601062618e-05,0.9999875885053989,0,1,1
223,0.0,train,5.86281540968211e-06,0.9999941371845903,0,1,1
224,0.0,train,0.1968262036430985,0.8031737963569016,0,1,1
225,0.0,train,0.0037072524340856458,0.9962927475659143,0,1,1
226,1.0,train,0.999984310457286,1.568954271406236e-05,1,1,1
227,1.0,train,0.9999982119358239,1.7880641760146189e-06,1,1,1
228,0.0,train,0.46490157137338844,0.5350984286266115,0,1,1
229,0.0,train,0.26284183737131667,0.7371581626286834,0,1,1
230,1.0,train,0.9559813538993887,0.044018646100611195,1,1,1
231,1.0,dev,0.9473810421953308,0.052618957804669055,1,1,1
232,1.0,train,0.9999227781109998,7.722188900019698e-05,1,1,1
233,0.0,train,1.0289516551883511e-05,0.999989710483448,0,1,1
234,0.0,train,0.34864513533394575,0.6513548646660542,0,1,1
235,0.0,train,0.959154287592778,0.040845712407222005,1,1,1
236,1.0,train,0.9997219690651153,0.0002780309348846907,1,1,1
237,0.0,train,0.8519528057272543,0.14804719427274565,1,1,1
238,1.0,dev,0.9999946618424651,5.33815753490833e-06,1,1,1
239,1.0,train,0.9863631631151012,0.013636836884898865,1,1,1
240,1.0,train,0.9425067252369199,0.057493274763080124,1,1,1
241,0.0,train,0.005730245835807825,0.9942697541641922,0,1,1
242,0.0,train,0.2909808539178129,0.709019146082187,0,1,1
243,1.0,train,0.9999983463103894,1.6536896106631194e-06,1,1,1
244,0.0,train,0.0008559007896612078,0.9991440992103389,0,1,1
245,1.0,train,0.9999871945313203,1.2805468679624113e-05,1,1,1
246,1.0,train,0.0009697519389097523,0.9990302480610902,0,1,1
247,1.0,train,0.0027576221215246614,0.9972423778784754,0,1,1
248,0.0,train,0.016914910293265802,0.9830850897067342,0,1,1
249,1.0,train,0.998611477034238,0.0013885229657618478,1,1,1
250,1.0,train,0.9997040429746629,0.00029595702533710103,1,1,1
251,1.0,train,0.44939263446475963,0.5506073655352404,0,1,1
252,1.0,train,0.5350984286266115,0.46490157137338844,1,1,1
253,1.0,train,0.8333246035907932,0.16667539640920673,1,1,1
254,0.0,train,0.9893474897884493,0.010652510211550755,1,1,1
255,0.0,test,0.011869119997752704,0.9881308800022472,0,1,1
256,0.0,train,0.38861802670584894,0.6113819732941511,0,1,1
257,1.0,train,0.9999922330502264,7.766949773504866e-06,1,1,1
258,1.0,train,0.8152324893520001,0.184767510648,1,1,1
259,1.0,test,0.9933071496700977,0.006692850329902297,1,1,1
260,0.0,train,0.0006263343819637148,0.9993736656180362,0,1,1
261,1.0,train,0.956634203708804,0.04336579629119585,1,1,1
262,0.0,train,9.314591099580767e-05,0.9999068540890041,0,1,1
263,1.0,train,0.999981074857676,1.8925142324009968e-05,1,1,1
264,1.0,train,0.9999995187482098,4.812517901026794e-07,1,1,1
265,1.0,test,0.9999970055586617,2.994441338335649e-06,1,1,1
266,0.0,train,0.013428253952329978,0.98657174604767,0,1,1
267,1.0,test,0.997018967890183,0.0029810321098169518,1,1,1
268,0.0,train,0.999534473164452,0.00046552683554807454,1,1,1
269,1.0,train,0.9999683067488767,3.1693251123433805e-05,1,1,1
270,1.0,train,0.008577485413711986,0.991422514586288,0,1,1
271,1.0,train,0.986151391412456,0.013848608587544121,1,1,1
272,1.0,test,0.9787126478960951,0.021287352103904835,1,1,1
273,0.0,train,0.04023794262361602,0.9597620573763841,0,1,1
274,0.0,train,0.0003982130668904569,0.9996017869331095,0,1,1
275,0.0,test,0.006488269788767602,0.9935117302112324,0,1,1
276,0.0,train,0.5156199157230156,0.48438008427698437,1,1,1
277,1.0,train,0.9999469249391719,5.3075060828233464e-05,1,1,1
278,1.0,train,0.9998840806887658,0.00011591931123438254,1,1,1
279,1.0,train,0.08632346718402738,0.9136765328159726,0,1,1
280,1.0,train,0.9865717462450797,0.013428253754920351,1,1,1
281,0.0,train,7.889262116012064e-06,0.9999921107378841,0,1,1
282,1.0,train,0.9982725416045403,0.0017274583954596631,1,1,1
283,1.0,train,0.9977829867133501,0.002217013286650019,1,1,1
284,0.0,train,1.7603436855025612e-06,0.9999982396563145,0,1,1
285,0.0,train,0.10374862686637971,0.8962513731336202,0,1,1
286,1.0,test,0.9999979738582822,2.026141717943165e-06,1,1,1
287,1.0,train,0.999998066640778,1.933359221999401e-06,1,1,1
288,0.0,test,0.35577489351363034,0.6442251064863697,0,1,1
289,0.0,train,0.8947894689081711,0.10521053109182897,1,1,1
290,1.0,train,0.985042916041382,0.014957083958617976,1,1,1
291,0.0,dev,5.507608321908476e-06,0.9999944923916781,0,1,1
292,0.0,train,0.9997765835682563,0.0002234164317438006,1,1,1
293,0.0,train,1.184313514354275e-05,0.9999881568648564,0,1,1
294,1.0,train,0.9996374099850268,0.0003625900149732155,1,1,1
295,0.0,train,0.03904829496280274,0.9609517050371972,0,1,1
296,0.0,train,0.001810211241605999,0.9981897887583941,0,1,1
297,1.0,train,0.9999909195292328,9.080470767117198e-06,1,1,1
298,1.0,train,0.9999877809272569,1.2219072743119909e-05,1,1,1
299,1.0,train,0.9999901816732357,9.81832676420315e-06,1,1,1
300,0.0,train,0.009125635233314118,0.9908743647666858,0,1,1
301,0.0,train,1.1659524755221813e-05,0.9999883404752448,0,1,1
302,0.0,train,0.029312227359491745,0.9706877726405082,0,1,1
303,1.0,dev,0.9999546021333269,4.539786667308369e-05,1,1,1
304,0.0,dev,0.0026730060327886528,0.9973269939672114,0,1,1
305,0.0,train,0.8198933183101078,0.18010668168989222,1,1,1
306,0.0,train,0.0004512105162497492,0.9995487894837504,0,1,1
307,0.0,test,3.905482807976247e-06,0.9999960945171922,0,1,1
308,1.0,train,0.999946924930868,5.3075069132033745e-05,1,1,1
309,0.0,train,0.0008969391634305593,0.9991030608365694,0,1,1
310,0.0,dev,0.06371499958557338,0.9362850004144266,0,1,1
311,0.0,train,6.709221700482672e-05,0.9999329077829952,0,1,1
312,0.0,train,2.392352085043093e-05,0.9999760764791495,0,1,1
313,1.0,train,0.9938070106675458,0.006192989332454094,1,1,1
314,1.0,train,0.9993638086374699,0.0006361913625300827,1,1,1
315,1.0,train,0.9999753171016611,2.4682898338992863e-05,1,1,1
316,1.0,dev,0.00037409578304623757,0.9996259042169539,0,1,1
317,1.0,train,0.9990889489073245,0.000911051092675507,1,1,1
318,1.0,train,0.9999850289227767,1.4971077223216267e-05,1,1,1
319,1.0,dev,0.9999970519833861,2.9480166138434445e-06,1,1,1
320,0.0,train,0.9999493552725259,5.064472747403186e-05,1,1,1
321,1.0,train,0.9998511615595603,0.00014883844043970105,1,1,1
322,1.0,train,0.9988486005371475,0.0011513994628526041,1,1,1
323,1.0,train,0.964321448096903,0.03567855190309708,1,1,1
324,0.0,train,0.14414886773958663,0.8558511322604133,0,1,1
325,1.0,train,0.9998746625398993,0.0001253374601007007,1,1,1
326,1.0,train,0.43398146480389854,0.5660185351961015,0,1,1
327,0.0,train,0.9971104185528895,0.0028895814471105855,1,1,1
328,0.0,train,0.9473810451666345,0.05261895483336549,1,1,1
329,1.0,train,0.9996485618257143,0.0003514381742858408,1,1,1
330,0.0,train,0.0009850082380918324,0.9990149917619082,0,1,1
331,1.0,dev,0.9999986502977272,1.3497022727807161e-06,1,1,1
332,0.0,train,0.6261241772283034,0.37387582277169656,1,1,1
333,0.0,train,3.96698662429634e-06,0.9999960330133758,0,1,1
334,1.0,train,0.9999979738573311,2.0261426689851876e-06,1,1,1
335,0.0,train,3.726637618255562e-06,0.9999962733623818,0,1,1
336,0.0,train,0.9993736659631449,0.0006263340368550441,1,1,1
337,0.0,train,0.0033766125823217054,0.9966233874176783,0,1,1
338,0.0,dev,6.2409312274836614e-06,0.9999937590687726,0,1,1
339,1.0,train,0.035678549852363996,0.964321450147636,0,1,1
340,1.0,train,0.9999687980986021,3.1201901397968726e-05,1,1,1
341,0.0,dev,0.9648551556203816,0.035144844379618526,1,1,1
342,0.0,train,2.902312677174271e-06,0.9999970976873229,0,1,1
343,1.0,train,0.29421497216298875,0.7057850278370112,0,1,1
344,1.0,train,0.0002492324354717697,0.9997507675645282,0,1,1
345,1.0,train,0.04468087281684414,0.9553191271831558,0,1,1
346,1.0,test,0.9999702268865032,2.9773113496824675e-05,1,1,1
347,0.0,train,2.521572183558387e-06,0.9999974784278164,0,1,1
348,0.0,train,8.939693640586269e-06,0.9999910603063594,0,1,1
349,1.0,train,0.9971104190895607,0.0028895809104393976,1,1,1
350,1.0,train,0.9777138138113965,0.02228618618860355,1,1,1
351,1.0,train,0.9715639681901894,0.02843603180981054,1,1,1
352,1.0,train,0.9999981837775826,1.8162224173445607e-06,1,1,1
353,1.0,train,0.9822876994817757,0.01771230051822414,1,1,1
354,0.0,train,0.9939964042034285,0.00600359579657149,1,1,1
355,1.0,train,0.9998840807086277,0.00011591929137236496,1,1,1
356,1.0,train,0.2689414213699951,0.7310585786300049,0,1,1
357,1.0,dev,0.09807933401568684,0.9019206659843131,0,1,1
358,1.0,train,0.9999977396755253,2.2603244747308296e-06,1,1,1
359,0.0,dev,0.9998726889232864,0.00012731107671369582,1,1,1
360,1.0,train,0.9999973574154195,2.6425845804519076e-06,1,1,1
361,1.0,train,0.9465966717067252,0.05340332829327471,1,1,1
362,0.0,test,0.9449947078337557,0.0550052921662442,1,1,1
363,0.0,train,0.00019110440698602286,0.9998088955930141,0,1,1
364,1.0,train,0.9991704109228052,0.0008295890771948275,1,1,1
365,0.0,train,0.9566342061815148,0.04336579381848507,1,1,1
366,0.0,train,0.010169655653892391,0.9898303443461075,0,1,1
367,0.0,test,0.9994296843438828,0.000570315656117221,1,1,1
368,0.0,train,0.20946968133032526,0.7905303186696747,0,1,1
369,0.0,train,4.1986298226940675e-05,0.9999580137017731,0,1,1
370,0.0,dev,0.7057850278370112,0.29421497216298875,1,1,1
371,1.0,test,0.9995761153148296,0.0004238846851704766,1,1,1
372,1.0,train,0.1847675286043145,0.8152324713956856,0,1,1
373,1.0,train,0.9805806523850542,0.01941934761494572,1,1,1
374,0.0,test,0.0012255677402230284,0.998774432259777,0,1,1
375,1.0,train,0.9998204720694364,0.00017952793056370494,1,1,1
376,0.0,train,0.9991959139207045,0.0008040860792954051,1,1,1
377,,,3.905483157152272e-06,0.9999960945168429,0,1,1
378,0.0,train,9.721543871586897e-07,0.9999990278456129,0,1,1
379,0.0,train,0.0001911043386548342,0.9998088956613452,0,1,1
380,0.0,train,0.0006462034061952213,0.9993537965938049,0,1,1
381,1.0,train,0.9019206870747658,0.09807931292523424,1,1,1
382,1.0,train,0.6113819732941511,0.38861802670584894,1,1,1
383,0.0,train,0.7799929104825006,0.2200070895174993,1,1,1
384,0.0,train,0.9740426439324669,0.02595735606753309,1,1,1
385,1.0,train,0.998774432369217,0.0012255676307830292,1,1,1
386,0.0,train,0.040237944925478955,0.9597620550745211,0,1,1
387,1.0,train,0.999996388015943,3.611984056993844e-06,1,1,1
388,1.0,test,0.9999359799502049,6.402004979515777e-05,1,1,1
389,1.0,train,0.23091976292927183,0.7690802370707283,0,1,1
390,0.0,train,0.013636832475359595,0.9863631675246405,0,1,1
391,1.0,test,0.018833127136932293,0.9811668728630676,0,1,1
392,1.0,train,0.9998440197329583,0.00015598026704173972,1,1,1
393,0.0,test,0.6261241772283034,0.37387582277169656,1,1,1
394,0.0,train,3.373723280804739e-05,0.9999662627671919,0,1,1
395,0.0,train,1.5936625946452505e-05,0.9999840633740534,0,1,1
396,1.0,dev,0.9999971869827674,2.813017232570667e-06,1,1,1
397,1.0,train,0.9999953621257353,4.637874264885105e-06,1,1,1
398,1.0,train,0.35936414516010196,0.640635854839898,0,1,1
399,1.0,train,0.9995044641520718,0.000495535847928134,1,1,1
400,1.0,train,0.9998147742801909,0.00018522571980898923,1,1,1
401,1.0,train,0.9904406029102594,0.009559397089740579,1,1,1
402,0.0,train,5.307508455338059e-05,0.9999469249154467,0,1,1
403,1.0,train,0.9999943175652951,5.6824347048241145e-06,1,1,1
404,0.0,train,7.646536894355615e-06,0.9999923534631058,0,1,1
405,0.0,train,5.225228397544799e-05,0.9999477477160246,0,1,1
406,1.0,test,0.9999819414807971,1.805851920296809e-05,1,1,1
407,0.0,dev,0.8791467548438124,0.1208532451561875,1,1,1
408,1.0,test,0.9997868124609417,0.00021318753905819832,1,1,1
409,1.0,train,0.9998028305281008,0.00019716947189929427,1,1,1
410,1.0,train,0.9999986290426807,1.3709573192163938e-06,1,1,1
411,1.0,train,0.9999932519513763,6.748048623732043e-06,1,1,1
412,0.0,train,6.605215666491272e-05,0.9999339478433351,0,1,1
413,0.0,train,0.965899570361222,0.034100429638778046,1,1,1
414,0.0,train,2.902312677174271e-06,0.9999970976873229,0,1,1
415,0.0,train,0.21733752104706247,0.7826624789529376,0,1,1
416,1.0,train,0.9986954931592512,0.0013045068407488906,1,1,1
417,0.0,train,0.004905406287623465,0.9950945937123765,0,1,1
418,1.0,train,0.9999854895240939,1.4510475906026455e-05,1,1,1
419,1.0,train,0.9999832985723035,1.6701427696457136e-05,1,1,1
420,1.0,train,0.9999983971888451,1.602811155014099e-06,1,1,1
421,1.0,train,0.0034296037203752497,0.9965703962796248,0,1,1
422,1.0,train,0.9957353646750428,0.004264635324957319,1,1,1
423,1.0,test,0.9995955184599843,0.0004044815400157257,1,1,1
424,0.0,train,0.0019570169401946333,0.9980429830598053,0,1,1
425,1.0,dev,0.9999950630131472,4.936986852813237e-06,1,1,1
426,1.0,train,0.9898303425461246,0.010169657453875412,1,1,1
427,0.0,test,0.7401743735019595,0.2598256264980406,1,1,1
428,1.0,train,0.9961155228746504,0.0038844771253494998,1,1,1
429,0.0,test,5.422220747548726e-06,0.9999945777792524,0,1,1
430,0.0,train,0.007937995978949642,0.9920620040210503,0,1,1
431,0.0,test,0.0016484827456607703,0.9983515172543392,0,1,1
432,0.0,train,0.9998822553515778,0.0001177446484222701,1,1,1
433,1.0,train,0.9999956431216234,4.356878376641042e-06,1,1,1
434,0.0,test,0.999786812522875,0.0002131874771249468,1,1,1
435,0.0,dev,7.889264467177196e-06,0.9999921107355328,0,1,1
436,1.0,train,0.9658995772325382,0.03410042276746191,1,1,1
437,0.0,train,2.9311550788972168e-05,0.9999706884492109,0,1,1
438,0.0,train,0.9136765257642905,0.08632347423570945,1,1,1
439,0.0,train,0.05184546811478794,0.9481545318852121,0,1,1
440,1.0,train,0.12765261868437058,0.8723473813156294,0,1,1
441,0.0,train,0.0025114633644909203,0.9974885366355091,0,1,1
442,1.0,train,0.9990889486564025,0.0009110513435975354,1,1,1
443,0.0,train,0.9996317020575257,0.0003682979424741964,1,1,1
444,1.0,dev,0.3311197396289915,0.6688802603710086,0,1,1
445,1.0,train,0.9999838124184434,1.6187581556756263e-05,1,1,1
446,0.0,train,0.0028009264676790765,0.9971990735323208,0,1,1
447,1.0,train,0.9921841129440442,0.007815887055955793,1,1,1
448,0.0,train,0.012431650121413363,0.9875683498785867,0,1,1
449,1.0,train,0.9996898440202177,0.0003101559797823071,1,1,1
450,0.0,train,0.009412589587609823,0.9905874104123901,0,1,1
451,1.0,train,0.9958012056007871,0.0041987943992128855,1,1,1
452,0.0,train,0.34864513533394575,0.6513548646660542,0,1,1
453,1.0,train,0.998715692070997,0.0012843079290029474,1,1,1
454,1.0,train,0.9981030801794355,0.0018969198205644946,1,1,1
455,1.0,train,0.86153820232079,0.13846179767920994,1,1,1
456,1.0,dev,0.6859494550081925,0.31405054499180746,1,1,1
457,0.0,train,0.17106117477479593,0.828938825225204,0,1,1
458,1.0,test,0.9998313472208838,0.00016865277911612647,1,1,1
459,1.0,train,0.8840392909114835,0.11596070908851643,1,1,1
460,1.0,train,0.005819960274014447,0.9941800397259857,0,1,1
461,0.0,test,0.020964245711607748,0.9790357542883923,0,1,1
462,1.0,train,0.5851011542032312,0.41489884579676883,1,1,1
463,1.0,train,0.02517884608956658,0.9748211539104336,0,1,1
464,1.0,train,0.06560483197834706,0.9343951680216529,0,1,1
465,0.0,train,0.9980732654799489,0.0019267345200511502,1,1,1
466,0.0,train,0.0012644218693691023,0.998735578130631,0,1,1
467,0.0,train,0.8872045966995028,0.1127954033004973,1,1,1
468,1.0,train,0.9981324339665529,0.0018675660334471402,1,1,1
469,1.0,train,0.0010987310075071248,0.9989012689924929,0,1,1
470,1.0,train,0.006488268636102301,0.9935117313638977,0,1,1
471,1.0,train,0.0018386650689056173,0.9981613349310943,0,1,1
472,1.0,train,0.9999850289212152,1.4971078784798012e-05,1,1,1
473,0.0,train,2.282798630790174e-05,0.999977172013692,0,1,1
474,1.0,train,0.9273632876167045,0.07263671238329551,1,1,1
475,0.0,train,0.0009697519677825861,0.9990302480322174,0,1,1
476,0.0,train,1.2805474213228684e-05,0.9999871945257869,0,1,1
477,1.0,train,0.9993013243231104,0.0006986756768894833,1,1,1
478,1.0,train,0.9999617708722944,3.822912770567557e-05,1,1,1
479,0.0,train,5.682433519382718e-06,0.9999943175664806,0,1,1
480,1.0,train,0.9999938558277783,6.1441722217910656e-06,1,1,1
481,0.0,train,0.9871787840359924,0.012821215964007628,1,1,1
482,0.0,train,0.049589017365703966,0.9504109826342959,0,1,1
483,1.0,train,0.6039318337259583,0.3960681662740417,1,1,1
484,1.0,train,0.9905874084672536,0.009412591532746487,1,1,1
485,1.0,test,0.8175744761936437,0.18242552380635632,1,1,1
486,0.0,test,0.0034296037203752497,0.9965703962796248,0,1,1
487,1.0,train,0.9207896802383029,0.0792103197616972,1,1,1
488,1.0,train,0.9989837561555936,0.0010162438444062836,1,1,1
489,1.0,dev,0.9999782173429961,2.1782657003865208e-05,1,1,1
490,1.0,dev,0.9921841109796004,0.0078158890203997,1,1,1
491,0.0,train,0.9566342030906265,0.043365796909373575,1,1,1
492,1.0,dev,0.009412591810623185,0.9905874081893769,0,1,1
493,0.0,train,0.00010071400221737607,0.9998992859977825,0,1,1
494,1.0,train,0.9999460891431149,5.391085688518909e-05,1,1,1
495,1.0,train,0.6113819591324418,0.38861804086755836,1,1,1
496,1.0,train,0.9953181781353269,0.004681821864673099,1,1,1
497,0.0,train,0.05261895037641044,0.9473810496235896,0,1,1
498,0.0,train,0.9759464481549871,0.024053551845012837,1,1,1
499,1.0,train,0.9994023307535062,0.0005976692464938508,1,1,1
500,1.0,train,0.9998785182562444,0.00012148174375558757,1,1,1
501,0.0,train,0.0011695105435624257,0.9988304894564377,0,1,1
502,1.0,train,0.9999124969971782,8.750300282174194e-05,1,1,1
503,1.0,train,0.9998822554287681,0.00011774457123197783,1,1,1
504,1.0,train,0.9930961613157884,0.006903838684211726,1,1,1
505,1.0,train,0.9996259044593521,0.0003740955406479521,1,1,1
506,1.0,train,0.9901401451328852,0.009859854867114845,1,1,1
507,1.0,train,0.9999975938983416,2.406101658499103e-06,1,1,1
508,1.0,train,0.007232763161496737,0.9927672368385033,0,1,1
509,0.0,train,0.9893474872757475,0.010652512724252616,1,1,1
510,1.0,dev,0.9999865799873952,1.3420012604913487e-05,1,1,1
511,1.0,dev,0.9999952890903273,4.710909672809314e-06,1,1,1
512,1.0,test,0.8056321889812553,0.19436781101874467,1,1,1
513,0.0,train,0.05921025074128593,0.9407897492587141,0,1,1
514,0.0,train,0.9902915249511566,0.00970847504884346,1,1,1
515,0.0,dev,0.0018675660890010012,0.9981324339109989,0,1,1
516,1.0,train,0.9999963880176923,3.6119823077609945e-06,1,1,1
517,1.0,train,0.9998313472434981,0.00016865275650184235,1,1,1
518,1.0,train,0.9999678076554296,3.219234457048156e-05,1,1,1
519,1.0,train,0.9425067179697694,0.057493282030230575,1,1,1
520,0.0,train,0.0011695102650555148,0.9988304897349445,0,1,1
521,1.0,train,0.9999873930478426,1.260695215740945e-05,1,1,1
522,0.0,test,0.00912563738918052,0.9908743626108194,0,1,1
523,0.0,train,0.021948249876353874,0.9780517501236462,0,1,1
524,1.0,train,0.5312093733737563,0.46879062662624377,1,1,1
525,0.0,train,3.883110523993e-05,0.9999611688947599,0,1,1
526,0.0,train,0.8056321796478255,0.19436782035217445,1,1,1
527,1.0,train,0.3775406828054583,0.6224593171945417,0,1,1
528,0.0,train,0.9968273171103881,0.0031726828896118543,1,1,1
529,1.0,train,0.9999979738570745,2.0261429256156512e-06,1,1,1
530,0.0,test,0.15817434481176187,0.8418256551882382,0,1,1
531,1.0,test,0.9911526440023832,0.008847355997616688,1,1,1
532,0.0,dev,4.53978768198381e-05,0.9999546021231801,0,1,1
533,0.0,dev,0.00806199200492975,0.9919380079950701,0,1,1
534,1.0,train,0.7931059511841119,0.2068940488158881,1,1,1
535,1.0,train,0.9999904837483059,9.516251694168764e-06,1,1,1
536,1.0,train,0.9999593054330099,4.0694566989977653e-05,1,1,1
537,1.0,train,0.9999509133748842,4.9086625115890005e-05,1,1,1
538,0.0,train,0.9927672374804856,0.00723276251951448,1,1,1
539,1.0,train,0.7185943805178138,0.2814056194821861,1,1,1
540,1.0,train,0.6370307806984444,0.36296921930155557,1,1,1
541,0.0,dev,0.0010649625135331533,0.9989350374864668,0,1,1
542,0.0,train,0.9669140239948331,0.033085976005166884,1,1,1
543,0.0,train,2.4061014792309974e-06,0.9999975938985208,0,1,1
544,1.0,train,0.9983515174260058,0.0016484825739940861,1,1,1
545,1.0,dev,0.9979492564295868,0.0020507435704131705,1,1,1
546,1.0,train,0.996924629464667,0.0030753705353330323,1,1,1
547,0.0,train,0.0020190139004485808,0.9979809860995514,0,1,1
548,0.0,train,0.9783846669222209,0.021615333077779054,1,1,1
549,1.0,train,0.9998579763005215,0.00014202369947845594,1,1,1
550,1.0,train,0.0002653022978530064,0.999734697702147,0,1,1
551,1.0,train,0.9999771720048481,2.2827995151952658e-05,1,1,1
552,0.0,train,0.00010889687757628518,0.9998911031224237,0,1,1
553,0.0,train,0.9433475683211323,0.05665243167886765,1,1,1
554,1.0,train,0.9473810496235896,0.05261895037641044,1,1,1
555,0.0,train,0.0032224835581782262,0.9967775164418217,0,1,1
556,1.0,train,0.9999946618442948,5.338155705389254e-06,1,1,1
557,1.0,train,0.9998601778785218,0.00013982212147817588,1,1,1
558,1.0,train,0.9999485578073368,5.144219266320793e-05,1,1,1
559,0.0,train,7.602477182770842e-05,0.9999239752281723,0,1,1
560,0.0,train,0.00032503572903247425,0.9996749642709675,0,1,1
561,1.0,train,0.9995891515541594,0.0004108484458405753,1,1,1
562,0.0,train,4.029458282592747e-06,0.9999959705417174,0,1,1
563,0.0,train,0.9907319886714487,0.0092680113285514,1,1,1
564,0.0,train,0.006192989240742869,0.993807010759257,0,1,1
565,0.0,train,2.8130175679075296e-06,0.9999971869824321,0,1,1
566,1.0,train,0.9950177292353747,0.0049822707646253435,1,1,1
567,0.0,train,1.6442488189641693e-05,0.9999835575118105,0,1,1
568,0.0,train,0.18242550602671442,0.8175744939732856,0,1,1
569,0.0,train,0.9904405985366415,0.009559401463358527,1,1,1
570,1.0,train,0.9999983202693619,1.6797306381043894e-06,1,1,1
571,0.0,train,7.843788654648762e-05,0.9999215621134535,0,1,1
572,0.0,train,1.2805476502996793e-05,0.999987194523497,0,1,1
573,0.0,dev,0.09138209811811351,0.9086179018818865,0,1,1
574,1.0,train,0.9981613346029199,0.0018386653970800671,1,1,1
575,0.0,train,0.04208772431105632,0.9579122756889438,0,1,1
576,1.0,train,0.9999339478777817,6.605212221831294e-05,1,1,1
577,0.0,train,0.999534473143651,0.0004655268563490583,1,1,1
578,0.0,train,5.771918654038454e-06,0.999994228081346,0,1,1
579,1.0,train,0.9999151889557492,8.481104425093244e-05,1,1,1
580,1.0,test,0.01691491078884255,0.9830850892111576,0,1,1
581,1.0,train,0.999995289089555,4.710910444984008e-06,1,1,1
582,0.0,train,0.9161096158798117,0.08389038412018836,1,1,1
583,1.0,train,0.018833127687632744,0.9811668723123673,0,1,1
584,0.0,dev,0.5506073655352404,0.44939263446475963,1,1,1
585,1.0,dev,0.7634837581726991,0.23651624182730094,1,1,1
586,1.0,train,0.9998534687563055,0.00014653124369435908,1,1,1
587,1.0,train,0.94815453335022,0.05184546664977983,1,1,1
588,0.0,train,0.341582512843634,0.658417487156366,0,1,1
589,0.0,train,1.922317596538007e-05,0.9999807768240346,0,1,1
590,0.0,train,5.5622042845580596e-05,0.9999443779571544,0,1,1
591,1.0,train,0.9986114765796767,0.0013885234203231756,1,1,1
592,0.0,train,0.048857774467371065,0.9511422255326288,0,1,1
593,1.0,train,0.9999917321250179,8.267874982200466e-06,1,1,1
594,1.0,test,0.7956581000631541,0.20434189993684582,1,1,1
595,1.0,dev,0.9999955745088503,4.425491149659345e-06,1,1,1
596,1.0,train,0.999965731494394,3.4268505605931e-05,1,1,1
597,0.0,train,0.727975460709318,0.2720245392906821,1,1,1
598,1.0,test,0.658417500561683,0.341582499438317,1,1,1
599,0.0,train,0.00026119036578799344,0.9997388096342121,0,1,1
600,0.0,train,0.9973683262597863,0.002631673740213808,1,1,1
601,0.0,train,1.1843135849440275e-05,0.9999881568641507,0,1,1
602,0.0,train,0.09807932347046003,0.90192067652954,0,1,1
603,0.0,train,0.0005976693355002872,0.9994023306644997,0,1,1
604,1.0,train,0.9997584337412996,0.00024156625870049096,1,1,1
605,0.0,train,7.64653871741835e-06,0.9999923534612826,0,1,1
606,0.0,train,0.00019411311737216515,0.9998058868826277,0,1,1
607,0.0,train,0.01115803354985791,0.9888419664501422,0,1,1
608,1.0,train,0.9981613345208763,0.0018386654791236888,1,1,1
609,0.0,train,0.9999697580317776,3.0241968222425992e-05,1,1,1
610,1.0,dev,0.9993436270209508,0.0006563729790491452,1,1,1
611,1.0,train,0.9845754510863376,0.015424548913662456,1,1,1
612,1.0,train,0.5964331462646254,0.40356685373537454,1,1,1
613,1.0,train,0.9999981261241417,1.8738758583399936e-06,1,1,1
614,0.0,dev,0.9999795370650356,2.0462934964338452e-05,1,1,1
615,0.0,train,0.7718435083355187,0.22815649166448124,1,1,1
616,1.0,train,0.9999741325662206,2.5867433779468073e-05,1,1,1
617,1.0,train,0.9999932519460469,6.748053953047479e-06,1,1,1
618,0.0,train,0.005911068330877026,0.994088931669123,0,1,1
619,0.0,train,7.527988098606552e-06,0.9999924720119014,0,1,1
620,1.0,train,0.9999788875182978,2.1112481702299468e-05,1,1,1
621,1.0,train,0.9999629470266398,3.705297336031045e-05,1,1,1
622,0.0,train,0.007460643463940165,0.9925393565360598,0,1,1
623,0.0,train,1.1843137614184267e-05,0.9999881568623858,0,1,1
624,0.0,train,0.13846177634847415,0.8615382236515258,0,1,1
625,0.0,test,0.0035936025814200896,0.9964063974185798,0,1,1
626,1.0,train,0.999982768427248,1.7231572752142394e-05,1,1,1
627,1.0,dev,0.9990452684026238,0.0009547315973763379,1,1,1
628,1.0,dev,0.9999477477284817,5.225227151818512e-05,1,1,1
629,1.0,train,0.030675801710674105,0.9693241982893259,0,1,1
630,0.0,train,0.41869690935568665,0.5813030906443133,0,1,1
631,0.0,train,0.9996698473191646,0.0003301526808354914,1,1,1
632,0.0,train,9.915276070609289e-05,0.9999008472392938,0,1,1
633,0.0,test,4.539784840893147e-05,0.999954602151591,0,1,1
634,1.0,train,0.9998977001856664,0.00010229981433370979,1,1,1
635,1.0,train,0.9999737252237231,2.627477627692315e-05,1,1,1
636,1.0,test,0.9473810511092412,0.052618948890758833,1,1,1
637,1.0,train,0.9998992860405499,0.00010071395945015879,1,1,1
638,0.0,train,0.5660185351961015,0.43398146480389854,1,1,1
639,0.0,train,0.9899864289336677,0.010013571066332145,1,1,1
640,0.0,train,0.008445626941126032,0.991554373058874,0,1,1
641,1.0,train,0.9999339478443193,6.60521556807239e-05,1,1,1
642,1.0,test,0.9999881568565622,1.1843143437841316e-05,1,1,1
643,0.0,train,0.01384860695952385,0.986151393040476,0,1,1
644,0.0,train,0.0004238846662293871,0.9995761153337706,0,1,1
645,1.0,train,0.9999859359527239,1.4064047276096393e-05,1,1,1
646,0.0,train,0.037892426629607394,0.9621075733703927,0,1,1
647,1.0,dev,0.9643214491222695,0.035678550877730524,1,1,1
648,0.0,train,0.2751297357103299,0.72487026428967,0,1,1
649,1.0,train,0.9984021544346675,0.001597845565332472,1,1,1
650,0.0,train,2.7969305526407497e-05,0.9999720306944736,0,1,1
651,1.0,train,0.9990149918058981,0.000985008194101907,1,1,1
652,1.0,train,0.9980732657665016,0.0019267342334985317,1,1,1
653,0.0,train,5.093704092409275e-06,0.9999949062959075,0,1,1
654,1.0,test,0.9999979419513964,2.0580486036036815e-06,1,1,1
655,1.0,train,0.9998785182698193,0.00012148173018059479,1,1,1
656,0.0,train,0.009268015022804993,0.9907319849771951,0,1,1
657,1.0,test,0.9998766054552684,0.00012339454473181088,1,1,1
658,1.0,test,0.9999349718466765,6.5028153323663e-05,1,1,1
659,0.0,train,0.009708477054526368,0.9902915229454736,0,1,1
660,1.0,train,0.9998746624922795,0.0001253375077204197,1,1,1
661,1.0,train,0.010818447058228976,0.9891815529417711,0,1,1
662,0.0,train,0.30735800417608683,0.6926419958239132,0,1,1
663,1.0,train,0.9999993213262165,6.786737835437515e-07,1,1,1
664,0.0,test,0.0006563727151431046,0.9993436272848568,0,1,1
665,0.0,train,0.044680869000553285,0.9553191309994468,0,1,1
666,1.0,test,0.9999928167393861,7.183260613934233e-06,1,1,1
667,1.0,train,0.9993228058173823,0.0006771941826178349,1,1,1
668,1.0,train,0.9999890468726903,1.095312730983898e-05,1,1,1
669,1.0,train,0.9802808724687407,0.01971912753125924,1,1,1
670,1.0,train,0.588889130767832,0.411110869232168,1,1,1
671,1.0,train,0.8705972650509008,0.12940273494909915,1,1,1
672,1.0,train,0.9990149918645512,0.000985008135448676,1,1,1
673,1.0,train,0.07477004290796138,0.9252299570920387,0,1,1
674,1.0,test,0.99867497787856,0.0013250221214400305,1,1,1
675,0.0,train,0.09268777863937604,0.9073122213606241,0,1,1
676,1.0,dev,0.5736784074525096,0.4263215925474903,1,1,1
677,1.0,train,0.999899286045802,0.00010071395419804562,1,1,1
678,0.0,train,1.5446313245017115e-05,0.9999845536867549,0,1,1
679,0.0,dev,1.1478769495440519e-05,0.9999885212305046,0,1,1
680,0.0,train,0.1347759243735362,0.8652240756264638,0,1,1
681,1.0,train,0.9999667858072792,3.321419272081385e-05,1,1,1
682,1.0,train,0.9992327077356633,0.0007672922643366567,1,1,1
683,0.0,train,0.7826624789529376,0.21733752104706247,1,1,1
684,1.0,test,0.998983756049699,0.0010162439503010583,1,1,1
685,0.0,test,0.002323162522631283,0.9976768374773688,0,1,1
686,0.0,train,1.4285514244209649e-05,0.9999857144857559,0,1,1
687,1.0,train,0.9481545289551957,0.05184547104480427,1,1,1
688,1.0,train,0.9998858776349607,0.00011412236503911823,1,1,1
689,0.0,train,0.5195213219520929,0.480478678047907,1,1,1
690,1.0,train,0.9998746624764062,0.0001253375235936634,1,1,1
691,1.0,train,0.8558511469672594,0.14414885303274058,1,1,1
692,1.0,train,0.9996698473363776,0.00033015266362237256,1,1,1
693,0.0,train,0.09534945461636171,0.9046505453836383,0,1,1
694,0.0,train,0.00041731583526845886,0.9995826841647314,0,1,1
695,0.0,train,0.0023967303713303477,0.9976032696286696,0,1,1
696,0.0,train,0.1500288243424251,0.849971175657575,0,1,1
697,0.0,train,0.9997305208886003,0.00026947911139968655,1,1,1
698,0.0,train,2.1233779561820307e-06,0.9999978766220438,0,1,1
699,1.0,dev,0.9932024690532422,0.006797530946757902,1,1,1
700,1.0,train,0.9901401452783599,0.009859854721640202,1,1,1
701,1.0,train,0.9991832617190072,0.0008167382809928569,1,1,1
702,0.0,train,1.8631745374194097e-05,0.9999813682546258,0,1,1
703,0.0,train,0.9553191284552528,0.044680871544747154,1,1,1
704,0.0,train,0.005554924703691103,0.994445075296309,0,1,1
705,1.0,train,0.9999452402318273,5.475976817261573e-05,1,1,1
706,0.0,dev,0.9697854151157502,0.03021458488424983,1,1,1
707,0.0,train,0.004264633932863341,0.9957353660671365,0,1,1
708,0.0,train,0.01744248473620534,0.9825575152637948,0,1,1
709,0.0,train,0.9992083705400521,0.0007916294599479798,1,1,1
710,0.0,train,2.6842001405769134e-06,0.9999973157998594,0,1,1
711,0.0,test,0.013636835281429876,0.9863631647185701,0,1,1
712,0.0,train,0.8499711832583695,0.15002881674163046,1,1,1
713,1.0,train,0.9999635214664009,3.647853359915495e-05,1,1,1
714,1.0,train,0.9995694428641645,0.00043055713583544226,1,1,1
715,0.0,train,0.00022693386425762683,0.9997730661357423,0,1,1
716,0.0,train,9.915269570294419e-05,0.999900847304297,0,1,1
717,1.0,train,0.063714997807704,0.9362850021922962,0,1,1
718,1.0,test,0.9999611688792822,3.8831120717645984e-05,1,1,1
719,0.0,train,0.1225232189263307,0.8774767810736694,0,1,1
720,0.0,train,0.01941935158746623,0.9805806484125338,0,1,1
721,1.0,train,0.9999737252327279,2.6274767272093736e-05,1,1,1
722,0.0,train,0.6654105454764747,0.3345894545235253,1,1,1
723,0.0,train,0.0022872281499402305,0.9977127718500598,0,1,1
724,0.0,train,4.936988949458182e-06,0.9999950630110505,0,1,1
725,0.0,train,0.2689414330889798,0.7310585669110203,0,1,1
726,0.0,train,1.0451547428783453e-05,0.9999895484525712,0,1,1
727,0.0,train,0.9999687980902333,3.120190976671084e-05,1,1,1
728,0.0,train,1.1478767442900329e-05,0.9999885212325571,0,1,1
729,0.0,train,0.9518632336627241,0.04813676633727598,1,1,1
730,0.0,train,8.220187518666284e-05,0.9999177981248133,0,1,1
731,1.0,dev,0.9999673007316936,3.2699268306313365e-05,1,1,1
732,0.0,test,2.0261414160251555e-06,0.9999979738585839,0,1,1
733,0.0,dev,0.9173026618464796,0.0826973381535205,1,1,1
734,1.0,train,0.996234586718406,0.0037654132815940315,1,1,1
735,0.0,train,5.9209151058909815e-05,0.999940790848941,0,1,1
736,0.0,test,0.0016484827456607703,0.9983515172543392,0,1,1
737,1.0,train,0.950410972099931,0.04958902790006903,1,1,1
738,1.0,test,0.8267117940706734,0.17328820592932656,1,1,1
739,1.0,train,0.9999203269699578,7.967303004217217e-05,1,1,1
740,1.0,train,0.9987934100183852,0.001206589981614826,1,1,1
741,0.0,train,5.28551753421211e-07,0.9999994714482465,0,1,1
742,1.0,train,0.9998488180686695,0.00015118193133046255,1,1,1
743,1.0,dev,0.999992110740529,7.889259470952128e-06,1,1,1
744,1.0,train,0.999935979959267,6.402004073299433e-05,1,1,1
745,1.0,train,0.8499711604559846,0.1500288395440153,1,1,1
746,1.0,train,0.9992083705164784,0.0007916294835217002,1,1,1
747,1.0,test,0.9999771720053584,2.282799464171886e-05,1,1,1
748,0.0,train,0.9111797148356995,0.08882028516430056,1,1,1
749,1.0,train,0.999989548449768,1.0451550232078003e-05,1,1,1
750,1.0,test,0.08035747322699913,0.9196425267730007,0,1,1
751,0.0,train,0.00013342001090985438,0.9998665799890902,0,1,1
752,1.0,test,0.7248702761768248,0.2751297238231752,1,1,1
753,0.0,train,0.5078118642792044,0.49218813572079556,1,1,1
754,1.0,train,0.9999646437442534,3.535625574663503e-05,1,1,1
755,0.0,dev,0.0010005045200600852,0.9989994954799399,0,1,1
756,1.0,train,0.9999285810072841,7.14189927159623e-05,1,1,1
757,1.0,train,0.999994044859764,5.955140236009652e-06,1,1,1
758,0.0,train,0.9971550908000107,0.0028449091999891356,1,1,1
759,0.0,train,2.225282025246084e-06,0.9999977747179748,0,1,1
760,0.0,test,0.03114383233328265,0.9688561676667173,0,1,1
761,0.0,train,0.43398147944527604,0.5660185205547239,0,1,1
762,1.0,test,0.7981867777396212,0.20181322226037882,1,1,1
763,1.0,train,0.21733753118592736,0.7826624688140728,0,1,1
764,0.0,dev,0.3998116407397951,0.600188359260205,0,1,1
765,0.0,train,0.3629692055196168,0.6370307944803831,0,1,1
766,0.0,train,3.844933454519924e-06,0.9999961550665456,0,1,1
767,0.0,test,0.18242552380635632,0.8175744761936437,0,1,1
768,1.0,train,0.9999980052699365,1.994730063349979e-06,1,1,1
769,0.0,train,0.9783846675524838,0.021615332447516258,1,1,1
770,1.0,train,0.984336352666835,0.015663647333165047,1,1,1
771,1.0,test,0.9997584336513309,0.00024156634866921305,1,1,1
772,1.0,train,0.9149009549929797,0.08509904500702024,1,1,1
773,0.0,train,0.1968262036430985,0.8031737963569016,0,1,1
774,0.0,train,0.0012448435244066262,0.9987551564755933,0,1,1
775,1.0,train,0.9994207082351804,0.0005792917648197277,1,1,1
776,0.0,train,2.368799339482022e-06,0.9999976312006605,0,1,1
777,1.0,train,0.9934102281418231,0.006589771858176897,1,1,1
778,0.0,train,0.5583269943353745,0.44167300566462553,1,1,1
779,0.0,train,0.5117166047041654,0.4882833952958347,1,1,1
780,0.0,train,0.030675801710674105,0.9693241982893259,0,1,1
781,1.0,train,0.4186969238628498,0.5813030761371503,0,1,1
782,0.0,train,0.0003682979260160596,0.999631702073984,0,1,1
783,1.0,train,0.026759280080849095,0.9732407199191508,0,1,1
784,0.0,dev,0.02368947405648044,0.9763105259435195,0,1,1
785,1.0,train,0.9990600562592681,0.0009399437407319644,1,1,1
786,1.0,train,0.8824278664544911,0.11757213354550883,1,1,1
787,1.0,train,0.9907319859349646,0.0092680140650354,1,1,1
788,0.0,train,0.37387582277169656,0.6261241772283034,0,1,1
789,0.0,train,1.0451550232078003e-05,0.999989548449768,0,1,1
790,0.0,dev,0.003273065262348643,0.9967269347376513,0,1,1
791,0.0,train,1.300712303955085e-05,0.9999869928769604,0,1,1
792,0.0,train,0.07585818211049715,0.924141817889503,0,1,1
793,0.0,train,3.12019076745251e-05,0.9999687980923255,0,1,1
794,0.0,train,0.03410042571231151,0.9658995742876885,0,1,1
795,0.0,train,0.9706877722165251,0.029312227783474795,1,1,1
796,1.0,train,0.9719924818279465,0.02800751817205348,1,1,1
797,1.0,test,0.9997175918231418,0.0002824081768581411,1,1,1
798,1.0,train,0.9999923534621372,7.646537862857639e-06,1,1,1
799,1.0,dev,0.973644649065755,0.026355350934245098,1,1,1
800,0.0,train,0.0005357805383473944,0.9994642194616526,0,1,1
801,0.0,train,0.8615382129861582,0.1384617870138417,1,1,1
802,1.0,train,0.9997546304353834,0.00024536956461667676,1,1,1
803,0.0,train,0.9995044641040992,0.0004955358959007394,1,1,1
804,0.0,train,0.9425067244294588,0.05749327557054124,1,1,1
805,1.0,train,0.9995557815815307,0.0004442184184692987,1,1,1
806,1.0,train,0.7931059511841119,0.2068940488158881,1,1,1
807,0.0,test,0.018546568580713532,0.9814534314192865,0,1,1
808,0.0,test,0.0037072524340856458,0.9962927475659143,0,1,1
809,0.0,train,3.169326954123892e-05,0.9999683067304588,0,1,1
810,1.0,train,0.9999966594600991,3.340539901016983e-06,1,1,1
811,1.0,train,0.9553191252750104,0.044680874724989696,1,1,1
812,0.0,test,0.8244619350028205,0.1755380649971796,1,1,1
813,0.0,train,8.315278046311504e-07,0.9999991684721954,0,1,1
814,0.0,train,0.9896718488515023,0.010328151148497753,1,1,1
815,1.0,train,0.9999967622388215,3.2377611785417997e-06,1,1,1
816,0.0,train,0.1778108869057527,0.8221891130942472,0,1,1
817,1.0,train,0.4610167793123159,0.5389832206876841,0,1,1
818,0.0,train,0.01971912349864825,0.9802808765013518,0,1,1
819,1.0,train,0.9879462204837635,0.012053779516236447,1,1,1
820,1.0,train,0.3998116407397951,0.600188359260205,0,1,1
821,1.0,train,0.9999957771647305,4.222835269481146e-06,1,1,1
822,0.0,train,1.8738754953426677e-06,0.9999981261245046,0,1,1
823,1.0,train,0.9850429156022934,0.014957084397706615,1,1,1
824,1.0,train,0.8791467580102418,0.12085324198975819,1,1,1
825,0.0,test,0.9643214521983688,0.03567854780163102,1,1,1
826,1.0,train,0.8519528057272543,0.14804719427274565,1,1,1
827,0.0,train,0.0002824081621335668,0.9997175918378663,0,1,1
828,0.0,test,0.12421301483609337,0.8757869851639067,0,1,1
829,1.0,train,0.9999768125124754,2.3187487524524003e-05,1,1,1
830,1.0,train,0.9989350371614951,0.0010649628385049018,1,1,1
831,1.0,train,0.03358950855236608,0.9664104914476339,0,1,1
832,1.0,dev,0.9979170288607528,0.0020829711392471835,1,1,1
833,1.0,test,0.18713266402902046,0.8128673359709796,0,1,1
834,0.0,test,0.05921025074128593,0.9407897492587141,0,1,1
835,0.0,train,0.1895210821742346,0.8104789178257654,0,1,1
836,1.0,train,0.33458942798284697,0.6654105720171531,0,1,1
837,1.0,train,0.9983770328298793,0.0016229671701206412,1,1,1
838,1.0,train,0.999906854054308,9.31459456921379e-05,1,1,1
839,1.0,train,0.6113819732941511,0.38861802670584894,1,1,1
840,1.0,train,0.9974490881474322,0.0025509118525678864,1,1,1
841,0.0,train,0.005060332632152244,0.9949396673678478,0,1,1
842,0.0,dev,0.06853748922682354,0.9314625107731764,0,1,1
843,1.0,train,0.9948603897405491,0.005139610259450859,1,1,1
844,1.0,train,0.9997834560081739,0.00021654399182604797,1,1,1
845,0.0,train,0.9770226294209299,0.02297737057907019,1,1,1
846,0.0,train,1.892514937404277e-05,0.999981074850626,0,1,1
847,0.0,train,0.014503576709583004,0.985496423290417,0,1,1
848,0.0,dev,0.00042388461571981955,0.9995761153842802,0,1,1
849,0.0,train,2.156817635451355e-06,0.9999978431823646,0,1,1
850,0.0,train,0.002631674444226186,0.9973683255557739,0,1,1
851,1.0,train,0.9998644792709119,0.0001355207290880643,1,1,1
852,0.0,train,2.4824804070831195e-06,0.9999975175195929,0,1,1
853,1.0,train,0.9987744326975369,0.0012255673024630903,1,1,1
854,1.0,train,0.9852713835553862,0.014728616444613814,1,1,1
855,1.0,train,0.9994966643908129,0.0005033356091871048,1,1,1
856,1.0,train,0.7025300573952054,0.2974699426047947,1,1,1
857,0.0,train,0.3007455789412415,0.6992544210587585,0,1,1
858,1.0,train,0.999805886810329,0.00019411318967091303,1,1,1
859,1.0,train,0.999993037741623,6.96225837691079e-06,1,1,1
860,1.0,train,0.9999930377435423,6.962256457628333e-06,1,1,1
861,1.0,train,0.9995955184117858,0.0004044815882141823,1,1,1
862,1.0,test,0.9999678076743772,3.219232562281616e-05,1,1,1
863,0.0,train,5.475979265080468e-05,0.9999452402073491,0,1,1
864,1.0,train,0.9999227781098492,7.722189015080395e-05,1,1,1
865,1.0,train,0.9985674632347629,0.0014325367652371225,1,1,1
866,1.0,train,0.9937100977234016,0.006289902276598454,1,1,1
867,0.0,dev,8.939692574901333e-06,0.9999910603074252,0,1,1
868,1.0,train,0.9637799436148532,0.036220056385146915,1,1,1
869,1.0,train,0.9998822554313996,0.0001177445686004915,1,1,1
870,0.0,train,0.3629692055196168,0.6370307944803831,0,1,1
871,1.0,train,0.9999838124198905,1.6187580109497185e-05,1,1,1
872,0.0,train,0.0004955359475635505,0.9995044640524365,0,1,1
873,1.0,train,0.09268777112054055,0.9073122288794594,0,1,1
874,1.0,train,0.9390248123094437,0.06097518769055627,1,1,1
875,0.0,train,0.007011794758989494,0.9929882052410106,0,1,1
876,1.0,train,0.9996485618309492,0.0003514381690508443,1,1,1
877,0.0,test,0.009708478200631072,0.9902915217993689,0,1,1
878,1.0,train,0.028870903603972216,0.9711290963960277,0,1,1
879,1.0,train,0.9999930377429717,6.9622570282257646e-06,1,1,1
880,1.0,train,3.7052953208232646e-05,0.9999629470467917,0,1,1
881,1.0,train,0.9999881568565622,1.1843143437841316e-05,1,1,1
882,0.0,train,6.92218175420551e-05,0.999930778182458,0,1,1
883,0.0,train,0.7690802370707283,0.23091976292927183,1,1,1
884,1.0,train,0.08389039557214682,0.9161096044278532,0,1,1
885,1.0,dev,0.9999869928722118,1.300712778811026e-05,1,1,1
886,0.0,train,1.1544615512435701e-06,0.9999988455384489,0,1,1
887,0.0,train,0.001032230913830316,0.9989677690861697,0,1,1
888,1.0,train,0.9999960330138044,3.966986195730936e-06,1,1,1
889,0.0,train,0.0003150387691687632,0.9996849612308313,0,1,1
890,1.0,train,0.995094595385343,0.004905404614657039,1,1,1
891,1.0,train,0.9999524235234127,4.75764765872681e-05,1,1,1
892,1.0,test,0.9825575142422756,0.017442485757724342,1,1,1
893,0.0,dev,3.169326670772975e-05,0.9999683067332924,0,1,1
894,0.0,train,0.018546561257240943,0.9814534387427591,0,1,1
895,1.0,test,0.999995710666954,4.289333046000329e-06,1,1,1
896,1.0,train,0.975576912431201,0.024423087568798997,1,1,1
897,1.0,train,0.9993537966322967,0.0006462033677033875,1,1,1
898,1.0,train,0.9995557816642361,0.0004442183357639337,1,1,1
899,0.0,train,1.7880637896739802e-06,0.9999982119362103,0,1,1
900,1.0,test,0.9982453853811011,0.00175461461889883,1,1,1
901,0.0,train,0.0005442133272725319,0.9994557866727275,0,1,1
902,0.0,train,0.8840392909114835,0.11596070908851643,1,1,1
903,0.0,train,2.1112476668798448e-05,0.9999788875233313,0,1,1
904,0.0,train,9.080470699463035e-06,0.9999909195293005,0,1,1
905,1.0,train,0.9968763513073454,0.0031236486926545077,1,1,1
906,0.0,test,0.8933094145755219,0.1066905854244781,1,1,1
907,1.0,test,0.9999840633865207,1.5936613479258887e-05,1,1,1
908,0.0,train,2.5612825160865422e-06,0.999997438717484,0,1,1
909,0.0,dev,2.5466410018565398e-05,0.9999745335899815,0,1,1
910,0.0,dev,0.9032942145139149,0.09670578548608504,1,1,1
911,0.0,train,0.2720245510940225,0.7279754489059775,0,1,1
912,0.0,train,0.7879312056025699,0.21206879439743004,1,1,1
913,1.0,train,0.9999435020448285,5.649795517153559e-05,1,1,1
914,1.0,train,0.2658804730998169,0.734119526900183,0,1,1
915,1.0,train,0.19193278644723683,0.8080672135527632,0,1,1
916,1.0,train,0.9999964440159294,3.5559840706116814e-06,1,1,1
917,0.0,test,0.9161096204605947,0.08389037953940537,1,1,1
918,1.0,dev,0.9999932519479322,6.748052067675969e-06,1,1,1
919,1.0,train,0.00046552691875201524,0.9995344730812479,0,1,1
920,1.0,train,0.9999215621391654,7.843786083456577e-05,1,1,1
921,0.0,train,7.646538261652627e-06,0.9999923534617384,0,1,1
922,1.0,train,0.999974132569304,2.5867430695909616e-05,1,1,1
923,0.0,train,0.49218813572079556,0.5078118642792044,0,1,1
924,0.0,dev,0.007232765515432157,0.9927672344845678,0,1,1
925,0.0,dev,0.00912563846711391,0.9908743615328861,0,1,1
926,1.0,train,0.9999227780862616,7.722191373825052e-05,1,1,1
927,0.0,train,0.10669058826486906,0.893309411735131,0,1,1
928,1.0,train,0.9999897104842147,1.0289515785262707e-05,1,1,1
929,0.0,train,0.0067975313491682125,0.9932024686508317,0,1,1
930,0.0,train,0.019124038987053598,0.9808759610129465,0,1,1
931,0.0,train,0.9942697541641922,0.005730245835807825,1,1,1
932,1.0,train,0.9999097196481868,9.028035181322515e-05,1,1,1
933,0.0,dev,0.006289900832970235,0.9937100991670297,0,1,1
934,1.0,train,0.9999968618544154,3.1381455845291053e-06,1,1,1
935,1.0,train,0.9999904837491213,9.516250878808154e-06,1,1,1
936,1.0,dev,0.9998992859625185,0.00010071403748158646,1,1,1
937,1.0,train,0.9996140338576772,0.000385966142322885,1,1,1
938,1.0,train,0.3311197396289915,0.6688802603710086,0,1,1
939,1.0,train,0.6548947425132315,0.3451052574867685,1,1,1
940,0.0,train,0.008315776511325432,0.9916842234886746,0,1,1
941,0.0,train,0.038466190916039394,0.9615338090839607,0,1,1
942,1.0,train,0.11279540031810142,0.8872045996818986,0,1,1
943,1.0,train,0.9873750518329435,0.01262494816705655,1,1,1
944,0.0,train,0.7799929002541067,0.22000709974589314,1,1,1
945,0.0,train,0.0024343818637580852,0.997565618136242,0,1,1
946,1.0,train,0.998774432278017,0.0012255677219830277,1,1,1
947,1.0,train,0.9999978766219805,2.123378019463491e-06,1,1,1
948,1.0,train,0.9999611688785591,3.88311214409039e-05,1,1,1
949,1.0,test,0.9999886991893091,1.1300810690940033e-05,1,1,1
950,1.0,dev,0.9124361604769414,0.08756383952305867,1,1,1
951,1.0,train,0.9999917321258186,8.267874181401028e-06,1,1,1
952,1.0,train,0.9970189670044145,0.002981032995585484,1,1,1
953,1.0,train,0.8539127566694178,0.14608724333058223,1,1,1
954,0.0,train,0.0009697521410196063,0.9990302478589805,0,1,1
955,0.0,train,0.00014653127644184875,0.9998534687235581,0,1,1
956,1.0,train,0.9999593054029946,4.069459700538418e-05,1,1,1
957,0.0,test,7.690376659222296e-07,0.9999992309623341,0,1,1
958,0.0,train,2.3552608716353227e-05,0.9999764473912838,0,1,1
959,0.0,train,0.0027149858724711804,0.9972850141275287,0,1,1
960,0.0,train,0.0004442183059900061,0.99955578169401,0,1,1
961,1.0,train,0.9999875885089129,1.2411491087138775e-05,1,1,1
962,0.0,test,0.9930961611114582,0.006903838888541687,1,1,1
963,0.0,train,0.8688267728417087,0.13117322715829127,1,1,1
964,1.0,train,0.0015011824354232285,0.9984988175645767,0,1,1
965,1.0,train,0.9999955048188234,4.49518117661496e-06,1,1,1
966,1.0,train,0.9996993836143067,0.00030061638569341213,1,1,1
967,0.0,train,0.026355351316620014,0.97364464868338,0,1,1
968,0.0,test,0.0001420236063737177,0.9998579763936264,0,1,1
969,0.0,train,1.1726423529565972e-06,0.999998827357647,0,1,1
970,1.0,test,0.9998534686580632,0.00014653134193685002,1,1,1
971,1.0,test,0.09138210306717136,0.9086178969328287,0,1,1
972,1.0,train,0.999534473164452,0.00046552683554807454,1,1,1
973,1.0,test,0.9999359799363731,6.402006362688338e-05,1,1,1
974,1.0,train,0.04813677111663481,0.9518632288833652,0,1,1
975,1.0,test,0.999607958187404,0.00039204181259597937,1,1,1
976,0.0,train,0.9173026505426832,0.08269734945731683,1,1,1
977,1.0,train,0.9986329742526315,0.0013670257473684738,1,1,1
978,1.0,train,0.9999662627890596,3.373721094030068e-05,1,1,1
979,0.0,test,0.5888891163376235,0.41111088366237647,1,1,1
980,1.0,train,0.982557516796073,0.017442483203926946,1,1,1
981,0.0,dev,0.8774767970940975,0.1225232029059025,1,1,1
982,1.0,train,0.6477982179521103,0.35220178204788966,1,1,1
983,0.0,train,5.255393514364659e-06,0.9999947446064857,0,1,1
984,0.0,train,0.0031236481358473656,0.9968763518641527,0,1,1
985,0.0,train,0.08389038412018836,0.9161096158798117,0,1,1
986,0.0,train,0.008187911595841499,0.9918120884041586,0,1,1
987,1.0,train,0.999967300723167,3.269927683303434e-05,1,1,1
988,1.0,test,0.9999893838640225,1.0616135977550325e-05,1,1,1
989,1.0,train,0.9994642194935704,0.0005357805064294968,1,1,1
990,0.0,test,0.17106120013047907,0.8289387998695209,0,1,1
991,1.0,train,0.9999749283968123,2.50716031876473e-05,1,1,1
992,1.0,dev,0.998042983234434,0.001957016765566113,1,1,1
993,0.0,train,0.00831577872324275,0.9916842212767574,0,1,1
994,1.0,train,0.9994557866240974,0.0005442133759025175,1,1,1
995,0.0,train,0.18713266402902046,0.8128673359709796,0,1,1
996,1.0,train,0.9999493552895051,5.0644710494926576e-05,1,1,1
997,0.0,train,2.684200940528865e-06,0.9999973157990594,0,1,1
998,1.0,train,0.021615331502122095,0.9783846684978779,0,1,1
999,0.0,train,0.002217013154798699,0.9977829868452014,0,1,1
1000,0.0,dev,1.1843139731877409e-05,0.999988156860268,0,1,1
1001,0.0,train,0.01826427674872807,0.9817357232512719,0,1,1
1002,1.0,train,0.9999771720085897,2.2827991410238386e-05,1,1,1
1003,1.0,train,0.999908298002938,9.170199706193532e-05,1,1,1
1004,0.0,train,0.012431650121413363,0.9875683498785867,0,1,1
1005,0.0,train,1.3631341023511722e-05,0.9999863686589765,0,1,1
1006,0.0,train,0.013636832876226742,0.9863631671237731,0,1,1
1007,1.0,train,0.9999914696760327,8.53032396723281e-06,1,1,1
1008,1.0,train,0.9991030607764788,0.000896939223521073,1,1,1
1009,0.0,train,0.01262494816705655,0.9873750518329435,0,1,1
1010,1.0,train,0.9998822554322767,0.00011774456772332938,1,1,1
1011,0.0,train,6.70922529934915e-05,0.9999329077470066,0,1,1
1012,1.0,train,4.331902350204157e-05,0.9999566809764979,0,1,1
1013,1.0,train,0.9987744324421769,0.001225567557823035,1,1,1
1014,0.0,train,0.7310585786300049,0.2689414213699951,1,1,1
1015,0.0,train,0.007232762305520407,0.9927672376944795,0,1,1
1016,1.0,train,0.9987934101261325,0.001206589873867444,1,1,1
1017,1.0,train,0.9999922330465808,7.766953419179379e-06,1,1,1
1018,0.0,train,2.430024508839605e-05,0.9999756997549116,0,1,1
1019,0.0,train,0.9871787849789999,0.012821215021000166,1,1,1
1020,1.0,dev,0.8519528057272543,0.14804719427274565,1,1,1
1021,1.0,train,0.9999973983825797,2.601617420246332e-06,1,1,1
1022,1.0,train,0.9999973157988595,2.6842011405168904e-06,1,1,1
1023,0.0,train,0.0001334199711529036,0.9998665800288471,0,1,1
1024,0.0,train,3.4465774464989006e-06,0.9999965534225534,0,1,1
1025,1.0,train,0.9962927469054635,0.0037072530945365285,1,1,1
1026,0.0,train,0.9994023305754932,0.0005976694245067366,1,1,1
1027,1.0,train,0.9996698473388368,0.0003301526611633556,1,1,1
1028,1.0,train,0.9343951607140233,0.0656048392859768,1,1,1
1029,0.0,train,0.024053550095990712,0.9759464499040094,0,1,1
1030,0.0,train,0.746138993030751,0.25386100696924885,1,1,1
1031,1.0,train,0.9998464376435328,0.00015356235646728702,1,1,1
1032,1.0,test,0.9999819414826806,1.8058517319351865e-05,1,1,1
1033,1.0,dev,0.49218813572079556,0.5078118642792044,0,1,1
1034,1.0,train,0.6688802603710086,0.3311197396289915,1,1,1
1035,0.0,train,0.7745833841649233,0.2254166158350767,1,1,1
1036,1.0,train,0.9995416871539752,0.00045831284602492617,1,1,1
1037,1.0,train,0.9995121429571446,0.00048785704285527056,1,1,1
1038,1.0,train,0.9999886991877094,1.1300812290676483e-05,1,1,1
1039,0.0,dev,0.00013765460907782495,0.9998623453909222,0,1,1
1040,1.0,train,0.9999939510793465,6.048920653532682e-06,1,1,1
1041,0.0,train,0.00045121040872133164,0.9995487895912787,0,1,1
1042,0.0,dev,0.9993228056963723,0.0006771943036275991,1,1,1
1043,0.0,train,0.004609571632403393,0.9953904283675966,0,1,1
1044,1.0,train,0.9997468437108192,0.0002531562891808237,1,1,1
1045,0.0,train,0.0007208378970782518,0.9992791621029218,0,1,1
1046,1.0,train,0.9999683067455709,3.169325442919291e-05,1,1,1
1047,1.0,train,0.9955316161643716,0.0044683838356283,1,1,1
1048,1.0,train,0.9999760764985778,2.392350142229451e-05,1,1,1
1049,1.0,train,0.29098086621490676,0.7090191337850932,0,1,1
1050,1.0,train,0.9999702268751902,2.9773124809666062e-05,1,1,1
1051,0.0,train,0.9912886136121104,0.00871138638788954,1,1,1
1052,1.0,dev,0.9999605574126604,3.944258733962594e-05,1,1,1
1053,1.0,train,0.9999741325743149,2.5867425685127913e-05,1,1,1
1054,0.0,train,0.3998116407397951,0.600188359260205,0,1,1
1055,1.0,train,0.9999816571139152,1.834288608476527e-05,1,1,1
1056,0.0,train,2.977311793323255e-05,0.9999702268820667,0,1,1
1057,1.0,train,0.9999991813635052,8.186364947473449e-07,1,1,1
1058,1.0,test,0.9914225150931606,0.008577484906839334,1,1,1
1059,1.0,train,0.1561048817412842,0.8438951182587159,0,1,1
1060,1.0,train,0.9999177980752088,8.22019247911873e-05,1,1,1
1061,0.0,train,0.0715911915212002,0.9284088084787998,0,1,1
1062,0.0,train,0.0035380856368081057,0.996461914363192,0,1,1
1063,0.0,train,0.14414884567931804,0.855851154320682,0,1,1
1064,1.0,dev,0.8791467738423874,0.12085322615761271,1,1,1
1065,1.0,train,0.9997868125117587,0.00021318748824117006,1,1,1
1066,1.0,train,0.9702399034724605,0.029760096527539612,1,1,1
1067,1.0,train,0.9996898438862305,0.00031015611376960947,1,1,1
1068,1.0,train,0.9998785182797743,0.00012148172022560104,1,1,1
1069,1.0,dev,0.9830850879722155,0.016914912027784484,1,1,1
1070,1.0,train,0.9999843104430249,1.5689556975181794e-05,1,1,1
1071,0.0,train,0.08389038641057993,0.91610961358942,0,1,1
1072,0.0,train,5.86281540968211e-06,0.9999941371845903,0,1,1
1073,0.0,train,0.0007321811744419655,0.9992678188255582,0,1,1
1074,1.0,train,0.9997507674327194,0.000249232567280716,1,1,1
1075,1.0,train,0.9736446440948805,0.026355355905119494,1,1,1
1076,0.0,train,0.00014202367408624856,0.9998579763259138,0,1,1
1077,1.0,train,0.7057850278370112,0.29421497216298875,1,1,1
1078,0.0,dev,0.0006771943540483406,0.9993228056459516,0,1,1
1079,0.0,train,4.331903124775174e-05,0.9999566809687523,0,1,1
1080,1.0,train,0.9982992777403624,0.0017007222596374673,1,1,1
1081,0.0,train,0.07369626563712976,0.9263037343628702,0,1,1
1082,0.0,train,0.020023437195882517,0.9799765628041175,0,1,1
1083,0.0,test,0.1259227582746744,0.8740772417253256,0,1,1
1084,0.0,train,0.010013568259658745,0.9899864317403412,0,1,1
1085,1.0,train,0.9999764473867212,2.3552613278742054e-05,1,1,1
1086,0.0,train,2.4682892638174608e-05,0.9999753171073618,0,1,1
1087,1.0,train,0.7718434978390747,0.22815650216092537,1,1,1
1088,1.0,test,0.9999580137008346,4.198629916536817e-05,1,1,1
1089,0.0,train,0.0054692736260654245,0.9945307263739346,0,1,1
1090,0.0,test,9.368718106397884e-06,0.9999906312818935,0,1,1
1091,1.0,train,0.7718434978390747,0.22815650216092537,1,1,1
1092,1.0,train,0.990140146005733,0.009859853994267016,1,1,1
1093,0.0,train,0.04742587856304458,0.9525741214369554,0,1,1
1094,0.0,train,0.0001273109960979637,0.999872689003902,0,1,1
1095,1.0,train,0.9999566809655248,4.331903447513138e-05,1,1,1
1096,1.0,train,0.9986541397989819,0.0013458602010181899,1,1,1
1097,0.0,train,0.8991213853793453,0.1008786146206548,1,1,1
1098,0.0,train,0.41869690935568665,0.5813030906443133,0,1,1
1099,1.0,train,0.9992903296537365,0.0007096703462635487,1,1,1
1100,0.0,test,0.0009850082380918324,0.9990149917619082,0,1,1
1101,0.0,test,0.1347759243735362,0.8652240756264638,0,1,1
1102,1.0,dev,0.9999976679243969,2.3320756031116895e-06,1,1,1
1103,1.0,train,0.995992710280927,0.004007289719073072,1,1,1
1104,0.0,train,0.9553191316354952,0.04468086836450484,1,1,1
1105,1.0,test,0.879146761176671,0.12085323882332893,1,1,1
1106,0.0,test,0.001700722816229541,0.9982992771837703,0,1,1
1107,1.0,train,0.9993537966707885,0.0006462033292115562,1,1,1
1108,1.0,test,0.0002415663558667122,0.9997584336441332,0,1,1
1109,1.0,train,0.9956684973367876,0.004331502663212393,1,1,1
1110,0.0,train,0.0006986757913313469,0.9993013242086686,0,1,1
1111,1.0,test,0.8499711832583695,0.15002881674163046,1,1,1
1112,0.0,train,0.13660839002621938,0.8633916099737806,0,1,1
1113,1.0,train,0.9936116784281818,0.006388321571818234,1,1,1
1114,0.0,dev,0.0005112577527021095,0.9994887422472978,0,1,1
1115,0.0,train,0.005819959929136718,0.9941800400708634,0,1,1
1116,1.0,train,0.999926314092147,7.368590785291125e-05,1,1,1
1117,1.0,train,0.6442250928250376,0.3557749071749625,1,1,1
1118,1.0,dev,0.9976768372010695,0.00232316279893047,1,1,1
1119,1.0,test,0.9996374099364173,0.00036259006358269736,1,1,1
1120,0.0,train,8.888087597291846e-05,0.9999111191240272,0,1,1
1121,1.0,train,0.6370307944803831,0.3629692055196168,1,1,1
1122,1.0,test,0.9999859359516761,1.4064048323934872e-05,1,1,1
1123,1.0,train,0.9759464492044004,0.024053550795599545,1,1,1
1124,0.0,train,0.05340332678672523,0.9465966732132748,0,1,1
1125,1.0,test,0.9999972735305824,2.7264694175193565e-06,1,1,1
1126,0.0,test,1.2805474213228684e-05,0.9999871945257869,0,1,1
1127,0.0,dev,0.9988120946915252,0.0011879053084748452,1,1,1
1128,1.0,train,0.22270013882530884,0.7772998611746911,0,1,1
1129,0.0,train,5.391084081937028e-05,0.9999460891591807,0,1,1
1130,1.0,train,0.999989870010604,1.0129989395929501e-05,1,1,1
1131,1.0,train,0.3208213138121609,0.6791786861878392,0,1,1
1132,1.0,train,0.9999165037044001,8.349629559983987e-05,1,1,1
1133,1.0,train,0.9811668728630676,0.018833127136932293,1,1,1
1134,1.0,test,0.9992791621136554,0.0007208378863446731,1,1,1
1135,0.0,train,7.296377291497173e-06,0.9999927036227084,0,1,1
1136,0.0,train,0.0006986756248704608,0.9993013243751295,0,1,1
1137,1.0,train,0.9982178033860295,0.0017821966139705341,1,1,1
1138,0.0,train,0.5544704649604273,0.4455295350395727,1,1,1
1139,0.0,train,7.29637990086646e-06,0.9999927036200992,0,1,1
1140,1.0,train,0.9973683261815626,0.002631673818437396,1,1,1
1141,0.0,train,4.9859585098984804e-05,0.9999501404149012,0,1,1
1142,0.0,train,0.9219218305645894,0.07807816943541052,1,1,1
1143,0.0,dev,1.5689545051949902e-05,0.9999843104549481,0,1,1
1144,0.0,train,0.007232764659455552,0.9927672353405443,0,1,1
1145,0.0,test,0.0007208380258812108,0.9992791619741188,0,1,1
1146,1.0,train,0.9999203269652094,7.967303479067663e-05,1,1,1
1147,1.0,dev,0.9998579763502481,0.0001420236497520541,1,1,1
1148,1.0,train,0.9390248234010296,0.060975176598970504,1,1,1
1149,1.0,train,0.9136765257642905,0.08632347423570945,1,1,1
1150,0.0,train,0.02931222820745785,0.9706877717925421,0,1,1
1151,0.0,test,8.013496055372456e-06,0.9999919865039446,0,1,1
1152,0.0,train,0.1943677923518861,0.8056322076481139,0,1,1
1153,0.0,train,0.6224593452091672,0.3775406547908327,1,1,1
1154,0.0,train,0.0001253375441355112,0.9998746624558645,0,1,1
1155,0.0,train,0.9553191259110588,0.04468087408894116,1,1,1
1156,1.0,dev,0.9314625126757596,0.06853748732424027,1,1,1
1157,1.0,train,0.9999936607870457,6.3392129544250754e-06,1,1,1
1158,0.0,train,8.851569040336196e-07,0.9999991148430959,0,1,1
1159,1.0,train,0.998589641188587,0.0014103588114131468,1,1,1
1160,0.0,train,0.8006920068519376,0.19930799314806233,1,1,1
1161,1.0,test,0.03622005482463042,0.9637799451753697,0,1,1
1162,1.0,train,0.9997800466734437,0.0002199533265563131,1,1,1
1163,0.0,train,0.006589770687598979,0.9934102293124011,0,1,1
1164,0.0,train,1.2219070194054104e-05,0.9999877809298059,0,1,1
1165,0.0,train,5.093706217657855e-06,0.9999949062937824,0,1,1
1166,0.0,train,0.001116014425956595,0.9988839855740433,0,1,1
1167,0.0,train,0.9974090201349592,0.0025909798650407545,1,1,1
1168,0.0,train,3.0894938955642377e-06,0.9999969105061044,0,1,1
1169,0.0,train,3.6119834918569846e-06,0.9999963880165081,0,1,1
1170,0.0,train,2.111248484823821e-05,0.9999788875151517,0,1,1
1171,1.0,train,0.9967775155802696,0.0032224844197304733,1,1,1
1172,1.0,train,0.999195914220009,0.0008040857799909139,1,1,1
1173,0.0,train,0.000985008179438599,0.9990149918205615,0,1,1
1174,1.0,train,0.9997040430231597,0.00029595697684032553,1,1,1
1175,1.0,train,0.9982178034655579,0.001782196534442127,1,1,1
1176,0.0,train,0.00806199200492975,0.9919380079950701,0,1,1
1177,0.0,train,0.9990302479311625,0.0009697520688375106,1,1,1
1178,0.0,dev,0.001648483039946556,0.9983515169600534,0,1,1
1179,1.0,train,0.9999559988072252,4.400119277475246e-05,1,1,1
1180,0.0,test,4.069458760661814e-05,0.9999593054123935,0,1,1
1181,1.0,train,0.998735578130631,0.0012644218693691023,1,1,1
1182,1.0,train,0.999992353460485,7.646539515008436e-06,1,1,1
1183,1.0,train,0.9999904837480221,9.516251977772469e-06,1,1,1
1184,1.0,train,0.9999795370680848,2.046293191518615e-05,1,1,1
1185,0.0,train,9.314597483706523e-05,0.9999068540251629,0,1,1
1186,0.0,test,0.037892425543116344,0.9621075744568837,0,1,1
1187,1.0,train,0.9822877020743653,0.017712297925634633,1,1,1
1188,0.0,train,0.0900929890757869,0.9099070109242131,0,1,1
1189,1.0,train,0.5156199157230156,0.48438008427698437,1,1,1
1190,1.0,test,0.9997428580776652,0.00025714192233485157,1,1,1
1191,1.0,test,0.985936373783223,0.014063626216776943,1,1,1
1192,1.0,train,0.9999984220376368,1.5779623631486743e-06,1,1,1
1193,0.0,train,0.9998785182870144,0.0001214817129856061,1,1,1
1194,0.0,test,0.10230470241865469,0.8976952975813453,0,1,1
1195,0.0,train,8.446230300692194e-07,0.99999915537697,0,1,1
1196,0.0,train,0.8354835493924953,0.1645164506075047,1,1,1
1197,0.0,train,0.09138209811811351,0.9086179018818865,0,1,1
1198,0.0,train,1.8925139221996368e-05,0.999981074860778,0,1,1
1199,0.0,train,0.8991213853793453,0.1008786146206548,1,1,1
1200,1.0,train,0.999582684317021,0.000417315682979048,1,1,1
1201,1.0,train,0.013848613064600826,0.986151386935399,0,1,1
1202,1.0,dev,0.9966755625158649,0.0033244374841350996,1,1,1
1203,0.0,train,0.004681823357589412,0.9953181766424106,0,1,1
1204,1.0,train,0.005139610335643399,0.9948603896643567,0,1,1
1205,1.0,train,0.9999339478384142,6.605216158585701e-05,1,1,1
1206,0.0,train,0.10374862686637971,0.8962513731336202,0,1,1
1207,1.0,train,0.8128673178375735,0.1871326821624266,1,1,1
1208,0.0,test,4.3319036411559284e-05,0.9999566809635885,0,1,1
1209,0.0,train,0.0012644218693691023,0.998735578130631,0,1,1
1210,1.0,train,0.9999190723978065,8.092760219334495e-05,1,1,1
1211,1.0,test,0.9997388096147569,0.00026119038524311,1,1,1
1212,1.0,train,0.7057850278370112,0.29421497216298875,1,1,1
1213,1.0,test,0.9999987710817048,1.2289182952168946e-06,1,1,1
1214,1.0,train,0.6757646010190476,0.32423539898095244,1,1,1
1215,1.0,train,0.7549149868676283,0.24508501313237172,1,1,1
1216,1.0,train,0.989671847023759,0.010328152976241045,1,1,1
1217,1.0,train,0.9999927036234696,7.296376530431306e-06,1,1,1
1218,0.0,dev,0.028870906946287907,0.9711290930537122,0,1,1
1219,0.0,train,0.9997262783839034,0.0002737216160966535,1,1,1
1220,0.0,train,0.25683200276421697,0.743167997235783,0,1,1
1221,1.0,train,0.0023967303000734116,0.9976032696999266,0,1,1
1222,1.0,train,0.20946969120038575,0.7905303087996142,0,1,1
1223,1.0,dev,0.8962513731336202,0.10374862686637971,1,1,1
1224,1.0,train,0.9947798746933411,0.005220125306659001,1,1,1
1225,1.0,train,0.9999954340309558,4.565969044267709e-06,1,1,1
1226,1.0,dev,0.9995891514470664,0.0004108485529336532,1,1,1
1227,0.0,dev,5.594336379648574e-06,0.9999944056636203,0,1,1
1228,1.0,train,0.9999883404686428,1.1659531357284105e-05,1,1,1
1229,0.0,train,0.9986954934698641,0.001304506530135986,1,1,1
1230,0.0,train,1.0030140284224986e-06,0.9999989969859717,0,1,1
1231,0.0,train,0.7577943712746406,0.24220562872535945,1,1,1
1232,1.0,train,0.9999764473873355,2.355261266457428e-05,1,1,1
1233,0.0,train,0.01826427728310437,0.9817357227168957,0,1,1
1234,1.0,train,0.994180040846838,0.005819959153161899,1,1,1
1235,0.0,train,0.9919380094250445,0.008061990574955507,1,1,1
1236,1.0,train,0.9998644792042802,0.00013552079571978507,1,1,1
1237,1.0,train,0.999844019651621,0.00015598034837912048,1,1,1
1238,1.0,train,0.06853749683715711,0.931462503162843,0,1,1
1239,1.0,train,0.9999949852646166,5.014735383290554e-06,1,1,1
1240,1.0,train,0.09947020320382931,0.9005297967961706,0,1,1
1241,1.0,train,4.860448981707663e-06,0.9999951395510184,0,1,1
1242,0.0,train,0.0013885231103949818,0.9986114768896049,0,1,1
1243,1.0,train,0.9999843104527271,1.568954727294339e-05,1,1,1
1244,1.0,train,0.9998534687388403,0.00014653126115968598,1,1,1
1245,1.0,train,0.5312093733737563,0.46879062662624377,1,1,1
1246,1.0,train,0.06371499425196533,0.9362850057480346,0,1,1
1247,1.0,train,0.9996485617105443,0.00035143828945578175,1,1,1
1248,1.0,train,0.9996374099688236,0.0003625900311763754,1,1,1
1249,0.0,train,0.003376611779992959,0.9966233882200072,0,1,1
1250,1.0,train,0.9984988176762557,0.001501182323744328,1,1,1
1251,1.0,train,0.9976403398441176,0.0023596601558823847,1,1,1
1252,1.0,dev,0.999961168902282,3.8831097718051574e-05,1,1,1
1253,1.0,train,0.8244619220634456,0.17553807793655435,1,1,1
1254,0.0,test,5.225226840386986e-05,0.999947747731596,0,1,1
1255,0.0,train,0.0006166297531273792,0.9993833702468726,0,1,1
1256,1.0,test,0.9981324336610066,0.001867566338993397,1,1,1
1257,0.0,train,0.5078118642792044,0.49218813572079556,1,1,1
1258,0.0,train,0.00021654408860781539,0.9997834559113922,0,1,1
1259,1.0,train,0.6113819591324418,0.38861804086755836,1,1,1
1260,1.0,train,0.9979492566125615,0.002050743387438421,1,1,1
1261,0.0,test,0.9979170293408502,0.0020829706591496805,1,1,1
1262,0.0,train,0.03308597648187432,0.9669140235181256,0,1,1
1263,1.0,train,0.9977127729382004,0.002287227061799649,1,1,1
1264,0.0,train,0.012821213512188366,0.9871787864878118,0,1,1
1265,0.0,train,0.6113819732941511,0.38861802670584894,1,1,1
1266,0.0,train,0.9865717422968865,0.013428257703113448,1,1,1
1267,0.0,dev,0.0008295891389527564,0.9991704108610473,0,1,1
1268,1.0,dev,0.999983557510463,1.644248953718651e-05,1,1,1
1269,0.0,train,0.7772998611746911,0.22270013882530884,1,1,1
1270,0.0,dev,0.017712301296001067,0.9822876987039989,0,1,1
1271,0.0,train,0.0008693673410329332,0.9991306326589671,0,1,1
1272,0.0,train,0.0016229668683101015,0.99837703313169,0,1,1
1273,1.0,train,0.5467381519846138,0.45326184801538616,1,1,1
1274,0.0,train,2.627476922966509e-05,0.9999737252307704,0,1,1
1275,0.0,train,0.0006070756889291921,0.9993929243110707,0,1,1
1276,1.0,train,0.9975273765493344,0.0024726234506656126,1,1,1
1277,0.0,train,1.2098657195841822e-06,0.9999987901342805,0,1,1
1278,1.0,train,0.9632305360354471,0.03676946396455293,1,1,1
1279,1.0,train,0.9992562972691091,0.0007437027308908465,1,1,1
1280,1.0,train,0.9992903294423884,0.0007096705576117306,1,1,1
1281,0.0,train,0.8757869981319862,0.1242130018680137,1,1,1
1282,0.0,train,0.9390248174286374,0.06097518257136261,1,1,1
1283,1.0,train,0.35220179564702847,0.6477982043529715,0,1,1
1284,1.0,train,0.9995761151948692,0.00042388480513072904,1,1,1
1285,1.0,dev,0.9998977001140275,0.00010229988597254858,1,1,1
1286,0.0,train,5.307506557326204e-05,0.9999469249344268,0,1,1
1287,1.0,train,0.9888419708892769,0.011158029110722997,1,1,1
1288,1.0,train,0.9999911988998169,8.80110018307439e-06,1,1,1
1289,0.0,train,0.32423539898095244,0.6757646010190476,0,1,1
1290,0.0,train,6.50281794848318e-05,0.9999349718205152,0,1,1
1291,0.0,train,7.602483073183647e-05,0.9999239751692681,0,1,1
1292,1.0,train,0.99253935576366,0.007460644236340045,1,1,1
1293,1.0,train,0.9989515305767687,0.0010484694232313094,1,1,1
1294,0.0,train,0.028007524662546336,0.9719924753374536,0,1,1
1295,1.0,test,0.9938070101172786,0.006192989882721478,1,1,1
1296,1.0,train,0.9999877809276211,1.2219072378967617e-05,1,1,1
1297,1.0,train,0.9914225152198789,0.00857748478012118,1,1,1
1298,1.0,train,0.0044683845316374916,0.9955316154683624,0,1,1
1299,1.0,test,0.9967269345431999,0.0032730654567999992,1,1,1
1300,1.0,train,0.9984752134159394,0.001524786584060527,1,1,1
1301,1.0,train,0.9970650484733155,0.0029349515266845895,1,1,1
1302,0.0,train,0.9912886141268261,0.008711385873173758,1,1,1
1303,0.0,train,0.9991832620534182,0.0008167379465816837,1,1,1
1304,1.0,train,0.9999807768257531,1.922317424672732e-05,1,1,1
1305,1.0,train,0.9999881568568268,1.184314317312957e-05,1,1,1
1306,0.0,train,0.00048029740357152274,0.9995197025964284,0,1,1
1307,1.0,train,0.9980122257284937,0.001987774271506444,1,1,1
1308,1.0,train,0.9811668723123673,0.018833127687632744,1,1,1
1309,1.0,dev,0.0460339010904779,0.9539660989095221,0,1,1
1310,0.0,train,1.9833370015627213e-05,0.9999801666299842,0,1,1
1311,1.0,train,0.9999877809181531,1.2219081846930688e-05,1,1,1
1312,0.0,train,3.0894938955642377e-06,0.9999969105061044,0,1,1
1313,1.0,train,0.9999964440166184,3.5559833817664044e-06,1,1,1
1314,1.0,train,0.9997175919051787,0.00028240809482123696,1,1,1
1315,0.0,dev,0.017712298184893567,0.9822877018151065,0,1,1
1316,0.0,train,0.9999913353449154,8.664655084595256e-06,1,1,1
1317,0.0,test,0.00010071397220529185,0.9998992860277947,0,1,1
1318,1.0,train,0.9999349718379559,6.502816204405144e-05,1,1,1
1319,1.0,train,0.9999881568631799,1.1843136820049437e-05,1,1,1
1320,0.0,train,0.002673005397197919,0.997326994602802,0,1,1
1321,1.0,train,0.002631673740213808,0.9973683262597863,0,1,1
1322,1.0,test,0.9942697527209255,0.005730247279074458,1,1,1
1323,1.0,train,0.9997131458214649,0.0002868541785352164,1,1,1
1324,1.0,train,0.9999339478359538,6.605216404632929e-05,1,1,1
1325,0.0,train,0.480478678047907,0.5195213219520929,0,1,1
1326,1.0,train,0.9748211597623863,0.025178840237613784,1,1,1
1327,0.0,train,0.0001376546829113665,0.9998623453170885,0,1,1
1328,1.0,train,0.9920620074240954,0.007937992575904508,1,1,1
1329,1.0,train,0.9999948260824055,5.173917594496637e-06,1,1,1
1330,0.0,train,0.9904406014994153,0.009559398500584864,1,1,1
1331,1.0,test,0.99794925597215,0.002050744027850116,1,1,1
1332,1.0,train,0.9999764473826852,2.355261731470214e-05,1,1,1
1333,1.0,train,0.31405055783200714,0.6859494421679929,0,1,1
1334,1.0,train,0.9999987901342894,1.2098657105699909e-06,1,1,1
1335,0.0,train,0.9960545928420428,0.003945407157957165,1,1,1
1336,0.0,train,0.0038244836446372104,0.9961755163553627,0,1,1
1337,1.0,train,0.9998706843325168,0.00012931566748329058,1,1,1
1338,1.0,dev,0.9999816571114553,1.8342888544693028e-05,1,1,1
1339,0.0,train,0.003649987031209837,0.9963500129687901,0,1,1
1340,0.0,dev,0.0002234164400648519,0.999776583559935,0,1,1
1341,0.0,train,0.8006920020959544,0.19930799790404563,1,1,1
1342,1.0,train,0.9999687980946502,3.120190534987445e-05,1,1,1
1343,0.0,train,5.562205279102459e-05,0.999944377947209,0,1,1
1344,0.0,dev,0.01001357121405182,0.9899864287859482,0,1,1
1345,1.0,dev,1.4738975825004357e-05,0.999985261024175,0,1,1
1346,1.0,train,0.9991030604893798,0.0008969395106202503,1,1,1
1347,0.0,train,0.9925393552119456,0.0074606447880542935,1,1,1
1348,0.0,train,0.9942697542490903,0.005730245750909801,1,1,1
1349,1.0,train,3.446578473655635e-06,0.9999965534215263,0,1,1
1350,0.0,test,0.9993332975319082,0.0006667024680918505,1,1,1
1351,,,0.0007437028527025744,0.9992562971472975,0,1,1
1352,0.0,train,0.003945407743549139,0.9960545922564508,0,1,1
1353,1.0,test,0.9999961550634803,3.844936519736926e-06,1,1,1
1354,1.0,train,0.999103060849923,0.0008969391500771123,1,1,1
1355,1.0,train,0.9999651918780389,3.4808121961114686e-05,1,1,1
1356,0.0,train,0.002934951395867108,0.9970650486041329,0,1,1
1357,1.0,train,0.999783456009787,0.0002165439902130189,1,1,1
1358,0.0,train,0.03210070949490525,0.9678992905050948,0,1,1
1359,1.0,train,0.6757646010190476,0.32423539898095244,1,1,1
1360,1.0,train,0.9989677688710518,0.0010322311289482067,1,1,1
1361,1.0,test,0.997368326103339,0.0026316738966609865,1,1,1
1362,0.0,train,0.9324533032291502,0.06754669677084987,1,1,1
1363,0.0,train,0.9988120942230013,0.0011879057769986785,1,1,1
1364,1.0,train,0.9968763508433396,0.003123649156660536,1,1,1
1365,0.0,train,0.34864513533394575,0.6513548646660542,0,1,1
1366,0.0,train,0.0006563728128860704,0.999343627187114,0,1,1
1367,1.0,train,0.021287356760712087,0.978712643239288,0,1,1
1368,0.0,dev,5.3075062409909606e-05,0.9999469249375902,0,1,1
1369,1.0,train,0.029312230751356316,0.9706877692486436,0,1,1
1370,0.0,train,0.04672496128098689,0.9532750387190131,0,1,1
1371,0.0,dev,0.003945406689483649,0.9960545933105164,0,1,1
1372,0.0,train,0.0004442183853871508,0.9995557816146128,0,1,1
1373,1.0,train,0.3276683139517237,0.6723316860482762,0,1,1
1374,0.0,dev,0.999958013705214,4.198629478604001e-05,1,1,1
1375,1.0,train,0.9999974784268114,2.5215731886700114e-06,1,1,1
1376,1.0,dev,0.9196425355825848,0.08035746441741523,1,1,1
1377,1.0,test,0.9999972305942508,2.769405749181976e-06,1,1,1
1378,1.0,train,0.8056321889812553,0.19436781101874467,1,1,1
1379,1.0,train,0.9995626656551071,0.0004373343448928228,1,1,1
1380,0.0,train,8.267871347803647e-06,0.9999917321286522,0,1,1
1381,1.0,train,0.999765864196152,0.0002341358038479222,1,1,1
1382,1.0,dev,0.9999970519820682,2.9480179317059773e-06,1,1,1
1383,0.0,train,0.9985449372130211,0.0014550627869788014,1,1,1
1384,1.0,train,0.7549149868676283,0.24508501313237172,1,1,1
1385,0.0,test,0.5389832206876841,0.4610167793123159,1,1,1
1386,0.0,train,4.006370655652864e-05,0.9999599362934435,0,1,1
1387,0.0,test,0.0009547319384890428,0.999045268061511,0,1,1
1388,0.0,train,0.7772998714925403,0.22270012850745968,1,1,1
1389,1.0,train,0.9994806950349601,0.0005193049650398876,1,1,1
1390,1.0,train,0.9653811606628216,0.03461883933717823,1,1,1
1391,1.0,train,0.9962927462450125,0.003707253754987529,1,1,1
1392,0.0,train,0.0006361909456760254,0.999363809054324,0,1,1
1393,1.0,train,0.9995044639933932,0.0004955360066067698,1,1,1
1394,1.0,train,0.9999871945247373,1.2805475262705683e-05,1,1,1
1395,1.0,train,0.48438008427698437,0.5156199157230156,0,1,1
1396,0.0,train,0.02262919475990569,0.9773708052400943,0,1,1
1397,0.0,train,0.0013458607217433976,0.9986541392782565,0,1,1
1398,0.0,test,0.5774953651858118,0.42250463481418826,1,1,1
1399,1.0,test,0.9999927036209418,7.296379058257526e-06,1,1,1
1400,1.0,train,0.9999944056647874,5.59433521258571e-06,1,1,1
1401,0.0,train,0.000588408888659467,0.9994115911113406,0,1,1
1402,1.0,train,0.9980732648781881,0.0019267351218117874,1,1,1
1403,0.0,train,0.090092998848117,0.909907001151883,0,1,1
1404,0.0,train,6.240930297518311e-06,0.9999937590697024,0,1,1
1405,1.0,train,0.9999954340310238,4.565968976229779e-06,1,1,1
1406,1.0,train,0.9752018401647722,0.024798159835227727,1,1,1
1407,0.0,train,0.011158029275135371,0.9888419707248646,0,1,1
1408,0.0,train,0.0005792917044298948,0.9994207082955702,0,1,1
1409,1.0,test,0.9974490879578592,0.0025509120421408162,1,1,1
1410,1.0,dev,0.9980732657091909,0.0019267342908090516,1,1,1
1411,1.0,train,0.9999945777835549,5.422216445112991e-06,1,1,1
1412,1.0,train,0.9997040429393926,0.0002959570606074883,1,1,1
1413,1.0,train,0.999997005558327,2.994441672989564e-06,1,1,1
1414,1.0,train,0.9999916019296543,8.398070345562049e-06,1,1,1
1415,0.0,test,0.03622005794566347,0.9637799420543365,0,1,1
1416,1.0,train,0.9579122684798184,0.042087731520181665,1,1,1
1417,1.0,train,0.6548947290421275,0.3451052709578724,1,1,1
1418,1.0,train,0.6477982179521103,0.35220178204788966,1,1,1
1419,1.0,train,0.21733753118592736,0.7826624688140728,0,1,1
1420,0.0,train,0.0015978454940173438,0.9984021545059827,0,1,1
1421,1.0,train,0.17781087819190097,0.822189121808099,0,1,1
1422,0.0,train,0.023330773562103623,0.9766692264378964,0,1,1
1423,0.0,train,0.0004955358294771331,0.9995044641705229,0,1,1
1424,1.0,dev,0.9998390692301594,0.00016093076984052213,1,1,1
1425,1.0,train,0.001524786209734216,0.9984752137902658,0,1,1
1426,1.0,train,0.9715639661317859,0.028436033868214097,1,1,1
1427,0.0,train,0.9814534395564779,0.01854656044352194,1,1,1
1428,1.0,train,0.9974885365981794,0.002511463401820653,1,1,1
1429,1.0,train,0.9962345863550707,0.0037654136449294666,1,1,1
1430,0.0,train,0.9946981039518149,0.005301896048185035,1,1,1
1431,0.0,train,7.934495935040286e-07,0.9999992065504065,0,1,1
1432,1.0,train,0.9996593705860078,0.0003406294139921615,1,1,1
1433,1.0,train,0.9988120945412439,0.0011879054587560544,1,1,1
1434,0.0,train,0.8976952866333483,0.10230471336665163,1,1,1
1435,0.0,train,0.00010554684537347377,0.9998944531546266,0,1,1
1436,1.0,train,0.9999813682483792,1.863175162085819e-05,1,1,1
1437,0.0,train,0.0011695104043089619,0.9988304895956911,0,1,1
1438,1.0,train,0.999934971824391,6.502817560910243e-05,1,1,1
1439,0.0,train,0.012821212003376744,0.9871787879966233,0,1,1
1440,0.0,train,0.0034296044333926314,0.9965703955666073,0,1,1
1441,0.0,train,1.1300813385233131e-05,0.9999886991866147,0,1,1
1442,1.0,train,0.9504109826342959,0.049589017365703966,1,1,1
1443,1.0,train,0.999928580972167,7.141902783291818e-05,1,1,1
1444,1.0,train,0.9993332976560083,0.0006667023439916431,1,1,1
1445,0.0,test,4.61127289037946e-05,0.9999538872710962,0,1,1
1446,1.0,test,0.9997868124355334,0.00021318756446671698,1,1,1
1447,0.0,train,6.89360840075701e-07,0.9999993106391598,0,1,1
1448,0.0,train,0.01098694327827096,0.989013056721729,0,1,1
1449,0.0,train,0.9416541528387691,0.058345847161230924,1,1,1
1450,0.0,test,0.7490872131147275,0.25091278688527247,1,1,1
1451,0.0,train,0.6723317123102955,0.3276682876897044,1,1,1
1452,1.0,train,0.5117166047041654,0.4882833952958347,1,1,1
1453,0.0,train,0.05108273406781927,0.9489172659321806,0,1,1
1454,0.0,train,0.08882029240011771,0.9111797075998822,0,1,1
1455,1.0,train,0.9585377231430563,0.04146227685694369,1,1,1
1456,0.0,train,0.02479816091630153,0.9752018390836984,0,1,1
1457,1.0,train,0.9996749642661258,0.00032503573387430984,1,1,1
1458,0.0,train,0.37754066879814546,0.6224593312018546,0,1,1
1459,1.0,train,0.9999678076707794,3.219232922047328e-05,1,1,1
1460,0.0,dev,5.6497953487860456e-05,0.9999435020465121,0,1,1
1461,0.0,train,0.7154239957834733,0.28457600421652673,1,1,1
1462,0.0,train,0.9441768572945971,0.05582314270540302,1,1,1
1463,1.0,train,0.9989182848277812,0.0010817151722187096,1,1,1
1464,0.0,train,0.5273165085228825,0.47268349147711747,1,1,1
1465,1.0,train,0.9884918502576513,0.01150814974234867,1,1,1
1466,0.0,train,0.0006166296980303809,0.9993833703019697,0,1,1
1467,1.0,train,0.9999553059438749,4.4694056124992264e-05,1,1,1
1468,0.0,train,0.0001159193570033925,0.9998840806429965,0,1,1
1469,1.0,train,0.480478678047907,0.5195213219520929,0,1,1
1470,0.0,train,0.523420348936324,0.47657965106367595,1,1,1
1471,1.0,train,0.999997774719268,2.225280732037177e-06,1,1,1
1472,1.0,train,0.999548789339259,0.0004512106607411005,1,1,1
1473,0.0,train,0.9597620539235895,0.040237946076410465,1,1,1
1474,1.0,train,0.17553807362342935,0.8244619263765707,0,1,1
1475,1.0,train,0.07921031541437025,0.9207896845856298,0,1,1
1476,1.0,dev,0.06008665522337757,0.9399133447766225,0,1,1
1477,1.0,test,0.9999962146734984,3.7853265016343357e-06,1,1,1
1478,1.0,train,0.9999586645849854,4.1335415014692944e-05,1,1,1
1479,1.0,train,0.6224593312018546,0.37754066879814546,1,1,1
1480,1.0,train,0.9989012690333787,0.001098730966621178,1,1,1
1481,0.0,test,1.568954318163984e-05,0.9999843104568183,0,1,1
1482,1.0,train,0.9790357567351325,0.020964243264867486,1,1,1
1483,0.0,train,0.15405756269148546,0.8459424373085146,0,1,1
1484,1.0,train,0.9998088956869694,0.00019110431303064475,1,1,1
1485,1.0,train,0.9999667858104961,3.32141895038756e-05,1,1,1
1486,1.0,train,0.9843363485313247,0.015663651468675235,1,1,1
1487,0.0,train,0.004399414207023896,0.9956005857929762,0,1,1
1488,1.0,train,0.9982992775885648,0.001700722411435288,1,1,1
1489,0.0,test,0.0008969392168443491,0.9991030607831557,0,1,1
1490,1.0,train,0.017176705993640892,0.9828232940063591,0,1,1
1491,0.0,train,0.0006462031367524335,0.9993537968632477,0,1,1
1492,1.0,dev,0.9777138141360855,0.02228618586391452,1,1,1
1493,0.0,train,0.00111601432628849,0.9988839856737115,0,1,1
1494,1.0,test,0.9999962146732728,3.78532672725653e-06,1,1,1
1495,1.0,train,0.6619228625116081,0.33807713748839185,1,1,1
1496,0.0,train,0.2782567817320044,0.7217432182679956,0,1,1
1497,1.0,dev,0.9241418199787566,0.07585818002124356,1,1,1
1498,0.0,train,0.9998804014139311,0.00011959858606898231,1,1,1
1499,1.0,train,0.9999753170939374,2.468290606268421e-05,1,1,1
1500,0.0,test,3.3214208805509786e-05,0.9999667857911946,0,1,1
1501,1.0,train,0.9999949852672321,5.014732767916042e-06,1,1,1
1502,0.0,train,2.6425853483127768e-06,0.9999973574146517,0,1,1
1503,1.0,train,0.9953181765729726,0.004681823427027391,1,1,1
1504,1.0,test,0.9972850141678754,0.0027149858321245776,1,1,1
1505,0.0,train,0.0005442133921125138,0.9994557866078876,0,1,1
1506,1.0,train,0.9999873930518816,1.2606948118509151e-05,1,1,1
1507,0.0,train,1.83428867680785e-05,0.999981657113232,0,1,1
1508,0.0,train,0.00506033203196621,0.9949396679680339,0,1,1
1509,1.0,train,0.999927456397443,7.254360255705777e-05,1,1,1
1510,,,1.2411496080609795e-05,0.9999875885039194,0,1,1
1511,0.0,train,0.6261241772283034,0.37387582277169656,1,1,1
1512,1.0,dev,0.9993537967958869,0.0006462032041131199,1,1,1
1513,1.0,dev,0.9999296881510448,7.031184895507644e-05,1,1,1
1514,1.0,train,0.9970650478846366,0.002934952115363327,1,1,1
1515,0.0,test,8.220189478350843e-05,0.9999177981052164,0,1,1
1516,1.0,train,0.6513548782017746,0.3486451217982255,1,1,1
1517,1.0,train,0.8596637541053281,0.14033624589467186,1,1,1
1518,0.0,train,0.9207896780646393,0.07921032193536075,1,1,1
1519,1.0,train,0.9926541750553818,0.007345824944618314,1,1,1
1520,1.0,train,0.9999239751805958,7.602481940411599e-05,1,1,1
1521,1.0,train,0.998351517033625,0.0016484829663751049,1,1,1
1522,1.0,train,0.9985449368449614,0.0014550631550386446,1,1,1
1523,0.0,train,0.0007554057227128765,0.9992445942772872,0,1,1
1524,0.0,train,0.061875987453588514,0.9381240125464114,0,1,1
1525,1.0,train,0.9790357549000774,0.020964245099922656,1,1,1
1526,1.0,train,0.07055959227836445,0.9294404077216355,0,1,1
1527,1.0,train,0.9988664311298913,0.0011335688701087454,1,1,1
1528,0.0,train,0.9998822553682439,0.00011774463175617999,1,1,1
1529,0.0,train,0.0023967312976707106,0.9976032687023292,0,1,1
1530,0.0,test,0.049589020174867784,0.9504109798251322,0,1,1
1531,0.0,train,2.1907819743172374e-06,0.9999978092180257,0,1,1
1532,0.0,train,0.9996485618047741,0.0003514381952258272,1,1,1
1533,1.0,dev,0.022977366564803023,0.9770226334351969,0,1,1
1534,1.0,train,0.9999974387172549,2.561282745082467e-06,1,1,1
1535,0.0,train,0.001477942628367709,0.9985220573716324,0,1,1
1536,0.0,train,0.0001273110492094991,0.9998726889507905,0,1,1
1537,1.0,train,0.9980122254328809,0.0019877745671191328,1,1,1
1538,1.0,train,0.9999635214606937,3.6478539306458546e-05,1,1,1
1539,1.0,test,0.9997305208083109,0.00026947919168908993,1,1,1
1540,0.0,train,1.4738983731492707e-05,0.9999852610162685,0,1,1
1541,1.0,dev,0.998918284988795,0.0010817150112049597,1,1,1
1542,1.0,train,0.9999753170989025,2.4682901097453776e-05,1,1,1
1543,1.0,train,0.9999785550568516,2.144494314837622e-05,1,1,1
1544,1.0,dev,0.9828232924970205,0.017176707502979584,1,1,1
1545,0.0,train,0.49218813572079556,0.5078118642792044,0,1,1
1546,1.0,dev,0.9863631675246405,0.013636832475359595,1,1,1
1547,0.0,train,0.002050743539917378,0.9979492564600826,0,1,1
1548,1.0,train,0.9997834558646143,0.00021654413538568513,1,1,1
1549,0.0,test,1.6701420852629518e-05,0.9999832985791474,0,1,1
1550,1.0,train,0.9999737252174589,2.627478254115413e-05,1,1,1
1551,1.0,dev,0.9991030605962073,0.0008969394037926388,1,1,1
1552,1.0,train,0.9958012039808773,0.0041987960191225675,1,1,1
1553,0.0,train,0.3702253925955866,0.6297746074044134,0,1,1
1554,1.0,train,0.668880247169804,0.331119752830196,1,1,1
1555,0.0,train,1.2679287298121338e-06,0.9999987320712702,0,1,1
1556,1.0,train,0.4455295350395727,0.5544704649604273,0,1,1
1557,0.0,train,0.9995557817270921,0.00044421827290786663,1,1,1
1558,1.0,train,0.9597620533481238,0.04023794665187624,1,1,1
1559,1.0,train,0.9999318512646832,6.814873531669771e-05,1,1,1
1560,1.0,train,0.9997933702397622,0.00020662976023769385,1,1,1
1561,0.0,train,0.7690802370707283,0.23091976292927183,1,1,1
1562,1.0,dev,0.9993833703662495,0.0006166296337505559,1,1,1
1563,1.0,test,0.9998822554121021,0.00011774458789805939,1,1,1
1564,1.0,train,0.658417500561683,0.341582499438317,1,1,1
1565,1.0,train,0.9996259045095033,0.0003740954904966023,1,1,1
1566,1.0,train,0.999991198898112,8.801101887965512e-06,1,1,1
1567,1.0,train,0.5583269943353745,0.44167300566462553,1,1,1
1568,1.0,train,0.9999657315153296,3.426848467039329e-05,1,1,1
1569,1.0,dev,0.21206880435710532,0.7879311956428947,0,1,1
1570,1.0,dev,0.006289901019244827,0.9937100989807552,0,1,1
1571,0.0,train,0.039638835697461364,0.9603611643025387,0,1,1
1572,0.0,train,5.649790971232496e-05,0.9999435020902877,0,1,1
1573,0.0,train,0.9811668670807123,0.018833132919287787,1,1,1
1574,0.0,train,0.925229959153748,0.07477004084625212,1,1,1
1575,1.0,train,0.9999975938985388,2.4061014613041876e-06,1,1,1
1576,0.0,train,0.006488268059769728,0.9935117319402303,0,1,1
1577,1.0,train,0.8947894548800271,0.10521054511997296,1,1,1
1578,0.0,train,0.9970650479064396,0.0029349520935604088,1,1,1
1579,1.0,train,0.9998893884489992,0.00011061155100074057,1,1,1
1580,0.0,train,0.0004173158849956255,0.9995826841150044,0,1,1
1581,0.0,train,5.225227774681618e-05,0.9999477477222531,0,1,1
1582,0.0,test,0.00014883854466390552,0.9998511614553361,0,1,1
1583,1.0,train,0.9999918603050706,8.139694929455636e-06,1,1,1
1584,1.0,train,0.9802808698763475,0.019719130123652444,1,1,1
1585,1.0,train,0.9999983719481496,1.628051850338767e-06,1,1,1
1586,0.0,train,0.7122321720225278,0.28776782797747225,1,1,1
1587,0.0,train,0.682573734412324,0.31742626558767584,1,1,1
1588,0.0,train,0.9998232549382604,0.00017674506173954855,1,1,1
1589,1.0,train,0.9999901816697244,9.818330275476576e-06,1,1,1
1590,0.0,train,0.9884918516137418,0.011508148386258174,1,1,1
1591,1.0,train,0.9999957106658993,4.289334100610646e-06,1,1,1
1592,1.0,test,0.9572778048911613,0.042722195108838804,1,1,1
1593,1.0,train,0.9999861539968804,1.3846003119522645e-05,1,1,1
1594,1.0,train,0.9908743632845277,0.009125636715472214,1,1,1
1595,0.0,train,0.02262919475990569,0.9773708052400943,0,1,1
1596,1.0,dev,0.9898303398461495,0.010169660153850535,1,1,1
1597,0.0,train,0.00045121040872133164,0.9995487895912787,0,1,1
1598,0.0,train,0.0017546145144991553,0.9982453854855009,0,1,1
1599,0.0,train,0.523420348936324,0.47657965106367595,1,1,1
1600,0.0,train,0.02064592832884534,0.9793540716711546,0,1,1
1601,1.0,train,0.99586603154147,0.004133968458530073,1,1,1
1602,0.0,train,4.029457802245852e-06,0.9999959705421977,0,1,1
1603,,,0.9958012041054858,0.004198795894514109,1,1,1
1604,1.0,dev,0.08389038182979684,0.9161096181702032,0,1,1
1605,1.0,test,0.9998390692397502,0.00016093076024984473,1,1,1
1606,0.0,train,0.04742587317756679,0.9525741268224334,0,1,1
1607,1.0,train,0.9999008472828755,9.915271712443166e-05,1,1,1
1608,0.0,train,0.05261895483336549,0.9473810451666345,0,1,1
1609,1.0,train,0.996972164795505,0.003027835204494973,1,1,1
1610,1.0,train,0.10669059962643358,0.8933094003735664,0,1,1
1611,1.0,train,0.9852713876639636,0.014728612336036387,1,1,1
1612,1.0,train,0.9752018383629827,0.024798161637017428,1,1,1
1613,0.0,train,4.565968976229779e-06,0.9999954340310238,0,1,1
1614,1.0,train,0.9962927471256138,0.0037072528743862213,1,1,1
1615,1.0,train,0.003429603516656025,0.996570396483344,0,1,1
1616,0.0,train,0.001674399253892686,0.9983256007461073,0,1,1
1617,1.0,train,0.9999852610126448,1.4738987355301289e-05,1,1,1
1618,0.0,dev,0.8577681158979307,0.14223188410206938,1,1,1
1619,1.0,train,0.9979170293718244,0.002082970628175652,1,1,1
1620,1.0,dev,0.999971142894726,2.8857105273951078e-05,1,1,1
1621,1.0,train,0.9999369723964703,6.302760352956048e-05,1,1,1
1622,1.0,train,0.9995121428190888,0.000487857180910998,1,1,1
1623,0.0,train,0.411110869232168,0.588889130767832,0,1,1
1624,0.0,test,8.614651650664293e-05,0.9999138534834934,0,1,1
1625,0.0,train,7.646535982824407e-06,0.9999923534640173,0,1,1
1626,0.0,train,0.05834584388645591,0.9416541561135441,0,1,1
1627,0.0,train,0.00021995346418359683,0.9997800465358163,0,1,1
1628,1.0,train,0.4493926197162523,0.5506073802837478,0,1,1
1629,1.0,train,0.999773066091792,0.00022693390820817015,1,1,1
1630,0.0,train,0.0006462032137360756,0.999353796786264,0,1,1
1631,1.0,train,0.9999673007402204,3.269925977959461e-05,1,1,1
1632,0.0,train,0.905989822921759,0.09401017707824097,1,1,1
1633,1.0,train,0.7931059511841119,0.2068940488158881,1,1,1
1634,1.0,train,0.9987551565219097,0.0012448434780903208,1,1,1
1635,1.0,train,0.999976812514894,2.3187485105936788e-05,1,1,1
1636,1.0,train,0.9925393558740028,0.0074606441259971994,1,1,1
1637,0.0,train,0.9999546021488852,4.539785111473133e-05,1,1,1
1638,1.0,dev,0.9999939510791662,6.048920833803478e-06,1,1,1
1639,1.0,train,0.9984512391591805,0.0015487608408194461,1,1,1
1640,1.0,train,0.9958012040431817,0.004198795956818338,1,1,1
1641,0.0,dev,0.10087863354259306,0.8991213664574069,0,1,1
1642,1.0,dev,0.9999963880161045,3.611983895526161e-06,1,1,1
1643,0.0,dev,0.015424548461065552,0.9845754515389343,0,1,1
1644,1.0,train,0.9999692818159185,3.071818408159037e-05,1,1,1
1645,1.0,train,0.9999792148320428,2.0785167957329975e-05,1,1,1
1646,1.0,train,0.9985220566899262,0.0014779433100737538,1,1,1
1647,0.0,train,0.9799765613421274,0.020023438657872684,1,1,1
1648,0.0,train,9.610242122707398e-05,0.9999038975787731,0,1,1
1649,0.0,train,2.3923499461657767e-05,0.9999760765005383,0,1,1
1650,1.0,train,0.9999913353495635,8.664650436553583e-06,1,1,1
1651,1.0,train,0.9999813682560139,1.863174398604681e-05,1,1,1
1652,0.0,train,2.4824795932647773e-06,0.9999975175204067,0,1,1
1653,1.0,train,0.9999546021370473,4.5397862952607646e-05,1,1,1
1654,1.0,train,0.9934102270687931,0.006589772931206835,1,1,1
1655,0.0,dev,0.9949396689808476,0.005060331019152438,1,1,1
1656,0.0,train,2.282799855351161e-05,0.9999771720014465,0,1,1
1657,1.0,train,0.9808759624105493,0.019124037589450634,1,1,1
1658,0.0,train,0.9997346975993882,0.0002653024006118769,1,1,1
1659,1.0,train,0.9999531611227297,4.683887727031434e-05,1,1,1
1660,0.0,train,0.0005527789003633522,0.9994472210996367,0,1,1
1661,0.0,dev,0.9664104933824753,0.033589506617524655,1,1,1
1662,0.0,train,0.004982270321394995,0.995017729678605,0,1,1
1663,1.0,train,0.9999938558242534,6.144175746649495e-06,1,1,1
1664,1.0,train,0.9999978092185315,2.190781468317876e-06,1,1,1
1665,0.0,train,0.9997800466177373,0.00021995338226258427,1,1,1
1666,0.0,train,5.955139703581819e-06,0.9999940448602964,0,1,1
1667,1.0,train,0.9971550904195641,0.0028449095804357924,1,1,1
1668,0.0,train,0.06754669489377622,0.9324533051062237,0,1,1
1669,0.0,train,2.948017140988387e-06,0.9999970519828589,0,1,1
1670,1.0,train,0.9999919865013773,8.013498622675819e-06,1,1,1
1671,1.0,train,0.999990631284965,9.368715035122033e-06,1,1,1
1672,1.0,train,0.22000709974589314,0.7799929002541067,0,1,1
1673,0.0,train,0.006903836845242344,0.9930961631547577,0,1,1
1674,0.0,train,5.64979198143686e-05,0.9999435020801856,0,1,1
1675,1.0,dev,0.6334102636778401,0.3665897363221599,1,1,1
1676,1.0,train,0.9997800467078505,0.00021995329214950565,1,1,1
1677,0.0,train,4.198631324178326e-05,0.9999580136867581,0,1,1
1678,1.0,train,0.9999778743391465,2.2125660853432472e-05,1,1,1
1679,0.0,train,3.822911916112727e-05,0.9999617708808389,0,1,1
1680,1.0,train,0.9995121428336213,0.00048785716637881444,1,1,1
1681,1.0,train,0.9207896834987981,0.07921031650120199,1,1,1
1682,1.0,train,0.9881308800022472,0.011869119997752704,1,1,1
1683,1.0,train,0.34864513533394575,0.6513548646660542,0,1,1
1684,1.0,test,0.9999877809186083,1.2219081391739986e-05,1,1,1
1685,0.0,train,0.99946421950155,0.0005357804984500227,1,1,1
1686,0.0,train,0.0005614786290722663,0.9994385213709278,0,1,1
1687,1.0,train,0.9999928167382086,7.183261791354038e-06,1,1,1
1688,0.0,train,7.57115054124239e-07,0.9999992428849459,0,1,1
1689,1.0,train,0.9996140338605516,0.00038596613944832296,1,1,1
1690,1.0,train,0.9996800018750966,0.00031999812490349173,1,1,1
1691,1.0,train,0.9999798543049444,2.0145695055570785e-05,1,1,1
1692,1.0,train,0.9995121429898421,0.0004878570101578672,1,1,1
1693,1.0,train,0.41489884579676883,0.5851011542032312,0,1,1
1694,0.0,train,0.9973683258686682,0.002631674131331772,1,1,1
1695,1.0,train,0.9962345859637861,0.00376541403621382,1,1,1
1696,1.0,train,0.9998464375943429,0.00015356240565727472,1,1,1
1697,0.0,train,0.045352585715559196,0.9546474142844409,0,1,1
1698,1.0,train,5.562205279102459e-05,0.999944377947209,0,1,1
1699,0.0,dev,0.004133968090452445,0.9958660319095476,0,1,1
1700,0.0,test,0.00042388459046503805,0.999576115409535,0,1,1
1701,1.0,train,0.18476750166984326,0.8152324983301567,0,1,1
1702,0.0,train,0.7981867825403176,0.2018132174596823,1,1,1
1703,1.0,dev,0.9999753170902594,2.4682909740633315e-05,1,1,1
1704,1.0,train,0.999950913401215,4.9086598785071945e-05,1,1,1
1705,0.0,train,0.32423539898095244,0.6757646010190476,0,1,1
1706,1.0,train,0.9934102283369194,0.006589771663080563,1,1,1
1707,0.0,train,0.012053781645639852,0.9879462183543603,0,1,1
1708,1.0,train,0.9995487892686934,0.00045121073130666096,1,1,1
1709,0.0,train,3.64785224563267e-05,0.9999635214775436,0,1,1
1710,1.0,dev,0.9755769099458929,0.024423090054107213,1,1,1
1711,0.0,test,0.030214592306940558,0.9697854076930593,0,1,1
1712,1.0,train,0.9999988984049355,1.1015950645295335e-06,1,1,1
1713,1.0,train,0.9999435020414612,5.649795853888597e-05,1,1,1
1714,0.0,train,0.004264635198403303,0.9957353648015967,0,1,1
1715,0.0,train,0.054198723712371395,0.9458012762876287,0,1,1
1716,1.0,train,0.9914225144595697,0.008577485540430151,1,1,1
1717,0.0,train,0.06954175221934784,0.9304582477806521,0,1,1
1718,1.0,train,0.9999977040819502,2.295918049758502e-06,1,1,1
1719,1.0,train,0.006903839501531609,0.9930961604984685,0,1,1
1720,0.0,train,0.9956684974653174,0.004331502534682705,1,1,1
1721,0.0,test,0.6893056295505783,0.3106943704494217,1,1,1
1722,0.0,train,0.99999871210524,1.2878947598670447e-06,1,1,1
1723,0.0,train,7.368593420310838e-05,0.9999263140657969,0,1,1
1724,1.0,train,0.008445628937714575,0.9915543710622854,0,1,1
1725,0.0,train,0.5736783928749127,0.4263216071250873,1,1,1
1726,1.0,dev,0.689305616785446,0.31069438321455395,1,1,1
1727,1.0,train,0.9999251537724895,7.484622751061124e-05,1,1,1
1728,0.0,train,0.0007437029080715481,0.9992562970919284,0,1,1
1729,1.0,train,0.0014103581608366353,0.9985896418391634,0,1,1
1730,1.0,dev,0.9999869928737624,1.3007126237560059e-05,1,1,1
1731,1.0,train,0.9999893838637061,1.0616136293932478e-05,1,1,1
1732,1.0,test,0.9999830355699505,1.6964430049538815e-05,1,1,1
1733,0.0,train,0.06853748922682354,0.9314625107731764,0,1,1
1734,1.0,test,0.9982178037836714,0.0017821962163285343,1,1,1
1735,1.0,train,0.9591542887603537,0.040845711239646296,1,1,1
1736,0.0,dev,0.9929882034772387,0.007011796522761207,1,1,1
1737,1.0,train,0.7718435083355187,0.22815649166448124,1,1,1
1738,1.0,train,0.9999850289188729,1.497108112717094e-05,1,1,1
1739,0.0,train,0.9984988180782995,0.0015011819217003541,1,1,1
1740,1.0,train,0.9999329077655006,6.709223449931412e-05,1,1,1
1741,1.0,train,0.9999651918819288,3.4808118071139545e-05,1,1,1
1742,1.0,train,0.9621075733703927,0.037892426629607394,1,1,1
1743,1.0,train,0.9999932519477563,6.7480522436439554e-06,1,1,1
1744,0.0,test,0.5851011542032312,0.41489884579676883,1,1,1
1745,0.0,dev,0.8031737963569016,0.1968262036430985,1,1,1
1746,0.0,train,0.024423090054107213,0.9755769099458929,0,1,1
1747,0.0,dev,0.9324533088603709,0.0675466911396291,1,1,1
1748,1.0,dev,0.9999764473712793,2.3552628720680042e-05,1,1,1
1749,1.0,test,0.999975699763783,2.430023621711746e-05,1,1,1
1750,0.0,dev,0.44167300566462553,0.5583269943353745,0,1,1
1751,1.0,train,0.9975656183533627,0.00243438164663724,1,1,1
1752,0.0,train,0.19682621306573764,0.8031737869342623,0,1,1
1753,0.0,test,8.22019094811457e-05,0.9999177980905188,0,1,1
1754,1.0,dev,0.0010987308439633467,0.9989012691560366,0,1,1
1755,0.0,train,0.9711290918003437,0.028870908199656386,1,1,1
1756,1.0,train,0.9987744327704969,0.001225567229503116,1,1,1
1757,0.0,train,0.07055959618729296,0.9294404038127071,0,1,1
1758,0.0,train,0.997488536784828,0.0025114632151719963,1,1,1
1759,1.0,train,0.9999678076784546,3.2192321545471895e-05,1,1,1
1760,1.0,train,0.9999807768240346,1.922317596538007e-05,1,1,1
1761,1.0,train,0.9986749776715189,0.001325022328481215,1,1,1
1762,1.0,train,0.9999398585055222,6.0141494477761463e-05,1,1,1
1763,0.0,train,0.8459424411924674,0.1540575588075327,1,1,1
1764,0.0,train,5.1739173824799436e-06,0.9999948260826176,0,1,1
1765,1.0,train,0.9987744327704969,0.001225567229503116,1,1,1
1766,1.0,train,0.9674102557037734,0.03258974429622671,1,1,1
1767,1.0,test,0.9999646437590046,3.535624099538022e-05,1,1,1
1768,1.0,train,0.9954615680732418,0.004538431926758321,1,1,1
1769,0.0,train,0.912436153333645,0.08756384666635493,1,1,1
1770,0.0,train,0.010328152519305191,0.9896718474806949,0,1,1
1771,0.0,dev,0.05665242849342066,0.9433475715065794,0,1,1
1772,0.0,test,0.6477982179521103,0.35220178204788966,1,1,1
1773,1.0,train,0.9999657315255421,3.426847445794051e-05,1,1,1
1774,0.0,train,4.400116359878142e-05,0.9999559988364012,0,1,1
1775,0.0,dev,0.0003406292059563863,0.9996593707940435,0,1,1
1776,0.0,train,0.9449947101574299,0.055005289842570144,1,1,1
1777,1.0,train,0.6893056040203136,0.3106943959796865,1,1,1
1778,0.0,train,7.722190453339247e-05,0.9999227780954667,0,1,1
1779,1.0,train,0.9998977001772831,0.00010229982271697555,1,1,1
1780,0.0,train,0.41489884579676883,0.5851011542032312,0,1,1
1781,0.0,train,0.0005527788674333762,0.9994472211325666,0,1,1
1782,1.0,train,0.9999190724315694,8.092756843045768e-05,1,1,1
1783,1.0,dev,0.9999417087599614,5.829124003871533e-05,1,1,1
1784,0.0,dev,4.2228316827643185e-06,0.9999957771683172,0,1,1
1785,1.0,train,0.9999760764844968,2.3923515503235847e-05,1,1,1
1786,0.0,dev,6.643431858252602e-06,0.9999933565681417,0,1,1
1787,1.0,train,0.877476784277755,0.12252321572224491,1,1,1
1788,0.0,test,0.99907461515468,0.0009253848453199528,1,1,1
1789,0.0,test,0.02931222820745785,0.9706877717925421,0,1,1
1790,0.0,test,0.02517884608956658,0.9748211539104336,0,1,1
1791,1.0,train,0.9999966594600245,3.34053997568362e-06,1,1,1
1792,0.0,train,0.9241418116217418,0.07585818837825822,1,1,1
1793,1.0,train,0.9990302480105628,0.0009697519894372119,1,1,1
1794,0.0,train,0.00011412239904635702,0.9998858776009537,0,1,1
1795,1.0,train,0.999934971824391,6.502817560910243e-05,1,1,1
1796,1.0,test,0.9999407908101228,5.920918987716858e-05,1,1,1
1797,1.0,train,0.9993013243387163,0.0006986756612837763,1,1,1
1798,0.0,dev,0.939024825960626,0.06097517403937405,1,1,1
1799,1.0,train,0.9996200154258175,0.00037998457418248816,1,1,1
1800,0.0,train,0.09670578808943049,0.9032942119105696,0,1,1
1801,1.0,train,0.002934951134232163,0.9970650488657679,0,1,1
1802,0.0,train,0.15817434481176187,0.8418256551882382,0,1,1
1803,0.0,test,0.006692852509305267,0.9933071474906947,0,1,1
1804,1.0,dev,0.9553191297273498,0.0446808702726502,1,1,1
1805,0.0,train,0.7217432062975979,0.2782567937024021,1,1,1
1806,1.0,train,0.9996946511383923,0.0003053488616075708,1,1,1
1807,1.0,dev,0.999402330682301,0.0005976693176989988,1,1,1
1808,0.0,train,0.004198794274604474,0.9958012057253955,0,1,1
1809,1.0,train,0.6757646010190476,0.32423539898095244,1,1,1
1810,0.0,train,0.008445626691552497,0.9915543733084475,0,1,1
1811,1.0,train,0.999183261895333,0.0008167381046669486,1,1,1
1812,0.0,dev,0.040845715909949315,0.9591542840900507,0,1,1
1813,0.0,train,0.999996711251106,3.288748893939437e-06,1,1,1
1814,0.0,dev,0.600188359260205,0.3998116407397951,1,1,1
1815,0.0,train,0.0012843079672291496,0.9987156920327709,0,1,1
1816,1.0,train,0.9939964040255815,0.006003595974418419,1,1,1
1817,1.0,train,0.9995891514072889,0.0004108485927110892,1,1,1
1818,1.0,train,0.9997305207601372,0.0002694792398627434,1,1,1
1819,0.0,train,0.9997901169884045,0.00020988301159543472,1,1,1
1820,0.0,dev,1.406404601869032e-05,0.9999859359539813,0,1,1
1821,1.0,train,0.9989350375498759,0.001064962450124043,1,1,1
1822,1.0,train,0.9998804013978935,0.00011959860210648539,1,1,1
1823,1.0,dev,0.9999977396746581,2.2603253420266138e-06,1,1,1
1824,1.0,train,0.9977127723601257,0.0022872276398742683,1,1,1
1825,0.0,dev,0.0007321811744419655,0.9992678188255582,0,1,1
1826,0.0,train,0.08756384666635493,0.912436153333645,0,1,1
1827,0.0,train,3.02419621389646e-05,0.999969758037861,0,1,1
1828,0.0,train,0.9407897459384732,0.05921025406152681,1,1,1
1829,1.0,test,0.9161096181702032,0.08389038182979684,1,1,1
1830,0.0,train,0.42250463481418826,0.5774953651858118,0,1,1
1831,1.0,train,0.9999822214509183,1.7778549081573162e-05,1,1,1
1832,0.0,train,0.10970578261038685,0.8902942173896132,0,1,1
1833,1.0,train,0.9994966645407432,0.0005033354592569294,1,1,1
1834,1.0,train,0.9999907765323638,9.223467636212957e-06,1,1,1
1835,1.0,train,0.9998822554077161,0.00011774459228387069,1,1,1
1836,0.0,train,0.9465966732132748,0.05340332678672523,1,1,1
1837,0.0,train,0.005641909503183445,0.9943580904968167,0,1,1
1838,1.0,test,0.9845754447499795,0.01542455525002046,1,1,1
1839,1.0,train,0.9828232924970205,0.017176707502979584,1,1,1
1840,1.0,dev,0.9999990577558063,9.422441937522488e-07,1,1,1
1841,0.0,train,0.003945405869655129,0.9960545941303449,0,1,1
1842,1.0,test,0.9999863686510548,1.3631348945195623e-05,1,1,1
1843,1.0,train,0.01798621364681958,0.9820137863531804,0,1,1
1844,1.0,dev,0.9999865799873952,1.3420012604913487e-05,1,1,1
1845,1.0,train,0.9995626654987727,0.0004373345012274001,1,1,1
1846,0.0,train,3.5559840176235787e-06,0.9999964440159824,0,1,1
1847,0.0,train,0.09401017961657226,0.9059898203834277,0,1,1
1848,1.0,train,0.9693241969600768,0.030675803039923132,1,1,1
1849,1.0,test,0.9999967622394246,3.2377605754637933e-06,1,1,1
1850,0.0,train,0.0002453695828936489,0.9997546304171063,0,1,1
1851,1.0,dev,0.999996033014691,3.966985309044042e-06,1,1,1
1852,1.0,train,0.6370307806984444,0.36296921930155557,1,1,1
1853,0.0,train,1.6701422843560897e-05,0.9999832985771564,0,1,1
1854,1.0,train,0.9999983463103648,1.6536896353049741e-06,1,1,1
1855,0.0,train,0.3007455789412415,0.6992544210587585,0,1,1
1856,1.0,train,0.24508500210441886,0.754914997895581,0,1,1
1857,1.0,dev,0.8918110368115783,0.10818896318842186,1,1,1
1858,0.0,test,2.443992117224557e-06,0.9999975560078828,0,1,1
1859,0.0,train,6.814873836297602e-05,0.999931851261637,0,1,1
1860,1.0,train,0.9999906312823125,9.368717687587483e-06,1,1,1
1861,0.0,test,0.9999617708705855,3.8229129414585455e-05,1,1,1
1862,0.0,train,0.9925393560946885,0.007460643905311515,1,1,1
1863,0.0,train,0.0009547317110805592,0.9990452682889194,0,1,1
1864,0.0,test,0.3276683008207139,0.672331699179286,0,1,1
1865,1.0,train,0.9783846678676152,0.021615332132384868,1,1,1
1866,1.0,train,0.8947894520743981,0.10521054792560196,1,1,1
1867,1.0,train,0.037326887344129464,0.9626731126558706,0,1,1
1868,1.0,train,0.9999873930559204,1.2606944079610148e-05,1,1,1
1869,1.0,train,0.9999850289223307,1.4971077669382462e-05,1,1,1
1870,0.0,test,0.0003459917268716654,0.9996540082731283,0,1,1
1871,0.0,train,0.0005527787686434603,0.9994472212313565,0,1,1
1872,0.0,train,0.9989182845057536,0.001081715494246281,1,1,1
1873,1.0,train,0.9999771720111408,2.2827988859069922e-05,1,1,1
1874,1.0,train,0.25091278688527247,0.7490872131147275,0,1,1
1875,1.0,test,0.9962345867743037,0.0037654132256962746,1,1,1
1876,0.0,train,9.666108539921934e-06,0.9999903338914602,0,1,1
1877,0.0,train,0.9996374098878078,0.00036259011219218586,1,1,1
1878,1.0,test,0.49218813572079556,0.5078118642792044,0,1,1
1879,0.0,train,6.14417533465295e-06,0.9999938558246653,0,1,1
1880,1.0,train,0.9802808733328717,0.019719126667128245,1,1,1
1881,1.0,train,0.9683812359251672,0.03161876407483289,1,1,1
1882,0.0,train,0.9998204720266413,0.00017952797335881986,1,1,1
1883,1.0,dev,0.9996317020246095,0.0003682979753904725,1,1,1
1884,0.0,train,0.5078118642792044,0.49218813572079556,1,1,1
1885,1.0,dev,0.30404167496654744,0.6959583250334526,0,1,1
1886,0.0,train,0.01428193644244684,0.9857180635575532,0,1,1
1887,0.0,train,0.3960681662740417,0.6039318337259583,0,1,1
1888,1.0,train,0.8723473846343393,0.12765261536566067,1,1,1
1889,1.0,train,0.18713270029583404,0.8128672997041658,0,1,1
1890,0.0,test,0.20946968133032526,0.7905303186696747,0,1,1
1891,0.0,train,1.4971078784798012e-05,0.9999850289212152,0,1,1
1892,1.0,train,0.011158030590434442,0.9888419694095656,0,1,1
1893,0.0,train,0.9985896412305595,0.0014103587694404593,1,1,1
1894,0.0,train,2.0580488642753304e-06,0.9999979419511357,0,1,1
1895,1.0,train,0.971563964485063,0.02843603551493705,1,1,1
1896,1.0,train,0.9999924720102747,7.527989725143063e-06,1,1,1
1897,1.0,train,0.9999749283981199,2.5071601880094115e-05,1,1,1
1898,0.0,train,0.9770226304244968,0.022977369575503337,1,1,1
1899,0.0,train,0.0222861894354941,0.9777138105645059,0,1,1
1900,0.0,train,0.0012644221704496289,0.9987355778295504,0,1,1
1901,0.0,train,0.9904406017815841,0.00955939821841599,1,1,1
1902,1.0,train,0.9999852610112171,1.4738988782862486e-05,1,1,1
1903,1.0,train,0.7217432182679956,0.2782567817320044,1,1,1
1904,0.0,train,0.18713270029583404,0.8128672997041658,0,1,1
1905,1.0,train,0.999959936325083,4.006367491703406e-05,1,1,1
1906,1.0,train,0.9998511614741852,0.00014883852581484188,1,1,1
1907,0.0,train,0.8128673269042768,0.18713267309572335,1,1,1
1908,1.0,train,0.9998858775907515,0.00011412240924853064,1,1,1
1909,1.0,train,0.9999349718311735,6.502816882657658e-05,1,1,1
1910,1.0,dev,0.9942697548009273,0.005730245199072662,1,1,1
1911,1.0,train,0.9999203269675836,7.967303241642436e-05,1,1,1
1912,0.0,train,0.9207896693699845,0.07921033063001552,1,1,1
1913,1.0,train,0.9653811596668169,0.03461884033318304,1,1,1
1914,1.0,dev,0.9802808675719978,0.01971913242800224,1,1,1
1915,1.0,dev,0.9999263140367018,7.368596329812861e-05,1,1,1
1916,1.0,test,0.999996553419626,3.4465803738964014e-06,1,1,1
1917,0.0,train,0.9953904277522545,0.004609572247745565,1,1,1
1918,1.0,dev,1.6442490639723256e-05,0.9999835575093603,0,1,1
1919,0.0,test,0.0007096705681791412,0.999290329431821,0,1,1
1920,0.0,test,0.0005357803787579255,0.9994642196212422,0,1,1
1921,1.0,test,0.9994115911989688,0.0005884088010313081,1,1,1
1922,1.0,train,0.9999274563882552,7.254361174475506e-05,1,1,1
1923,1.0,train,0.9998944531066621,0.00010554689333792362,1,1,1
1924,1.0,train,0.9999764473868968,2.355261310326555e-05,1,1,1
1925,0.0,train,0.7520125737597972,0.24798742624020276,1,1,1
1926,0.0,train,0.2782567937024021,0.7217432062975979,0,1,1
1927,1.0,train,0.18242552380635632,0.8175744761936437,0,1,1
1928,0.0,train,0.02758528382564496,0.9724147161743549,0,1,1
1929,0.0,train,0.01883313209323689,0.981166867906763,0,1,1
1930,0.0,train,0.0009399440485799528,0.9990600559514199,0,1,1
1931,0.0,train,0.9999901816732357,9.81832676420315e-06,1,1,1
1932,1.0,train,0.999438521237136,0.0005614787628640558,1,1,1
1933,1.0,train,0.997199072741538,0.002800927258462121,1,1,1
1934,0.0,train,0.1480471829959148,0.8519528170040853,0,1,1
1935,0.0,train,0.28457599208146817,0.7154240079185319,0,1,1
1936,1.0,train,0.017442481160889294,0.9825575188391107,0,1,1
1937,1.0,train,0.9997262782371079,0.00027372176289221803,1,1,1
1938,0.0,test,0.665410558746814,0.33458944125318596,1,1,1
1939,0.0,train,0.05749327880038583,0.9425067211996143,0,1,1
1940,0.0,train,0.09268776861426219,0.9073122313857378,0,1,1
1941,1.0,train,0.9999771720050182,2.2827994981874723e-05,1,1,1
1942,0.0,train,0.0005357806500600507,0.9994642193499399,0,1,1
1943,0.0,train,0.13296424019782924,0.8670357598021706,0,1,1
1944,1.0,train,0.9998390692205689,0.0001609307794312001,1,1,1
1945,1.0,train,0.9998623453293942,0.00013765467060577351,1,1,1
1946,0.0,test,0.0002531563118090308,0.999746843688191,0,1,1
1947,1.0,train,0.9999950630132576,4.936986742463528e-06,1,1,1
1948,1.0,test,0.9999573525511963,4.264744880375782e-05,1,1,1
1949,1.0,train,0.9972850143696084,0.0027149856303915706,1,1,1
1950,1.0,train,0.9995955184569718,0.000404481543028129,1,1,1
1951,0.0,train,0.9998644792668736,0.00013552073312634948,1,1,1
1952,0.0,train,0.3311197264277872,0.6688802735722128,0,1,1
1953,0.0,train,0.0009547316542284468,0.9990452683457716,0,1,1
1954,0.0,train,0.5389832206876841,0.4610167793123159,1,1,1
1955,0.0,test,0.002217013088873041,0.9977829869111269,0,1,1
1956,0.0,train,2.156817635451355e-06,0.9999978431823646,0,1,1
1957,1.0,test,0.9961755162985915,0.003824483701408504,1,1,1
1958,1.0,train,0.9999959705415071,4.029458492744532e-06,1,1,1
1959,1.0,train,0.9915543749306753,0.0084456250693247,1,1,1
1960,1.0,train,0.9967269346404256,0.00327306535957432,1,1,1
1961,1.0,train,0.9999877809254362,1.2219074563881522e-05,1,1,1
1962,0.0,train,3.7853258811733705e-06,0.9999962146741188,0,1,1
1963,0.0,train,0.07585818837825822,0.9241418116217418,0,1,1
1964,0.0,train,0.0015731125398181988,0.9984268874601819,0,1,1
1965,0.0,test,0.03410042767554472,0.9658995723244552,0,1,1
1966,0.0,train,0.7662936430859597,0.23370635691404026,1,1,1
1967,0.0,train,0.6477982179521103,0.35220178204788966,1,1,1
1968,1.0,train,0.523420348936324,0.47657965106367595,1,1,1
1969,1.0,test,0.9993013244167447,0.0006986755832552454,1,1,1
1970,1.0,train,0.9996540082757053,0.00034599172429471814,1,1,1
1971,1.0,train,0.9997965729764846,0.00020342702351543475,1,1,1
1972,1.0,dev,0.47657965106367595,0.523420348936324,0,1,1
1973,1.0,train,0.9999737252352728,2.6274764727251205e-05,1,1,1
1974,1.0,train,0.9334308110294983,0.06656918897050168,1,1,1
1975,0.0,train,1.6797320648090078e-06,0.9999983202679352,0,1,1
1976,1.0,train,0.9999947446028833,5.255397116674393e-06,1,1,1
1977,1.0,train,0.665410558746814,0.33458944125318596,1,1,1
1978,0.0,train,0.9998623454227116,0.00013765457728839563,1,1,1
1979,0.0,train,0.9999263140872064,7.36859127935725e-05,1,1,1
1980,1.0,train,0.9999435020747137,5.649792528630967e-05,1,1,1
1981,1.0,test,0.9999640869721965,3.591302780354644e-05,1,1,1
1982,1.0,train,0.23370635691404026,0.7662936430859597,0,1,1
1983,0.0,train,0.9996646499719398,0.0003353500280601671,1,1,1
1984,1.0,train,0.9999215621102395,7.843788976047845e-05,1,1,1
1985,0.0,train,0.9984988177879345,0.0015011822120654355,1,1,1
1986,0.0,test,0.0007916297487261017,0.999208370251274,0,1,1
1987,1.0,dev,0.976310528011349,0.0236894719886509,1,1,1
1988,1.0,train,0.999589151514382,0.000410848485618001,1,1,1
1989,1.0,train,0.9959298614988658,0.004070138501134231,1,1,1
1990,0.0,train,0.04023794147268459,0.9597620585273153,0,1,1
1991,1.0,train,0.9946150619584123,0.005384938041587692,1,1,1
1992,0.0,train,0.8376199673867852,0.16238003261321476,1,1,1
1993,1.0,train,0.999780046647229,0.0002199533527710272,1,1,1
1994,0.0,train,0.06754668738548215,0.9324533126145177,0,1,1
1995,0.0,train,0.3311197396289915,0.6688802603710086,0,1,1
1996,1.0,train,0.9999274564017666,7.25435982334359e-05,1,1,1
1997,1.0,train,0.9883127399388852,0.011687260061114644,1,1,1
1998,1.0,train,0.9936116782390111,0.006388321760988803,1,1,1
1999,1.0,train,0.9999944056612445,5.59433875545587e-06,1,1,1
2000,0.0,train,0.00048029708881535776,0.9995197029111846,0,1,1
2001,1.0,train,0.9998726889451001,0.00012731105490002207,1,1,1
2002,0.0,train,0.10818895456207035,0.8918110454379297,0,1,1
2003,1.0,train,0.7185944046238981,0.2814055953761018,1,1,1
2004,0.0,train,0.011158028617485896,0.9888419713825142,0,1,1
